image,address,size,callers,callees,confidence,proposed_name,notes,bios_call,gte,ps1_agrees_entry
SLUS_009.73,0x80010000,360,"[""0x80010168""]","[""0x80010250"", ""0x80010328"", ""0x800104C4"", ""0x80012510"", ""0x80013978"", ""0x80013998"", ""0x800139A8"", ""0x80013D2C""]",HYPOTHESIS,FUN_80010000,"PSXRecomp medium: prologue-shaped, no proven call path; reachable=True; boundaries are static estimates",,False,True
SLUS_009.73,0x80010168,232,[],"[""0x80010000"", ""0x800102C0"", ""0x800139B8""]",CONFIRMED,FUN_80010168,"PSXRecomp high: jr $ra exit, reachable from entry; reachable=True; boundaries are static estimates",,False,True
SLUS_009.73,0x80010250,112,"[""0x80010000""]",[],LIKELY,FUN_80010250,"PSXRecomp high: jr $ra exit, reachable from entry; reachable=True; boundaries are static estimates",,False,True
SLUS_009.73,0x800102C0,104,"[""0x80010168""]",[],LIKELY,FUN_800102C0,"PSXRecomp high: jr $ra exit, reachable from entry; reachable=True; boundaries are static estimates",,False,True
SLUS_009.73,0x80010328,144,"[""0x80010000""]","[""0x800103B8"", ""0x80010478""]",LIKELY,FUN_80010328,"PSXRecomp verified: prologue + epilogue + jr $ra, called from reachable code; reachable=True; boundaries are static estimates",,False,True
SLUS_009.73,0x800103B8,60,"[""0x80010328""]","[""0x80011C24"", ""0x80011D60""]",LIKELY,FUN_800103B8,"PSXRecomp verified: prologue + epilogue + jr $ra, called from reachable code; reachable=True; boundaries are static estimates",,False,True
SLUS_009.73,0x800103F4,40,[],"[""0x80013988""]",LIKELY,FUN_800103F4,"PSXRecomp verified: prologue + epilogue + jr $ra, called from reachable code; reachable=True; boundaries are static estimates",,False,True
SLUS_009.73,0x8001041C,40,[],"[""0x80013988""]",LIKELY,FUN_8001041C,"PSXRecomp verified: prologue + epilogue + jr $ra, called from reachable code; reachable=True; boundaries are static estimates",,False,True
SLUS_009.73,0x80010444,40,[],"[""0x80013988""]",LIKELY,FUN_80010444,"PSXRecomp verified: prologue + epilogue + jr $ra, called from reachable code; reachable=True; boundaries are static estimates",,False,True
SLUS_009.73,0x80010478,16,"[""0x80010328"", ""0x80010C18"", ""0x80011174"", ""0x800113F4"", ""0x800116BC"", ""0x80011D60"", ""0x80011F40"", ""0x80012608"", ""0x80012900"", ""0x80012C68"", ""0x80013EA4"", ""0x800144C4""]",[],LIKELY,FUN_80010478,PSXRecomp verified: PSY-Q kernel dispatch thunk to A0(3Fh); reachable=True; boundaries are static estimates,A0:3F printf,False,True
SLUS_009.73,0x80010488,16,"[""0x80013320"", ""0x800136A8""]",[],LIKELY,FUN_80010488,"PSXRecomp high: jr $ra exit, reachable from entry; reachable=True; boundaries are static estimates",,False,True
SLUS_009.73,0x80010498,16,"[""0x80013320""]",[],LIKELY,FUN_80010498,"PSXRecomp high: jr $ra exit, reachable from entry; reachable=True; boundaries are static estimates",,False,True
SLUS_009.73,0x800104A8,16,[],[],HYPOTHESIS,FUN_800104A8,"PSXRecomp low: no prologue, no jr $ra exit, unreachable from entry; reachable=False; boundaries are static estimates",,False,True
SLUS_009.73,0x800104B8,12,"[""0x80013320""]",[],LIKELY,FUN_800104B8,"PSXRecomp high: jr $ra exit, reachable from entry; reachable=True; boundaries are static estimates",,False,True
SLUS_009.73,0x800104C4,108,"[""0x80010000""]","[""0x80011C24"", ""0x80011D14"", ""0x80011D60""]",LIKELY,libcd_CdReset,"PSXRecomp verified: prologue + epilogue + jr $ra, called from reachable code; reachable=True; boundaries are static estimates",,False,True
SLUS_009.73,0x80010530,32,"[""0x80013320""]","[""0x80011B50""]",LIKELY,FUN_80010530,"PSXRecomp verified: prologue + epilogue + jr $ra, called from reachable code; reachable=True; boundaries are static estimates",,False,True
SLUS_009.73,0x80010550,20,[],[],HYPOTHESIS,FUN_80010550,"PSXRecomp low: no prologue, no jr $ra exit, unreachable from entry; reachable=False; boundaries are static estimates",,False,True
SLUS_009.73,0x80010564,52,[],[],HYPOTHESIS,FUN_80010564,"PSXRecomp low: no prologue, no jr $ra exit, unreachable from entry; reachable=False; boundaries are static estimates",,False,True
SLUS_009.73,0x80010598,52,[],[],HYPOTHESIS,FUN_80010598,"PSXRecomp low: no prologue, no jr $ra exit, unreachable from entry; reachable=False; boundaries are static estimates",,False,True
SLUS_009.73,0x800105CC,32,[],"[""0x80011174""]",HYPOTHESIS,FUN_800105CC,"PSXRecomp medium: prologue-shaped, no proven call path; reachable=False; boundaries are static estimates",,False,True
SLUS_009.73,0x800105EC,32,"[""0x80013844""]","[""0x800113F4""]",LIKELY,FUN_800105EC,"PSXRecomp verified: prologue + epilogue + jr $ra, called from reachable code; reachable=True; boundaries are static estimates",,False,True
SLUS_009.73,0x8001060C,20,"[""0x80012FA8"", ""0x80012FDC"", ""0x80013250"", ""0x80013320"", ""0x80013508"", ""0x800136A8""]",[],LIKELY,FUN_8001060C,"PSXRecomp high: jr $ra exit, reachable from entry; reachable=True; boundaries are static estimates",,False,True
SLUS_009.73,0x80010620,20,"[""0x80012FDC"", ""0x80013250"", ""0x80013320"", ""0x80013508"", ""0x800136A8""]",[],LIKELY,FUN_80010620,"PSXRecomp high: jr $ra exit, reachable from entry; reachable=True; boundaries are static estimates",,False,True
SLUS_009.73,0x80010634,316,"[""0x80012398"", ""0x80012F04"", ""0x80013320""]","[""0x800116BC""]",LIKELY,libcd_CdControl,"PSXRecomp verified: prologue + epilogue + jr $ra, called from reachable code; reachable=True; boundaries are static estimates",,False,False
SLUS_009.73,0x80010770,308,"[""0x80012FDC"", ""0x80013250"", ""0x80013320"", ""0x80013508""]","[""0x800116BC""]",LIKELY,libcd_CdControlF,"PSXRecomp verified: prologue + epilogue + jr $ra, called from reachable code; reachable=True; boundaries are static estimates",,False,False
SLUS_009.73,0x800108A4,332,"[""0x800136A8""]","[""0x80011174"", ""0x800116BC""]",LIKELY,libcd_CdControlB,"PSXRecomp verified: prologue + epilogue + jr $ra, called from reachable code; reachable=True; boundaries are static estimates",,False,True
SLUS_009.73,0x800109F0,32,[],"[""0x80011AC8""]",HYPOTHESIS,libcd_CdMix,"PSXRecomp medium: prologue-shaped, no proven call path; reachable=False; boundaries are static estimates",,False,False
SLUS_009.73,0x80010A10,32,"[""0x80012FDC""]","[""0x800120A8""]",LIKELY,FUN_80010A10,"PSXRecomp verified: prologue + epilogue + jr $ra, called from reachable code; reachable=True; boundaries are static estimates",,False,True
SLUS_009.73,0x80010A30,32,"[""0x80012FDC""]","[""0x800121A8""]",LIKELY,FUN_80010A30,"PSXRecomp verified: prologue + epilogue + jr $ra, called from reachable code; reachable=True; boundaries are static estimates",,False,True
SLUS_009.73,0x80010A50,36,"[""0x80012FDC"", ""0x80013250"", ""0x80013320"", ""0x80013508"", ""0x800136A8""]","[""0x80013C98""]",LIKELY,FUN_80010A50,"PSXRecomp verified: prologue + epilogue + jr $ra, called from reachable code; reachable=True; boundaries are static estimates",,False,True
SLUS_009.73,0x80010A74,32,"[""0x80012FDC"", ""0x80013508""]","[""0x80011F40""]",LIKELY,FUN_80010A74,"PSXRecomp verified: prologue + epilogue + jr $ra, called from reachable code; reachable=True; boundaries are static estimates",,False,True
SLUS_009.73,0x80010A94,260,"[""0x80012398"", ""0x80012C68"", ""0x80012F04""]",[],LIKELY,libcd_CdIntToPos,"PSXRecomp high: jr $ra exit, reachable from entry; reachable=True; boundaries are static estimates",,False,True
SLUS_009.73,0x80010B98,128,"[""0x80012398"", ""0x80012FDC"", ""0x80013320""]",[],LIKELY,libcd_CdPosToInt,"PSXRecomp high: jr $ra exit, reachable from entry; reachable=True; boundaries are static estimates",,False,True
SLUS_009.73,0x80010C18,1372,"[""0x80011174"", ""0x800113F4"", ""0x800116BC"", ""0x800122A0""]","[""0x80010478"", ""0x80012380""]",LIKELY,FUN_80010C18,"PSXRecomp verified: prologue + epilogue + jr $ra, called from reachable code; reachable=True; boundaries are static estimates",,False,True
SLUS_009.73,0x80011174,640,"[""0x800105CC"", ""0x800108A4"", ""0x800116BC"", ""0x80011D60""]","[""0x80010478"", ""0x80010C18"", ""0x80011B50"", ""0x80012380"", ""0x80013A08"", ""0x80013D8C""]",LIKELY,libcd_CD_sync,"PSXRecomp verified: prologue + epilogue + jr $ra, called from reachable code; reachable=True; boundaries are static estimates",,False,True
SLUS_009.73,0x800113F4,712,"[""0x800105EC""]","[""0x80010478"", ""0x80010C18"", ""0x80011B50"", ""0x80012380"", ""0x80013A08"", ""0x80013D8C""]",LIKELY,libcd_CD_ready,"PSXRecomp verified: prologue + epilogue + jr $ra, called from reachable code; reachable=True; boundaries are static estimates",,False,True
SLUS_009.73,0x800116BC,1036,"[""0x80010634"", ""0x80010770"", ""0x800108A4"", ""0x80011D60""]","[""0x80010478"", ""0x80010C18"", ""0x80011174"", ""0x80011B50"", ""0x80012380"", ""0x80013A08"", ""0x80013D8C""]",LIKELY,libcd_CD_cw,"PSXRecomp high: jr $ra exit, reachable from entry; reachable=True; boundaries are static estimates",,False,True
SLUS_009.73,0x80011AC8,136,"[""0x800109F0""]",[],HYPOTHESIS,libcd_CD_vol,"PSXRecomp low: no prologue, no jr $ra exit, unreachable from entry; reachable=False; boundaries are static estimates",,False,True
SLUS_009.73,0x80011B50,212,"[""0x80010530"", ""0x80011174"", ""0x800113F4"", ""0x800116BC"", ""0x80011F40""]",[],LIKELY,libcd_CD_flush,"PSXRecomp high: jr $ra exit, reachable from entry; reachable=True; boundaries are static estimates",,False,True
SLUS_009.73,0x80011C24,240,"[""0x800103B8"", ""0x800104C4""]",[],LIKELY,libcd_CD_initvol,"PSXRecomp high: jr $ra exit, reachable from entry; reachable=True; boundaries are static estimates",,False,True
SLUS_009.73,0x80011D14,76,"[""0x800104C4""]","[""0x80013C38"", ""0x80013C68""]",LIKELY,libcd_CD_initintr,"PSXRecomp verified: prologue + epilogue + jr $ra, called from reachable code; reachable=True; boundaries are static estimates",,False,True
SLUS_009.73,0x80011D60,480,"[""0x800103B8"", ""0x800104C4""]","[""0x80010478"", ""0x80011174"", ""0x800116BC"", ""0x80012380"", ""0x80013C38"", ""0x80013C68""]",LIKELY,libcd_CD_init,"PSXRecomp verified: prologue + epilogue + jr $ra, called from reachable code; reachable=True; boundaries are static estimates",,False,True
SLUS_009.73,0x80011F40,360,"[""0x80010A74""]","[""0x80010478"", ""0x80011B50"", ""0x80012380"", ""0x80013A08""]",LIKELY,libcd_CD_datasync,"PSXRecomp verified: prologue + epilogue + jr $ra, called from reachable code; reachable=True; boundaries are static estimates",,False,False
SLUS_009.73,0x800120A8,256,"[""0x80010A10""]",[],LIKELY,libcd_CD_getsector,"PSXRecomp high: jr $ra exit, reachable from entry; reachable=True; boundaries are static estimates",,False,True
SLUS_009.73,0x800121A8,236,"[""0x80010A30""]",[],LIKELY,libcd_CD_getsector2,"PSXRecomp high: jr $ra exit, reachable from entry; reachable=True; boundaries are static estimates",,False,True
SLUS_009.73,0x80012294,12,[],[],HYPOTHESIS,FUN_80012294,"PSXRecomp low: no prologue, no jr $ra exit, unreachable from entry; reachable=False; boundaries are static estimates",,False,True
SLUS_009.73,0x800122A0,216,[],"[""0x80010C18""]",LIKELY,FUN_800122A0,"PSXRecomp high: jr $ra exit, reachable from entry; reachable=True; boundaries are static estimates",,False,True
SLUS_009.73,0x80012380,24,"[""0x80010C18"", ""0x80011174"", ""0x800113F4"", ""0x800116BC"", ""0x80011D60"", ""0x80011F40"", ""0x80012FDC"", ""0x80013320"", ""0x80013B80""]",[],LIKELY,FUN_80012380,PSXRecomp verified: PSY-Q kernel dispatch thunk to B0(3Fh); reachable=True; boundaries are static estimates,B0:3F std_out_puts,False,True
SLUS_009.73,0x80012398,376,"[""0x80012510""]","[""0x80010634"", ""0x80010A94"", ""0x80010B98"", ""0x800125E8"", ""0x800125F8"", ""0x80012608"", ""0x800136A8""]",LIKELY,libcd_CdReadFile,"PSXRecomp verified: prologue + epilogue + jr $ra, called from reachable code; reachable=True; boundaries are static estimates",,False,True
SLUS_009.73,0x80012510,216,"[""0x80010000""]","[""0x80012398"", ""0x80013844""]",LIKELY,libcd_CdReadExec,"PSXRecomp verified: prologue + epilogue + jr $ra, called from reachable code; reachable=True; boundaries are static estimates",,False,True
SLUS_009.73,0x800125E8,16,"[""0x80012398""]",[],LIKELY,FUN_800125E8,PSXRecomp verified: PSY-Q kernel dispatch thunk to A0(15h); reachable=True; boundaries are static estimates,A0:15 strcat,False,True
SLUS_009.73,0x800125F8,16,"[""0x80012398""]",[],LIKELY,FUN_800125F8,PSXRecomp verified: PSY-Q kernel dispatch thunk to A0(19h); reachable=True; boundaries are static estimates,A0:19 strcpy,False,True
SLUS_009.73,0x80012608,728,"[""0x80012398""]","[""0x80010478"", ""0x800128E0"", ""0x80012900"", ""0x80012BC4"", ""0x80012C68""]",LIKELY,FUN_80012608,"PSXRecomp high: jr $ra exit, reachable from entry; reachable=True; boundaries are static estimates",,False,True
SLUS_009.73,0x800128E0,32,"[""0x80012608""]","[""0x80012F88""]",LIKELY,libcd__cmp,"PSXRecomp verified: prologue + epilogue + jr $ra, called from reachable code; reachable=True; boundaries are static estimates",,False,True
SLUS_009.73,0x80012900,708,"[""0x80012608""]","[""0x80010478"", ""0x80012F04"", ""0x80012F88"", ""0x80012F98""]",LIKELY,FUN_80012900,"PSXRecomp verified: prologue + epilogue + jr $ra, called from reachable code; reachable=True; boundaries are static estimates",,False,True
SLUS_009.73,0x80012BC4,164,"[""0x80012608""]","[""0x80012F78""]",LIKELY,FUN_80012BC4,"PSXRecomp verified: prologue + epilogue + jr $ra, called from reachable code; reachable=True; boundaries are static estimates",,False,True
SLUS_009.73,0x80012C68,668,"[""0x80012608""]","[""0x80010478"", ""0x80010A94"", ""0x80012F04"", ""0x80012F98""]",LIKELY,FUN_80012C68,"PSXRecomp high: jr $ra exit, reachable from entry; reachable=True; boundaries are static estimates",,False,True
SLUS_009.73,0x80012F04,104,"[""0x80012900"", ""0x80012C68""]","[""0x80010634"", ""0x80010A94"", ""0x800136A8"", ""0x80013844""]",LIKELY,FUN_80012F04,"PSXRecomp verified: prologue + epilogue + jr $ra, called from reachable code; reachable=True; boundaries are static estimates",,False,True
SLUS_009.73,0x80012F78,16,"[""0x80012BC4""]",[],LIKELY,FUN_80012F78,PSXRecomp verified: PSY-Q kernel dispatch thunk to A0(17h); reachable=True; boundaries are static estimates,A0:17 strcmp,False,True
SLUS_009.73,0x80012F88,16,"[""0x800128E0"", ""0x80012900""]",[],LIKELY,FUN_80012F88,PSXRecomp verified: PSY-Q kernel dispatch thunk to A0(18h); reachable=True; boundaries are static estimates,A0:18 strncmp,False,True
SLUS_009.73,0x80012F98,16,"[""0x80012900"", ""0x80012C68""]",[],LIKELY,FUN_80012F98,PSXRecomp verified: PSY-Q kernel dispatch thunk to A0(2Ah); reachable=True; boundaries are static estimates,A0:2A memcpy,False,True
SLUS_009.73,0x80012FA8,52,[],"[""0x8001060C""]",LIKELY,FUN_80012FA8,"PSXRecomp verified: prologue + epilogue + jr $ra, called from reachable code; reachable=True; boundaries are static estimates",,False,True
SLUS_009.73,0x80012FDC,628,[],"[""0x8001060C"", ""0x80010620"", ""0x80010770"", ""0x80010A10"", ""0x80010A30"", ""0x80010A50"", ""0x80010A74"", ""0x80010B98"", ""0x80012380"", ""0x80013320"", ""0x80013A08""]",LIKELY,FUN_80012FDC,"PSXRecomp verified: prologue + epilogue + jr $ra, called from reachable code; reachable=True; boundaries are static estimates",,False,True
SLUS_009.73,0x80013250,208,[],"[""0x8001060C"", ""0x80010620"", ""0x80010770"", ""0x80010A50""]",LIKELY,FUN_80013250,"PSXRecomp verified: prologue + epilogue + jr $ra, called from reachable code; reachable=True; boundaries are static estimates",,False,True
SLUS_009.73,0x80013320,488,"[""0x80012FDC"", ""0x800136A8"", ""0x80013844""]","[""0x80010488"", ""0x80010498"", ""0x800104B8"", ""0x80010530"", ""0x8001060C"", ""0x80010620"", ""0x80010634"", ""0x80010770"", ""0x80010A50"", ""0x80010B98"", ""0x80012380"", ""0x80013A08""]",LIKELY,FUN_80013320,"PSXRecomp verified: prologue + epilogue + jr $ra, called from reachable code; reachable=True; boundaries are static estimates",,False,True
SLUS_009.73,0x80013508,416,[],"[""0x8001060C"", ""0x80010620"", ""0x80010770"", ""0x80010A50"", ""0x80010A74"", ""0x80013A08""]",HYPOTHESIS,libcd_CdReadBreak,"PSXRecomp low: no prologue, no jr $ra exit, unreachable from entry; reachable=False; boundaries are static estimates",,False,False
SLUS_009.73,0x800136A8,412,"[""0x80012398"", ""0x80012F04""]","[""0x80010488"", ""0x8001060C"", ""0x80010620"", ""0x800108A4"", ""0x80010A50"", ""0x80013320"", ""0x80013A08""]",LIKELY,libcd_CdRead,"PSXRecomp verified: prologue + epilogue + jr $ra, called from reachable code; reachable=True; boundaries are static estimates",,False,False
SLUS_009.73,0x80013844,260,"[""0x80012510"", ""0x80012F04""]","[""0x800105EC"", ""0x80013320"", ""0x80013A08""]",LIKELY,libcd_CdReadSync,"PSXRecomp verified: prologue + epilogue + jr $ra, called from reachable code; reachable=True; boundaries are static estimates",,False,False
SLUS_009.73,0x80013948,20,[],[],HYPOTHESIS,FUN_80013948,"PSXRecomp low: no prologue, no jr $ra exit, unreachable from entry; reachable=False; boundaries are static estimates",,False,True
SLUS_009.73,0x8001395C,20,[],[],HYPOTHESIS,libcd_CdReadMode,"PSXRecomp low: no prologue, no jr $ra exit, unreachable from entry; reachable=False; boundaries are static estimates",,False,True
SLUS_009.73,0x80013978,16,"[""0x80010000""]",[],LIKELY,libapi_Exec,PSXRecomp verified: PSY-Q kernel dispatch thunk to A0(43h); reachable=True; boundaries are static estimates,A0:43 DoExecute,False,True
SLUS_009.73,0x80013988,16,"[""0x800103F4"", ""0x8001041C"", ""0x80010444""]",[],LIKELY,libapi_DeliverEvent,PSXRecomp verified: PSY-Q kernel dispatch thunk to B0(07h); reachable=True; boundaries are static estimates,B0:07 DeliverEvent,False,False
SLUS_009.73,0x80013998,16,"[""0x80010000"", ""0x800141BC""]",[],LIKELY,libapi_EnterCriticalSection,"PSXRecomp high: jr $ra exit, reachable from entry; reachable=True; boundaries are static estimates",,False,False
SLUS_009.73,0x800139A8,16,"[""0x80010000"", ""0x80013DCC"", ""0x8001425C""]",[],LIKELY,libapi_ExitCriticalSection,"PSXRecomp high: jr $ra exit, reachable from entry; reachable=True; boundaries are static estimates",,False,False
SLUS_009.73,0x800139B8,80,"[""0x80010168""]",[],LIKELY,libapi_InitHeap2,"PSXRecomp high: jr $ra exit, reachable from entry; reachable=True; boundaries are static estimates",,False,True
SLUS_009.73,0x80013A08,376,"[""0x80011174"", ""0x800113F4"", ""0x800116BC"", ""0x80011F40"", ""0x80012FDC"", ""0x80013320"", ""0x80013508"", ""0x800136A8"", ""0x80013844""]","[""0x80013B80""]",LIKELY,FUN_80013A08,"PSXRecomp high: jr $ra exit, reachable from entry; reachable=True; boundaries are static estimates",,False,True
SLUS_009.73,0x80013B80,152,"[""0x80013A08""]","[""0x80012380"", ""0x80013C18"", ""0x80013C28""]",LIKELY,FUN_80013B80,"PSXRecomp verified: prologue + epilogue + jr $ra, called from reachable code; reachable=True; boundaries are static estimates",,False,True
SLUS_009.73,0x80013C18,16,"[""0x80013B80"", ""0x80014074""]",[],LIKELY,libapi_ChangeClearPAD,PSXRecomp verified: PSY-Q kernel dispatch thunk to B0(5Bh); reachable=True; boundaries are static estimates,B0:5B ChangeClearPad,False,False
SLUS_009.73,0x80013C28,16,"[""0x80013B80"", ""0x80014074""]",[],LIKELY,libapi_ChangeClearRCnt,PSXRecomp verified: PSY-Q kernel dispatch thunk to C0(0Ah); reachable=True; boundaries are static estimates,C0:0A ChangeClearRCnt,False,False
SLUS_009.73,0x80013C38,48,"[""0x80011D14"", ""0x80011D60""]",[],LIKELY,FUN_80013C38,"PSXRecomp high: jr $ra exit, reachable from entry; reachable=True; boundaries are static estimates",,False,True
SLUS_009.73,0x80013C68,48,"[""0x80011D14"", ""0x80011D60"", ""0x80014358"", ""0x80014478""]",[],LIKELY,FUN_80013C68,"PSXRecomp high: jr $ra exit, reachable from entry; reachable=True; boundaries are static estimates",,False,True
SLUS_009.73,0x80013C98,48,"[""0x80010A50""]",[],LIKELY,FUN_80013C98,"PSXRecomp high: jr $ra exit, reachable from entry; reachable=True; boundaries are static estimates",,False,True
SLUS_009.73,0x80013CC8,52,[],[],HYPOTHESIS,libetc_VSyncCallback,"PSXRecomp medium: prologue-shaped, no proven call path; reachable=False; boundaries are static estimates",,False,False
SLUS_009.73,0x80013CFC,48,[],[],HYPOTHESIS,FUN_80013CFC,"PSXRecomp low: no prologue, no jr $ra exit, unreachable from entry; reachable=False; boundaries are static estimates",,False,True
SLUS_009.73,0x80013D2C,48,"[""0x80010000""]",[],LIKELY,FUN_80013D2C,"PSXRecomp high: jr $ra exit, reachable from entry; reachable=True; boundaries are static estimates",,False,True
SLUS_009.73,0x80013D5C,48,[],[],HYPOTHESIS,FUN_80013D5C,"PSXRecomp low: no prologue, no jr $ra exit, unreachable from entry; reachable=False; boundaries are static estimates",,False,True
SLUS_009.73,0x80013D8C,16,"[""0x80011174"", ""0x800113F4"", ""0x800116BC""]",[],LIKELY,FUN_80013D8C,"PSXRecomp high: jr $ra exit, reachable from entry; reachable=True; boundaries are static estimates",,False,True
SLUS_009.73,0x80013D9C,24,[],[],HYPOTHESIS,FUN_80013D9C,"PSXRecomp low: no prologue, no jr $ra exit, unreachable from entry; reachable=False; boundaries are static estimates",,False,True
SLUS_009.73,0x80013DB4,24,[],[],HYPOTHESIS,FUN_80013DB4,"PSXRecomp low: no prologue, no jr $ra exit, unreachable from entry; reachable=False; boundaries are static estimates",,False,True
SLUS_009.73,0x80013DCC,216,[],"[""0x800139A8"", ""0x80013EA4"", ""0x800142D4"", ""0x800142F8"", ""0x80014310"", ""0x80014348"", ""0x80014358"", ""0x80014478""]",LIKELY,FUN_80013DCC,"PSXRecomp high: jr $ra exit, reachable from entry; reachable=True; boundaries are static estimates",,False,True
SLUS_009.73,0x80013EA4,464,"[""0x80013DCC""]","[""0x80010478"", ""0x80014328""]",LIKELY,FUN_80013EA4,"PSXRecomp verified: prologue + epilogue + jr $ra, called from reachable code; reachable=True; boundaries are static estimates",,False,True
SLUS_009.73,0x80014074,328,[],"[""0x80013C18"", ""0x80013C28""]",LIKELY,FUN_80014074,"PSXRecomp high: jr $ra exit, reachable from entry; reachable=True; boundaries are static estimates",,False,True
SLUS_009.73,0x800141BC,160,[],"[""0x80013998"", ""0x80014338""]",LIKELY,FUN_800141BC,"PSXRecomp high: jr $ra exit, reachable from entry; reachable=True; boundaries are static estimates",,False,True
SLUS_009.73,0x8001425C,120,[],"[""0x800139A8"", ""0x80014348""]",HYPOTHESIS,FUN_8001425C,"PSXRecomp medium: prologue-shaped, no proven call path; reachable=False; boundaries are static estimates",,False,True
SLUS_009.73,0x800142D4,36,"[""0x80013DCC""]",[],LIKELY,FUN_800142D4,"PSXRecomp high: jr $ra exit, reachable from entry; reachable=True; boundaries are static estimates",,False,True
SLUS_009.73,0x800142F8,24,"[""0x80013DCC""]",[],LIKELY,FUN_800142F8,PSXRecomp verified: PSY-Q kernel dispatch thunk to A0(13h); reachable=True; boundaries are static estimates,A0:13 setjmp,False,True
SLUS_009.73,0x80014310,24,"[""0x80013DCC""]",[],LIKELY,libapi__96_remove,PSXRecomp verified: PSY-Q kernel dispatch thunk to A0(72h); reachable=True; boundaries are static estimates,A0:72 CdRemove,False,False
SLUS_009.73,0x80014328,16,"[""0x80013EA4""]",[],LIKELY,libapi_ReturnFromException,PSXRecomp verified: PSY-Q kernel dispatch thunk to B0(17h); reachable=True; boundaries are static estimates,B0:17 ReturnFromException,False,False
SLUS_009.73,0x80014338,16,"[""0x800141BC""]",[],LIKELY,libapi_ResetEntryInt,PSXRecomp verified: PSY-Q kernel dispatch thunk to B0(18h); reachable=True; boundaries are static estimates,B0:18 SetDefaultExitFromException,False,True
SLUS_009.73,0x80014348,16,"[""0x80013DCC"", ""0x8001425C""]",[],LIKELY,libapi_HookEntryInt,PSXRecomp verified: PSY-Q kernel dispatch thunk to B0(19h); reachable=True; boundaries are static estimates,B0:19 SetCustomExitFromException,False,False
SLUS_009.73,0x80014358,88,"[""0x80013DCC""]","[""0x80013C68"", ""0x80014448""]",LIKELY,libetc_startIntrVSync,"PSXRecomp verified: prologue + epilogue + jr $ra, called from reachable code; reachable=True; boundaries are static estimates",,False,True
SLUS_009.73,0x800143B0,108,[],[],LIKELY,FUN_800143B0,"PSXRecomp high: jr $ra exit, reachable from entry; reachable=True; boundaries are static estimates",,False,True
SLUS_009.73,0x8001441C,44,[],[],LIKELY,libetc_setIntrVSync,"PSXRecomp high: jr $ra exit, reachable from entry; reachable=True; boundaries are static estimates",,False,True
SLUS_009.73,0x80014448,36,"[""0x80014358""]",[],LIKELY,FUN_80014448,"PSXRecomp high: jr $ra exit, reachable from entry; reachable=True; boundaries are static estimates",,False,True
SLUS_009.73,0x80014478,76,"[""0x80013DCC""]","[""0x80013C68"", ""0x800146F0""]",LIKELY,FUN_80014478,"PSXRecomp verified: prologue + epilogue + jr $ra, called from reachable code; reachable=True; boundaries are static estimates",,False,True
SLUS_009.73,0x800144C4,384,[],"[""0x80010478""]",LIKELY,FUN_800144C4,"PSXRecomp high: jr $ra exit, reachable from entry; reachable=True; boundaries are static estimates",,False,True
SLUS_009.73,0x80014644,172,[],[],LIKELY,FUN_80014644,"PSXRecomp high: jr $ra exit, reachable from entry; reachable=True; boundaries are static estimates",,False,True
SLUS_009.73,0x800146F0,36,"[""0x80014478""]",[],LIKELY,FUN_800146F0,"PSXRecomp high: jr $ra exit, reachable from entry; reachable=True; boundaries are static estimates",,False,True
D2KF.EXE,0x80019000,28,[],[],LIKELY,FUN_80019000,"PSXRecomp high: jr $ra exit, reachable from entry; reachable=True; boundaries are static estimates",,False,True
D2KF.EXE,0x8001901C,12,[],[],HYPOTHESIS,FUN_8001901C,"PSXRecomp low: no prologue, no jr $ra exit, unreachable from entry; reachable=False; boundaries are static estimates",,False,False
D2KF.EXE,0x80019028,184,[],"[""0x8002FF08"", ""0x800306C0"", ""0x80036380"", ""0x80040DF0""]",LIKELY,FUN_80019028,"PSXRecomp verified: prologue + epilogue + jr $ra, called from reachable code; reachable=True; boundaries are static estimates",,False,True
D2KF.EXE,0x800190E0,2816,"[""0x8002EC40""]","[""0x80019BE8"", ""0x8001AE34"", ""0x8001BDF0"", ""0x8001C8CC"", ""0x8001CE00"", ""0x8001DC40"", ""0x800204E4"", ""0x800227A0"", ""0x800255A4"", ""0x800276EC"", ""0x800285A8"", ""0x8002A630"", ""0x8002AAE8"", ""0x8002D9B4"", ""0x8002E100"", ""0x8002E250"", ""0x8002ED28"", ""0x8002EE44"", ""0x8002FC00"", ""0x8002FF08"", ""0x8002FFF4"", ""0x800300F0"", ""0x80030310"", ""0x80030370"", ""0x80030450"", ""0x800305B0"", ""0x80030630"", ""0x80035E30"", ""0x80035E60"", ""0x80036380"", ""0x800365A0"", ""0x80036630"", ""0x80036694"", ""0x800370F0"", ""0x80037120"", ""0x80037890"", ""0x80037940"", ""0x800379E0"", ""0x80038510"", ""0x8003888C"", ""0x80038A10"", ""0x80038B38"", ""0x8003B590"", ""0x8003B5D4"", ""0x8003BB88"", ""0x8003C740"", ""0x8003C7AC"", ""0x8003CB24"", ""0x800404E0"", ""0x800425F0"", ""0x80042620"", ""0x80042650"", ""0x800426C0""]",LIKELY,FUN_800190E0,"PSXRecomp verified: prologue + epilogue + jr $ra, called from reachable code; reachable=True; boundaries are static estimates",,False,True
D2KF.EXE,0x80019BE0,8,[],[],HYPOTHESIS,FUN_80019BE0,"PSXRecomp low: no prologue, no jr $ra exit, unreachable from entry; reachable=False; boundaries are static estimates",,False,True
D2KF.EXE,0x80019BE8,4684,"[""0x800190E0""]","[""0x8002A214"", ""0x8002A3EC"", ""0x8002A5E0"", ""0x8002A698"", ""0x8002AAE8"", ""0x8002AFA0"", ""0x8002E250"", ""0x8002EE44"", ""0x8002FF08"", ""0x80030310"", ""0x80030370"", ""0x80031050"", ""0x80036380"", ""0x80037538"", ""0x80037670"", ""0x80037890"", ""0x80037FD0"", ""0x80038000"", ""0x80038270"", ""0x80038280"", ""0x8003888C""]",LIKELY,FUN_80019BE8,"PSXRecomp verified: prologue + epilogue + jr $ra, called from reachable code; reachable=True; boundaries are static estimates",,False,True
D2KF.EXE,0x8001AE34,4028,"[""0x800190E0""]","[""0x8002A214"", ""0x8002A3EC"", ""0x8002A698"", ""0x8002AAE8"", ""0x8002AFA0"", ""0x8002E250"", ""0x8002EE44"", ""0x8002FF08"", ""0x80030310"", ""0x80030370"", ""0x80031050"", ""0x80036380"", ""0x80037538"", ""0x80037670"", ""0x80037890"", ""0x80037FD0"", ""0x80038000"", ""0x80038270"", ""0x80038280"", ""0x8003888C""]",LIKELY,FUN_8001AE34,"PSXRecomp verified: prologue + epilogue + jr $ra, called from reachable code; reachable=True; boundaries are static estimates",,False,True
D2KF.EXE,0x8001BDF0,2780,"[""0x800190E0""]","[""0x8002A214"", ""0x8002A3EC"", ""0x8002A5E0"", ""0x8002A698"", ""0x8002AAE8"", ""0x8002B078"", ""0x8002E250"", ""0x8002EE44"", ""0x8002FF08"", ""0x80030310"", ""0x80030370"", ""0x80030450"", ""0x80036380"", ""0x80037538"", ""0x80037670"", ""0x80037810"", ""0x80037890"", ""0x80037FD0"", ""0x80038000"", ""0x80038270"", ""0x80038280"", ""0x8003888C""]",LIKELY,FUN_8001BDF0,"PSXRecomp verified: prologue + epilogue + jr $ra, called from reachable code; reachable=True; boundaries are static estimates",,False,True
D2KF.EXE,0x8001C8CC,1332,"[""0x800190E0""]","[""0x8002A698"", ""0x8002E250"", ""0x8002EE44"", ""0x80030310"", ""0x80030370"", ""0x80036380"", ""0x80037538"", ""0x80037670"", ""0x80037890"", ""0x80037FD0"", ""0x80038000"", ""0x80038270"", ""0x80038280"", ""0x8003888C""]",LIKELY,FUN_8001C8CC,"PSXRecomp verified: prologue + epilogue + jr $ra, called from reachable code; reachable=True; boundaries are static estimates",,False,True
D2KF.EXE,0x8001CE00,3648,"[""0x800190E0""]","[""0x8002A214"", ""0x8002A3EC"", ""0x8002A5E0"", ""0x8002A698"", ""0x8002E250"", ""0x8002EE44"", ""0x8002FF08"", ""0x80030310"", ""0x80030370"", ""0x80030630"", ""0x80036380"", ""0x80037538"", ""0x80037670"", ""0x80037890"", ""0x80037FD0"", ""0x80038000"", ""0x80038270"", ""0x80038280"", ""0x8003888C""]",LIKELY,FUN_8001CE00,"PSXRecomp verified: prologue + epilogue + jr $ra, called from reachable code; reachable=True; boundaries are static estimates",,False,True
D2KF.EXE,0x8001DC40,4080,"[""0x800190E0""]","[""0x8002A214"", ""0x8002A3EC"", ""0x8002A5E0"", ""0x8002A698"", ""0x8002AAE8"", ""0x8002E250"", ""0x8002EE44"", ""0x8002F044"", ""0x8002F384"", ""0x8002FF08"", ""0x80030310"", ""0x80030370"", ""0x80030550"", ""0x800306C0"", ""0x80037670"", ""0x80038000"", ""0x80038270"", ""0x80038280"", ""0x80042700"", ""0x80042A68"", ""0x80043A50""]",HYPOTHESIS,FUN_8001DC40,"PSXRecomp medium: prologue-shaped, no proven call path; reachable=True; boundaries are static estimates",,False,True
D2KF.EXE,0x8001EC30,5072,[],"[""0x8002A3EC"", ""0x8002A5E0"", ""0x8002AFA0"", ""0x8002F1B4"", ""0x8002F4B8"", ""0x8002F95C"", ""0x8002FF08"", ""0x80030370"", ""0x800306C0"", ""0x80031050"", ""0x80038270"", ""0x80038280""]",HYPOTHESIS,FUN_8001EC30,"PSXRecomp low: no prologue, no jr $ra exit, unreachable from entry; reachable=False; boundaries are static estimates",,False,True
D2KF.EXE,0x80020000,452,[],"[""0x80038270""]",HYPOTHESIS,FUN_80020000,"PSXRecomp low: no prologue, no jr $ra exit, unreachable from entry; reachable=False; boundaries are static estimates",,False,True
D2KF.EXE,0x800204E4,8892,"[""0x800190E0""]","[""0x8002A214"", ""0x8002A3EC"", ""0x8002A5E0"", ""0x8002A698"", ""0x8002A7DC"", ""0x8002E250"", ""0x8002FF08"", ""0x80030630"", ""0x80036380"", ""0x80037538"", ""0x80037670"", ""0x80037890"", ""0x80037FD0"", ""0x80038000"", ""0x800380B0"", ""0x80038270"", ""0x80038280"", ""0x8003888C""]",LIKELY,FUN_800204E4,"PSXRecomp verified: prologue + epilogue + jr $ra, called from reachable code; reachable=True; boundaries are static estimates",,False,True
D2KF.EXE,0x800227A0,11780,"[""0x800190E0""]","[""0x8002A214"", ""0x8002A3EC"", ""0x8002A5E0"", ""0x8002A698"", ""0x8002A7DC"", ""0x8002E250"", ""0x8002FF08"", ""0x80030630"", ""0x80035E40"", ""0x80035E50"", ""0x80036380"", ""0x80037538"", ""0x80037670"", ""0x80037890"", ""0x80037FD0"", ""0x80038000"", ""0x800380B0"", ""0x80038270"", ""0x80038280"", ""0x8003888C"", ""0x8003BB88""]",LIKELY,FUN_800227A0,"PSXRecomp verified: prologue + epilogue + jr $ra, called from reachable code; reachable=True; boundaries are static estimates",,False,True
D2KF.EXE,0x800255A4,8520,"[""0x800190E0""]","[""0x8002A214"", ""0x8002A3EC"", ""0x8002A5E0"", ""0x8002A698"", ""0x8002E250"", ""0x8002FF08"", ""0x80036380"", ""0x80037538"", ""0x80037670"", ""0x80037890"", ""0x80037FD0"", ""0x80038000"", ""0x800380B0"", ""0x80038270"", ""0x80038280"", ""0x8003888C""]",LIKELY,FUN_800255A4,"PSXRecomp verified: prologue + epilogue + jr $ra, called from reachable code; reachable=True; boundaries are static estimates",,False,True
D2KF.EXE,0x800276EC,3772,"[""0x800190E0""]","[""0x8002A214"", ""0x8002A5E0"", ""0x8002A698"", ""0x8002AAE8"", ""0x8002AB6C"", ""0x8002AFA0"", ""0x8002D060"", ""0x8002D1D8"", ""0x8002D268"", ""0x8002E250"", ""0x8002EE44"", ""0x8002FF08"", ""0x80030310"", ""0x80030370"", ""0x80031050"", ""0x80036380"", ""0x80037538"", ""0x80037670"", ""0x80037890"", ""0x80037FD0"", ""0x80038000"", ""0x800380B0"", ""0x80038270"", ""0x80038280"", ""0x8003888C"", ""0x80038A10"", ""0x8003BB88""]",LIKELY,FUN_800276EC,"PSXRecomp verified: prologue + epilogue + jr $ra, called from reachable code; reachable=True; boundaries are static estimates",,False,True
D2KF.EXE,0x800285A8,7276,"[""0x800190E0""]","[""0x8002A214"", ""0x8002A3EC"", ""0x8002A5E0"", ""0x8002A698"", ""0x8002A7DC"", ""0x8002E250"", ""0x8002EE44"", ""0x8002FF08"", ""0x80030310"", ""0x80030370"", ""0x80030630"", ""0x80036380"", ""0x80037538"", ""0x80037670"", ""0x80037890"", ""0x80037FD0"", ""0x80038000"", ""0x800380B0"", ""0x80038270"", ""0x80038280"", ""0x8003888C""]",LIKELY,FUN_800285A8,"PSXRecomp verified: prologue + epilogue + jr $ra, called from reachable code; reachable=True; boundaries are static estimates",,False,True
D2KF.EXE,0x8002A214,472,"[""0x80019BE8"", ""0x8001AE34"", ""0x8001BDF0"", ""0x8001CE00"", ""0x8001DC40"", ""0x800204E4"", ""0x800227A0"", ""0x800255A4"", ""0x800276EC"", ""0x800285A8""]","[""0x8002A698"", ""0x80038270"", ""0x80038280""]",LIKELY,FUN_8002A214,"PSXRecomp verified: prologue + epilogue + jr $ra, called from reachable code; reachable=True; boundaries are static estimates",,False,True
D2KF.EXE,0x8002A3EC,500,"[""0x80019BE8"", ""0x8001AE34"", ""0x8001BDF0"", ""0x8001CE00"", ""0x8001DC40"", ""0x8001EC30"", ""0x800204E4"", ""0x800227A0"", ""0x800255A4"", ""0x800285A8""]","[""0x8002A5E0"", ""0x8002A698"", ""0x80038270"", ""0x80038280""]",LIKELY,FUN_8002A3EC,"PSXRecomp verified: prologue + epilogue + jr $ra, called from reachable code; reachable=True; boundaries are static estimates",,False,True
D2KF.EXE,0x8002A5E0,80,"[""0x80019BE8"", ""0x8001BDF0"", ""0x8001CE00"", ""0x8001DC40"", ""0x8001EC30"", ""0x800204E4"", ""0x800227A0"", ""0x800255A4"", ""0x800276EC"", ""0x800285A8"", ""0x8002A3EC""]",[],LIKELY,FUN_8002A5E0,"PSXRecomp high: jr $ra exit, reachable from entry; reachable=True; boundaries are static estimates",,False,True
D2KF.EXE,0x8002A630,104,"[""0x800190E0""]","[""0x8002CB64"", ""0x8002CB94""]",LIKELY,FUN_8002A630,"PSXRecomp verified: prologue + epilogue + jr $ra, called from reachable code; reachable=True; boundaries are static estimates",,False,True
D2KF.EXE,0x8002A698,324,"[""0x80019BE8"", ""0x8001AE34"", ""0x8001BDF0"", ""0x8001C8CC"", ""0x8001CE00"", ""0x8001DC40"", ""0x800204E4"", ""0x800227A0"", ""0x800255A4"", ""0x800276EC"", ""0x800285A8"", ""0x8002A214"", ""0x8002A3EC""]","[""0x800380B0"", ""0x8003888C"", ""0x80038B38""]",LIKELY,FUN_8002A698,"PSXRecomp verified: prologue + epilogue + jr $ra, called from reachable code; reachable=True; boundaries are static estimates",,False,True
D2KF.EXE,0x8002A7DC,300,"[""0x800204E4"", ""0x800227A0"", ""0x800285A8""]","[""0x800380B0"", ""0x8003888C"", ""0x80038B38""]",LIKELY,FUN_8002A7DC,"PSXRecomp verified: prologue + epilogue + jr $ra, called from reachable code; reachable=True; boundaries are static estimates",,False,True
D2KF.EXE,0x8002A908,480,[],"[""0x80038270"", ""0x80038280""]",HYPOTHESIS,FUN_8002A908,"PSXRecomp medium: prologue-shaped, no proven call path; reachable=False; boundaries are static estimates",,False,True
D2KF.EXE,0x8002AAE8,132,"[""0x800190E0"", ""0x80019BE8"", ""0x8001AE34"", ""0x8001BDF0"", ""0x8001DC40"", ""0x800276EC""]","[""0x8003888C"", ""0x80038B38""]",LIKELY,FUN_8002AAE8,"PSXRecomp verified: prologue + epilogue + jr $ra, called from reachable code; reachable=True; boundaries are static estimates",,False,True
D2KF.EXE,0x8002AB6C,1076,"[""0x800276EC"", ""0x8002AFA0"", ""0x8002B078""]","[""0x80038270"", ""0x80038280""]",LIKELY,FUN_8002AB6C,"PSXRecomp verified: prologue + epilogue + jr $ra, called from reachable code; reachable=True; boundaries are static estimates",,False,True
D2KF.EXE,0x8002AFA0,216,"[""0x80019BE8"", ""0x8001AE34"", ""0x8001EC30"", ""0x800276EC""]","[""0x8002AB6C""]",LIKELY,FUN_8002AFA0,"PSXRecomp verified: prologue + epilogue + jr $ra, called from reachable code; reachable=True; boundaries are static estimates",,False,True
D2KF.EXE,0x8002B078,552,"[""0x8001BDF0""]","[""0x8002AB6C"", ""0x80030310"", ""0x80030370""]",LIKELY,FUN_8002B078,"PSXRecomp verified: prologue + epilogue + jr $ra, called from reachable code; reachable=True; boundaries are static estimates",,False,True
D2KF.EXE,0x8002B2A0,6340,"[""0x8002ED28""]","[""0x80030550""]",LIKELY,FUN_8002B2A0,"PSXRecomp verified: prologue + epilogue + jr $ra, called from reachable code; reachable=True; boundaries are static estimates",,False,True
D2KF.EXE,0x8002CB64,48,"[""0x8002A630""]",[],LIKELY,FUN_8002CB64,"PSXRecomp high: jr $ra exit, reachable from entry; reachable=True; boundaries are static estimates",,False,True
D2KF.EXE,0x8002CB94,1228,"[""0x8002A630""]","[""0x8002D338"", ""0x8002D47C"", ""0x8002D5F0"", ""0x8002D794"", ""0x8002DDA0"", ""0x8002E250"", ""0x8002FD3C"", ""0x8002FEBC"", ""0x80030310"", ""0x80030370"", ""0x80030550"", ""0x80031C58"", ""0x80031EDC"", ""0x80032088"", ""0x80034EE0"", ""0x80036380"", ""0x800387F4"", ""0x8003888C"", ""0x80038A10"", ""0x80038EF0"", ""0x800390BC"", ""0x8003B450"", ""0x8003B510"", ""0x80041D44"", ""0x80041DC0"", ""0x80041E7C""]",LIKELY,FUN_8002CB94,"PSXRecomp verified: prologue + epilogue + jr $ra, called from reachable code; reachable=True; boundaries are static estimates",,False,True
D2KF.EXE,0x8002D060,376,"[""0x800276EC""]","[""0x8002D47C"", ""0x8002D5F0"", ""0x8002DDA0"", ""0x8002FEBC"", ""0x80030310"", ""0x80030550""]",LIKELY,FUN_8002D060,"PSXRecomp verified: prologue + epilogue + jr $ra, called from reachable code; reachable=True; boundaries are static estimates",,False,True
D2KF.EXE,0x8002D1D8,4,"[""0x800276EC""]",[],HYPOTHESIS,FUN_8002D1D8,PSXRecomp low: reachable but no prologue and no jr $ra exit; reachable=True; boundaries are static estimates,,False,True
D2KF.EXE,0x8002D1DC,140,[],"[""0x8002D5F0"", ""0x8002D794"", ""0x80041D44"", ""0x80041DC0""]",HYPOTHESIS,FUN_8002D1DC,"PSXRecomp medium: prologue-shaped, no proven call path; reachable=False; boundaries are static estimates",,False,False
D2KF.EXE,0x8002D268,208,"[""0x800276EC""]","[""0x8002FEBC"", ""0x80030370"", ""0x80031C58"", ""0x80031EDC"", ""0x80032088"", ""0x80034EE0"", ""0x80041E7C""]",LIKELY,FUN_8002D268,"PSXRecomp verified: prologue + epilogue + jr $ra, called from reachable code; reachable=True; boundaries are static estimates",,False,True
D2KF.EXE,0x8002D338,324,"[""0x8002CB94""]","[""0x80030310"", ""0x80030550""]",LIKELY,FUN_8002D338,"PSXRecomp verified: prologue + epilogue + jr $ra, called from reachable code; reachable=True; boundaries are static estimates",,False,True
D2KF.EXE,0x8002D47C,108,"[""0x8002CB94"", ""0x8002D060""]","[""0x8002D828"", ""0x80031940"", ""0x80035050"", ""0x80041BE0"", ""0x80041E7C""]",LIKELY,FUN_8002D47C,"PSXRecomp verified: prologue + epilogue + jr $ra, called from reachable code; reachable=True; boundaries are static estimates",,False,True
D2KF.EXE,0x8002D4EC,260,[],"[""0x800352B0"", ""0x8003888C"", ""0x80038B38"", ""0x80041DC0""]",HYPOTHESIS,FUN_8002D4EC,"PSXRecomp medium: prologue-shaped, no proven call path; reachable=False; boundaries are static estimates",,False,False
D2KF.EXE,0x8002D5F0,132,"[""0x8002CB94"", ""0x8002D060"", ""0x8002D1DC""]","[""0x8002D674"", ""0x800350E0"", ""0x800422A0""]",LIKELY,FUN_8002D5F0,"PSXRecomp verified: prologue + epilogue + jr $ra, called from reachable code; reachable=True; boundaries are static estimates",,False,True
D2KF.EXE,0x8002D674,288,"[""0x8002D5F0""]","[""0x800351D0""]",LIKELY,FUN_8002D674,"PSXRecomp verified: prologue + epilogue + jr $ra, called from reachable code; reachable=True; boundaries are static estimates",,False,True
D2KF.EXE,0x8002D794,148,"[""0x8002CB94"", ""0x8002D1DC""]",[],LIKELY,FUN_8002D794,"PSXRecomp verified: prologue + epilogue + jr $ra, called from reachable code; reachable=True; boundaries are static estimates",,False,True
D2KF.EXE,0x8002D828,4,"[""0x8002D47C""]",[],HYPOTHESIS,FUN_8002D828,PSXRecomp low: reachable but no prologue and no jr $ra exit; reachable=True; boundaries are static estimates,,False,True
D2KF.EXE,0x8002D82C,116,[],"[""0x8002DDA0"", ""0x80031970"", ""0x80034DD0""]",HYPOTHESIS,FUN_8002D82C,"PSXRecomp medium: prologue-shaped, no proven call path; reachable=False; boundaries are static estimates",,False,False
D2KF.EXE,0x8002D8A0,12,[],[],HYPOTHESIS,FUN_8002D8A0,"PSXRecomp low: no prologue, no jr $ra exit, unreachable from entry; reachable=False; boundaries are static estimates",,False,True
D2KF.EXE,0x8002D8AC,28,"[""0x8002DAD0""]",[],HYPOTHESIS,FUN_8002D8AC,"PSXRecomp medium: prologue-shaped, no proven call path; reachable=False; boundaries are static estimates",,False,True
D2KF.EXE,0x8002D8C8,36,"[""0x8002D8F8""]",[],HYPOTHESIS,FUN_8002D8C8,"PSXRecomp low: no prologue, no jr $ra exit, unreachable from entry; reachable=False; boundaries are static estimates",,False,True
D2KF.EXE,0x8002D8EC,12,[],[],HYPOTHESIS,FUN_8002D8EC,"PSXRecomp low: no prologue, no jr $ra exit, unreachable from entry; reachable=False; boundaries are static estimates",,False,False
D2KF.EXE,0x8002D8F8,188,"[""0x8002DAD0"", ""0x8002DDA8"", ""0x8002DF5C"", ""0x8002E054""]","[""0x8002D8C8""]",HYPOTHESIS,FUN_8002D8F8,"PSXRecomp medium: prologue-shaped, no proven call path; reachable=False; boundaries are static estimates",,False,True
D2KF.EXE,0x8002D9B4,276,"[""0x800190E0""]","[""0x80031970"", ""0x80031B88"", ""0x80031C6C"", ""0x80033A10"", ""0x80034B00"", ""0x80034C9C""]",LIKELY,FUN_8002D9B4,"PSXRecomp verified: prologue + epilogue + jr $ra, called from reachable code; reachable=True; boundaries are static estimates",,False,True
D2KF.EXE,0x8002DAD0,720,[],"[""0x8002D8AC"", ""0x8002D8F8"", ""0x80030510"", ""0x80031970"", ""0x80031C6C"", ""0x800320CC"", ""0x800321D0"", ""0x80034B00"", ""0x80034C9C"", ""0x80038A10""]",HYPOTHESIS,FUN_8002DAD0,"PSXRecomp medium: prologue-shaped, no proven call path; reachable=False; boundaries are static estimates",,False,False
D2KF.EXE,0x8002DDA0,8,"[""0x8002CB94"", ""0x8002D060"", ""0x8002D82C""]",[],HYPOTHESIS,FUN_8002DDA0,PSXRecomp low: reachable but no prologue and no jr $ra exit; reachable=True; boundaries are static estimates,,False,True
D2KF.EXE,0x8002DDA8,428,[],"[""0x8002D8F8"", ""0x80031970"", ""0x80031C6C"", ""0x800320CC"", ""0x800321D0""]",HYPOTHESIS,FUN_8002DDA8,"PSXRecomp medium: prologue-shaped, no proven call path; reachable=False; boundaries are static estimates",,False,False
D2KF.EXE,0x8002DF54,8,"[""0x8002FC88""]",[],HYPOTHESIS,FUN_8002DF54,"PSXRecomp low: no prologue, no jr $ra exit, unreachable from entry; reachable=False; boundaries are static estimates",,False,True
D2KF.EXE,0x8002DF5C,240,[],"[""0x8002D8F8"", ""0x800321D0""]",HYPOTHESIS,FUN_8002DF5C,"PSXRecomp medium: prologue-shaped, no proven call path; reachable=False; boundaries are static estimates",,False,False
D2KF.EXE,0x8002E04C,8,"[""0x8002FB60""]",[],HYPOTHESIS,FUN_8002E04C,"PSXRecomp low: no prologue, no jr $ra exit, unreachable from entry; reachable=False; boundaries are static estimates",,False,True
D2KF.EXE,0x8002E054,172,[],"[""0x8002D8F8""]",HYPOTHESIS,FUN_8002E054,"PSXRecomp medium: prologue-shaped, no proven call path; reachable=False; boundaries are static estimates",,False,False
D2KF.EXE,0x8002E100,336,"[""0x800190E0""]","[""0x8002E4C0"", ""0x8002E528"", ""0x8002E558"", ""0x8002E59C"", ""0x8002E828"", ""0x8002E890"", ""0x8002E8C0"", ""0x8002E904"", ""0x80035E70"", ""0x8003C720"", ""0x8003EBC0""]",LIKELY,FUN_8002E100,"PSXRecomp verified: prologue + epilogue + jr $ra, called from reachable code; reachable=True; boundaries are static estimates",,False,True
D2KF.EXE,0x8002E250,624,"[""0x800190E0"", ""0x80019BE8"", ""0x8001AE34"", ""0x8001BDF0"", ""0x8001C8CC"", ""0x8001CE00"", ""0x8001DC40"", ""0x800204E4"", ""0x800227A0"", ""0x800255A4"", ""0x800276EC"", ""0x800285A8"", ""0x8002CB94""]","[""0x8002E608"", ""0x8002E970""]",LIKELY,FUN_8002E250,"PSXRecomp verified: prologue + epilogue + jr $ra, called from reachable code; reachable=True; boundaries are static estimates",,False,True
D2KF.EXE,0x8002E4C0,104,"[""0x8002E100""]",[],LIKELY,FUN_8002E4C0,"PSXRecomp high: jr $ra exit, reachable from entry; reachable=True; boundaries are static estimates",,False,True
D2KF.EXE,0x8002E528,48,"[""0x8002E100""]",[],LIKELY,FUN_8002E528,"PSXRecomp high: jr $ra exit, reachable from entry; reachable=True; boundaries are static estimates",,False,True
D2KF.EXE,0x8002E558,68,"[""0x8002E100""]",[],LIKELY,FUN_8002E558,"PSXRecomp high: jr $ra exit, reachable from entry; reachable=True; boundaries are static estimates",,False,True
D2KF.EXE,0x8002E59C,108,"[""0x8002E100""]",[],LIKELY,FUN_8002E59C,"PSXRecomp high: jr $ra exit, reachable from entry; reachable=True; boundaries are static estimates",,False,True
D2KF.EXE,0x8002E608,272,"[""0x8002E250""]","[""0x8002E718""]",LIKELY,FUN_8002E608,"PSXRecomp verified: prologue + epilogue + jr $ra, called from reachable code; reachable=True; boundaries are static estimates",,False,True
D2KF.EXE,0x8002E718,272,"[""0x8002E608""]",[],LIKELY,FUN_8002E718,"PSXRecomp high: jr $ra exit, reachable from entry; reachable=True; boundaries are static estimates",,False,True
D2KF.EXE,0x8002E828,104,"[""0x8002E100""]",[],LIKELY,FUN_8002E828,"PSXRecomp high: jr $ra exit, reachable from entry; reachable=True; boundaries are static estimates",,False,True
D2KF.EXE,0x8002E890,48,"[""0x8002E100""]",[],LIKELY,FUN_8002E890,"PSXRecomp high: jr $ra exit, reachable from entry; reachable=True; boundaries are static estimates",,False,True
D2KF.EXE,0x8002E8C0,68,"[""0x8002E100""]",[],LIKELY,FUN_8002E8C0,"PSXRecomp high: jr $ra exit, reachable from entry; reachable=True; boundaries are static estimates",,False,True
D2KF.EXE,0x8002E904,108,"[""0x8002E100""]",[],LIKELY,FUN_8002E904,"PSXRecomp high: jr $ra exit, reachable from entry; reachable=True; boundaries are static estimates",,False,True
D2KF.EXE,0x8002E970,232,"[""0x8002E250""]","[""0x8002EA58""]",LIKELY,FUN_8002E970,"PSXRecomp verified: prologue + epilogue + jr $ra, called from reachable code; reachable=True; boundaries are static estimates",,False,True
D2KF.EXE,0x8002EA58,488,"[""0x8002E970""]",[],LIKELY,FUN_8002EA58,"PSXRecomp high: jr $ra exit, reachable from entry; reachable=True; boundaries are static estimates",,False,True
D2KF.EXE,0x8002EC40,232,[],"[""0x800190E0"", ""0x8002ED98"", ""0x80035E80""]",CONFIRMED,FUN_8002EC40,"PSXRecomp high: jr $ra exit, reachable from entry; reachable=True; boundaries are static estimates",,False,True
D2KF.EXE,0x8002ED28,112,"[""0x800190E0""]","[""0x8002B2A0""]",LIKELY,FUN_8002ED28,"PSXRecomp high: jr $ra exit, reachable from entry; reachable=True; boundaries are static estimates",,False,True
D2KF.EXE,0x8002ED98,104,"[""0x8002EC40""]",[],LIKELY,FUN_8002ED98,"PSXRecomp high: jr $ra exit, reachable from entry; reachable=True; boundaries are static estimates",,False,True
D2KF.EXE,0x8002EE00,28,"[""0x8002EE44""]",[],LIKELY,FUN_8002EE00,"PSXRecomp high: jr $ra exit, reachable from entry; reachable=True; boundaries are static estimates",,False,True
D2KF.EXE,0x8002EE1C,16,[],[],HYPOTHESIS,FUN_8002EE1C,"PSXRecomp low: no prologue, no jr $ra exit, unreachable from entry; reachable=False; boundaries are static estimates",,False,False
D2KF.EXE,0x8002EE2C,24,[],[],HYPOTHESIS,FUN_8002EE2C,"PSXRecomp low: no prologue, no jr $ra exit, unreachable from entry; reachable=False; boundaries are static estimates",,False,False
D2KF.EXE,0x8002EE44,512,"[""0x800190E0"", ""0x80019BE8"", ""0x8001AE34"", ""0x8001BDF0"", ""0x8001C8CC"", ""0x8001CE00"", ""0x8001DC40"", ""0x800276EC"", ""0x800285A8""]","[""0x8002EE00""]",LIKELY,FUN_8002EE44,"PSXRecomp high: jr $ra exit, reachable from entry; reachable=True; boundaries are static estimates",,False,True
D2KF.EXE,0x8002F044,368,"[""0x8001DC40""]","[""0x800305C0"", ""0x80031050"", ""0x800437DC"", ""0x80043A50""]",LIKELY,FUN_8002F044,"PSXRecomp verified: prologue + epilogue + jr $ra, called from reachable code; reachable=True; boundaries are static estimates",,False,True
D2KF.EXE,0x8002F1B4,56,"[""0x8001EC30""]","[""0x80043A50"", ""0x80043F1C""]",HYPOTHESIS,FUN_8002F1B4,"PSXRecomp medium: prologue-shaped, no proven call path; reachable=False; boundaries are static estimates",,False,True
D2KF.EXE,0x8002F1EC,408,[],"[""0x80030310"", ""0x80030370"", ""0x80030550"", ""0x80030630"", ""0x80031050"", ""0x80042A68"", ""0x8004332C"", ""0x800437DC"", ""0x80043A50""]",HYPOTHESIS,FUN_8002F1EC,"PSXRecomp medium: prologue-shaped, no proven call path; reachable=False; boundaries are static estimates",,False,True
D2KF.EXE,0x8002F384,308,"[""0x8001DC40""]","[""0x80030310"", ""0x80030370"", ""0x80030510"", ""0x80031050"", ""0x80042A68"", ""0x8004332C"", ""0x80043A50""]",LIKELY,FUN_8002F384,"PSXRecomp verified: prologue + epilogue + jr $ra, called from reachable code; reachable=True; boundaries are static estimates",,False,True
D2KF.EXE,0x8002F4B8,1188,"[""0x8001EC30""]","[""0x8002FAAC"", ""0x80030310"", ""0x80030370"", ""0x800304C0"", ""0x80030510"", ""0x80030550"", ""0x80030630"", ""0x80031050"", ""0x8004332C"", ""0x80043584"", ""0x80043A50"", ""0x80043B6C"", ""0x80043D68""]",HYPOTHESIS,FUN_8002F4B8,"PSXRecomp medium: prologue-shaped, no proven call path; reachable=False; boundaries are static estimates",,False,True
D2KF.EXE,0x8002F95C,64,"[""0x8001EC30""]","[""0x80031050"", ""0x80043D68""]",HYPOTHESIS,FUN_8002F95C,"PSXRecomp medium: prologue-shaped, no proven call path; reachable=False; boundaries are static estimates",,False,True
D2KF.EXE,0x8002F99C,176,"[""0x8002FAAC""]",[],HYPOTHESIS,FUN_8002F99C,"PSXRecomp low: no prologue, no jr $ra exit, unreachable from entry; reachable=False; boundaries are static estimates",,False,True
D2KF.EXE,0x8002FA4C,48,[],[],HYPOTHESIS,FUN_8002FA4C,"PSXRecomp low: no prologue, no jr $ra exit, unreachable from entry; reachable=False; boundaries are static estimates",,False,False
D2KF.EXE,0x8002FA7C,48,[],[],HYPOTHESIS,FUN_8002FA7C,"PSXRecomp low: no prologue, no jr $ra exit, unreachable from entry; reachable=False; boundaries are static estimates",,False,False
D2KF.EXE,0x8002FAAC,144,"[""0x8002F4B8""]","[""0x8002F99C"", ""0x80030680""]",HYPOTHESIS,FUN_8002FAAC,"PSXRecomp medium: prologue-shaped, no proven call path; reachable=False; boundaries are static estimates",,False,True
D2KF.EXE,0x8002FB3C,36,[],"[""0x8002FC88""]",HYPOTHESIS,FUN_8002FB3C,"PSXRecomp medium: prologue-shaped, no proven call path; reachable=False; boundaries are static estimates",,False,True
D2KF.EXE,0x8002FB60,160,[],"[""0x8002E04C"", ""0x80031050""]",HYPOTHESIS,FUN_8002FB60,"PSXRecomp medium: prologue-shaped, no proven call path; reachable=False; boundaries are static estimates",,False,True
D2KF.EXE,0x8002FC00,88,"[""0x800190E0""]","[""0x8002FC58"", ""0x80030550"", ""0x8003F7D0"", ""0x80040580"", ""0x80040F70""]",LIKELY,FUN_8002FC00,"PSXRecomp verified: prologue + epilogue + jr $ra, called from reachable code; reachable=True; boundaries are static estimates",,False,True
D2KF.EXE,0x8002FC58,48,"[""0x8002FC00""]","[""0x80041060""]",LIKELY,FUN_8002FC58,"PSXRecomp verified: prologue + epilogue + jr $ra, called from reachable code; reachable=True; boundaries are static estimates",,False,True
D2KF.EXE,0x8002FC88,80,"[""0x8002FB3C""]","[""0x8002DF54""]",HYPOTHESIS,FUN_8002FC88,"PSXRecomp medium: prologue-shaped, no proven call path; reachable=False; boundaries are static estimates",,False,True
D2KF.EXE,0x8002FCD8,80,[],"[""0x8002FD34""]",HYPOTHESIS,FUN_8002FCD8,"PSXRecomp medium: prologue-shaped, no proven call path; reachable=False; boundaries are static estimates",,False,True
D2KF.EXE,0x8002FD28,12,[],[],HYPOTHESIS,FUN_8002FD28,"PSXRecomp low: no prologue, no jr $ra exit, unreachable from entry; reachable=False; boundaries are static estimates",,False,True
D2KF.EXE,0x8002FD34,8,"[""0x8002FCD8"", ""0x8002FD84""]",[],HYPOTHESIS,FUN_8002FD34,"PSXRecomp low: no prologue, no jr $ra exit, unreachable from entry; reachable=False; boundaries are static estimates",,False,True
D2KF.EXE,0x8002FD3C,40,"[""0x8002CB94""]","[""0x80031EDC""]",LIKELY,FUN_8002FD3C,"PSXRecomp verified: prologue + epilogue + jr $ra, called from reachable code; reachable=True; boundaries are static estimates",,False,True
D2KF.EXE,0x8002FD64,8,[],[],HYPOTHESIS,FUN_8002FD64,"PSXRecomp low: no prologue, no jr $ra exit, unreachable from entry; reachable=False; boundaries are static estimates",,False,True
D2KF.EXE,0x8002FD6C,8,[],[],HYPOTHESIS,FUN_8002FD6C,"PSXRecomp low: no prologue, no jr $ra exit, unreachable from entry; reachable=False; boundaries are static estimates",,False,True
D2KF.EXE,0x8002FD74,8,[],[],HYPOTHESIS,FUN_8002FD74,"PSXRecomp low: no prologue, no jr $ra exit, unreachable from entry; reachable=False; boundaries are static estimates",,False,True
D2KF.EXE,0x8002FD7C,8,[],[],HYPOTHESIS,FUN_8002FD7C,"PSXRecomp low: no prologue, no jr $ra exit, unreachable from entry; reachable=False; boundaries are static estimates",,False,True
D2KF.EXE,0x8002FD84,148,[],"[""0x8002FD34"", ""0x8002FEBC"", ""0x80031C04"", ""0x80031EDC"", ""0x800321D0""]",HYPOTHESIS,FUN_8002FD84,"PSXRecomp medium: prologue-shaped, no proven call path; reachable=False; boundaries are static estimates",,False,True
D2KF.EXE,0x8002FE18,96,"[""0x8002FF08""]","[""0x800413E0""]",LIKELY,FUN_8002FE18,"PSXRecomp verified: prologue + epilogue + jr $ra, called from reachable code; reachable=True; boundaries are static estimates",,False,True
D2KF.EXE,0x8002FE78,68,"[""0x8002FF08""]","[""0x80040E80""]",LIKELY,FUN_8002FE78,"PSXRecomp verified: prologue + epilogue + jr $ra, called from reachable code; reachable=True; boundaries are static estimates",,False,True
D2KF.EXE,0x8002FEBC,76,"[""0x8002CB94"", ""0x8002D060"", ""0x8002D268"", ""0x8002FD84""]","[""0x80041060""]",LIKELY,FUN_8002FEBC,"PSXRecomp verified: prologue + epilogue + jr $ra, called from reachable code; reachable=True; boundaries are static estimates",,False,True
D2KF.EXE,0x8002FF08,236,"[""0x80019028"", ""0x800190E0"", ""0x80019BE8"", ""0x8001AE34"", ""0x8001BDF0"", ""0x8001CE00"", ""0x8001DC40"", ""0x8001EC30"", ""0x800204E4"", ""0x800227A0"", ""0x800255A4"", ""0x800276EC"", ""0x800285A8""]","[""0x8002FE18"", ""0x8002FE78""]",LIKELY,FUN_8002FF08,"PSXRecomp verified: prologue + epilogue + jr $ra, called from reachable code; reachable=True; boundaries are static estimates",,False,True
D2KF.EXE,0x8002FFF4,40,"[""0x800190E0""]","[""0x80040C30""]",LIKELY,FUN_8002FFF4,"PSXRecomp verified: prologue + epilogue + jr $ra, called from reachable code; reachable=True; boundaries are static estimates",,False,True
D2KF.EXE,0x8003001C,56,[],"[""0x80040EB0""]",HYPOTHESIS,FUN_8003001C,"PSXRecomp medium: prologue-shaped, no proven call path; reachable=False; boundaries are static estimates",,False,True
D2KF.EXE,0x80030054,124,[],"[""0x80036380"", ""0x80040DF0""]",HYPOTHESIS,FUN_80030054,"PSXRecomp medium: prologue-shaped, no proven call path; reachable=False; boundaries are static estimates",,False,True
D2KF.EXE,0x800300D0,8,[],[],HYPOTHESIS,FUN_800300D0,"PSXRecomp low: no prologue, no jr $ra exit, unreachable from entry; reachable=False; boundaries are static estimates",,False,True
D2KF.EXE,0x800300D8,8,[],[],HYPOTHESIS,FUN_800300D8,"PSXRecomp low: no prologue, no jr $ra exit, unreachable from entry; reachable=False; boundaries are static estimates",,False,True
D2KF.EXE,0x800300E0,8,[],[],HYPOTHESIS,FUN_800300E0,"PSXRecomp low: no prologue, no jr $ra exit, unreachable from entry; reachable=False; boundaries are static estimates",,False,True
D2KF.EXE,0x800300E8,8,[],[],HYPOTHESIS,FUN_800300E8,"PSXRecomp low: no prologue, no jr $ra exit, unreachable from entry; reachable=False; boundaries are static estimates",,False,True
D2KF.EXE,0x800300F0,352,"[""0x800190E0""]","[""0x800405E0"", ""0x80040EB0"", ""0x80040F10"", ""0x80040FA0""]",LIKELY,FUN_800300F0,"PSXRecomp verified: prologue + epilogue + jr $ra, called from reachable code; reachable=True; boundaries are static estimates",,False,True
D2KF.EXE,0x80030254,52,[],"[""0x80030370"", ""0x80040BB0""]",HYPOTHESIS,FUN_80030254,"PSXRecomp medium: prologue-shaped, no proven call path; reachable=False; boundaries are static estimates",,False,False
D2KF.EXE,0x80030288,8,[],[],HYPOTHESIS,FUN_80030288,"PSXRecomp low: no prologue, no jr $ra exit, unreachable from entry; reachable=False; boundaries are static estimates",,False,True
D2KF.EXE,0x80030290,96,[],"[""0x800306C0"", ""0x80035ED0""]",HYPOTHESIS,FUN_80030290,"PSXRecomp medium: prologue-shaped, no proven call path; reachable=False; boundaries are static estimates",,False,True
D2KF.EXE,0x800302F0,32,[],"[""0x800360F0""]",HYPOTHESIS,FUN_800302F0,"PSXRecomp medium: prologue-shaped, no proven call path; reachable=False; boundaries are static estimates",,False,True
D2KF.EXE,0x80030310,96,"[""0x800190E0"", ""0x80019BE8"", ""0x8001AE34"", ""0x8001BDF0"", ""0x8001C8CC"", ""0x8001CE00"", ""0x8001DC40"", ""0x800276EC"", ""0x800285A8"", ""0x8002B078"", ""0x8002CB94"", ""0x8002D060"", ""0x8002D338"", ""0x8002F1EC"", ""0x8002F384"", ""0x8002F4B8""]","[""0x800306C0"", ""0x80035ED0""]",LIKELY,FUN_80030310,"PSXRecomp verified: prologue + epilogue + jr $ra, called from reachable code; reachable=True; boundaries are static estimates",,False,True
D2KF.EXE,0x80030370,32,"[""0x800190E0"", ""0x80019BE8"", ""0x8001AE34"", ""0x8001BDF0"", ""0x8001C8CC"", ""0x8001CE00"", ""0x8001DC40"", ""0x8001EC30"", ""0x800276EC"", ""0x800285A8"", ""0x8002B078"", ""0x8002CB94"", ""0x8002D268"", ""0x8002F1EC"", ""0x8002F384"", ""0x8002F4B8"", ""0x80030254""]","[""0x800360F0""]",LIKELY,FUN_80030370,"PSXRecomp verified: prologue + epilogue + jr $ra, called from reachable code; reachable=True; boundaries are static estimates",,False,True
D2KF.EXE,0x80030390,96,[],"[""0x800306C0"", ""0x80035ED0""]",HYPOTHESIS,FUN_80030390,"PSXRecomp medium: prologue-shaped, no proven call path; reachable=False; boundaries are static estimates",,False,True
D2KF.EXE,0x800303F0,32,[],"[""0x800360F0""]",HYPOTHESIS,FUN_800303F0,"PSXRecomp medium: prologue-shaped, no proven call path; reachable=False; boundaries are static estimates",,False,True
D2KF.EXE,0x80030410,64,[],"[""0x800306C0"", ""0x80036130""]",HYPOTHESIS,FUN_80030410,"PSXRecomp medium: prologue-shaped, no proven call path; reachable=False; boundaries are static estimates",,False,True
D2KF.EXE,0x80030450,52,"[""0x800190E0"", ""0x8001BDF0""]",[],LIKELY,FUN_80030450,"PSXRecomp high: jr $ra exit, reachable from entry; reachable=True; boundaries are static estimates",,False,True
D2KF.EXE,0x80030484,52,[],[],HYPOTHESIS,FUN_80030484,"PSXRecomp low: no prologue, no jr $ra exit, unreachable from entry; reachable=False; boundaries are static estimates",,False,True
D2KF.EXE,0x800304C0,76,"[""0x8002F4B8""]",[],HYPOTHESIS,FUN_800304C0,"PSXRecomp low: no prologue, no jr $ra exit, unreachable from entry; reachable=False; boundaries are static estimates",,False,True
D2KF.EXE,0x80030510,52,"[""0x8002DAD0"", ""0x8002F384"", ""0x8002F4B8"", ""0x80033D08"", ""0x80034070"", ""0x80038EF0"", ""0x80038FB0"", ""0x80039088"", ""0x800390BC"", ""0x800395B4""]",[],LIKELY,FUN_80030510,"PSXRecomp high: jr $ra exit, reachable from entry; reachable=True; boundaries are static estimates",,False,True
D2KF.EXE,0x80030550,48,"[""0x8001DC40"", ""0x8002B2A0"", ""0x8002CB94"", ""0x8002D060"", ""0x8002D338"", ""0x8002F1EC"", ""0x8002F4B8"", ""0x8002FC00""]",[],LIKELY,FUN_80030550,"PSXRecomp high: jr $ra exit, reachable from entry; reachable=True; boundaries are static estimates",,False,True
D2KF.EXE,0x80030580,48,[],[],HYPOTHESIS,FUN_80030580,"PSXRecomp low: no prologue, no jr $ra exit, unreachable from entry; reachable=False; boundaries are static estimates",,False,True
D2KF.EXE,0x800305B0,12,"[""0x800190E0""]",[],LIKELY,FUN_800305B0,"PSXRecomp high: jr $ra exit, reachable from entry; reachable=True; boundaries are static estimates",,False,True
D2KF.EXE,0x800305C0,100,"[""0x8002F044"", ""0x80033FCC"", ""0x800442D0"", ""0x8004446C""]",[],LIKELY,FUN_800305C0,"PSXRecomp high: jr $ra exit, reachable from entry; reachable=True; boundaries are static estimates",,False,True
D2KF.EXE,0x80030630,68,"[""0x800190E0"", ""0x8001CE00"", ""0x800204E4"", ""0x800227A0"", ""0x800285A8"", ""0x8002F1EC"", ""0x8002F4B8""]",[],LIKELY,FUN_80030630,"PSXRecomp high: jr $ra exit, reachable from entry; reachable=True; boundaries are static estimates",,False,True
D2KF.EXE,0x80030680,52,"[""0x8002FAAC"", ""0x80030700"", ""0x8003105C"", ""0x800441F0""]",[],LIKELY,FUN_80030680,"PSXRecomp high: jr $ra exit, reachable from entry; reachable=True; boundaries are static estimates",,False,True
D2KF.EXE,0x800306C0,60,"[""0x80019028"", ""0x8001DC40"", ""0x8001EC30"", ""0x80030290"", ""0x80030310"", ""0x80030390"", ""0x80030410"", ""0x80031970"", ""0x80032250"", ""0x800327AC"", ""0x80032A2C"", ""0x80032CF4"", ""0x80033398"", ""0x80033578"", ""0x80033A10"", ""0x80033D08"", ""0x80034070"", ""0x80035BF8"", ""0x8003680C"", ""0x80036E9C"", ""0x80038510"", ""0x80038684"", ""0x800386E0"", ""0x80038794"", ""0x800387F4"", ""0x8003888C"", ""0x800388F4"", ""0x80038CB0"", ""0x80038D78"", ""0x80038E80"", ""0x80038EF0"", ""0x80038FB0"", ""0x800390BC"", ""0x8003ADF4"", ""0x8003B2F4"", ""0x8003F970"", ""0x8003FBF0"", ""0x80041EA0"", ""0x800421EC"", ""0x80042700"", ""0x80042768"", ""0x80042A68"", ""0x80042D78"", ""0x80042F44"", ""0x80043138"", ""0x8004332C"", ""0x80043584"", ""0x800437DC"", ""0x80043868"", ""0x80043B6C"", ""0x80043C00"", ""0x80043D68"", ""0x80043F1C"", ""0x80044004"", ""0x80044590"", ""0x80045560""]","[""0x80030700""]",LIKELY,FUN_800306C0,"PSXRecomp verified: prologue + epilogue + jr $ra, called from reachable code; reachable=True; boundaries are static estimates",,False,True
D2KF.EXE,0x80030700,1684,"[""0x800306C0""]","[""0x80030680"", ""0x80030DA0"", ""0x80030DF0"", ""0x80030EEC""]",LIKELY,FUN_80030700,"PSXRecomp verified: prologue + epilogue + jr $ra, called from reachable code; reachable=True; boundaries are static estimates",,False,True
D2KF.EXE,0x80030DA0,80,"[""0x80030700"", ""0x8003105C""]",[],LIKELY,FUN_80030DA0,"PSXRecomp high: jr $ra exit, reachable from entry; reachable=True; boundaries are static estimates",,False,True
D2KF.EXE,0x80030DF0,252,"[""0x80030700"", ""0x80030DF0"", ""0x80030F28"", ""0x800339B0""]","[""0x80030DF0"", ""0x80035E50""]",LIKELY,FUN_80030DF0,"PSXRecomp verified: prologue + epilogue + jr $ra, called from reachable code; reachable=True; boundaries are static estimates",,False,True
D2KF.EXE,0x80030EEC,60,"[""0x80030700"", ""0x800339B0""]","[""0x80035E50""]",LIKELY,FUN_80030EEC,"PSXRecomp high: jr $ra exit, reachable from entry; reachable=True; boundaries are static estimates",,False,True
D2KF.EXE,0x80030F28,296,[],"[""0x80030DF0"", ""0x80035E50""]",HYPOTHESIS,FUN_80030F28,"PSXRecomp medium: prologue-shaped, no proven call path; reachable=False; boundaries are static estimates",,False,True
D2KF.EXE,0x80031050,12,"[""0x80019BE8"", ""0x8001AE34"", ""0x8001EC30"", ""0x800276EC"", ""0x8002F044"", ""0x8002F1EC"", ""0x8002F384"", ""0x8002F4B8"", ""0x8002F95C"", ""0x8002FB60""]",[],HYPOTHESIS,FUN_80031050,PSXRecomp low: reachable but no prologue and no jr $ra exit; reachable=True; boundaries are static estimates,,False,True
D2KF.EXE,0x8003105C,2164,[],"[""0x80030680"", ""0x80030DA0"", ""0x800318D0""]",HYPOTHESIS,FUN_8003105C,"PSXRecomp medium: prologue-shaped, no proven call path; reachable=False; boundaries are static estimates",,False,False
D2KF.EXE,0x800318D0,108,"[""0x8003105C""]",[],HYPOTHESIS,FUN_800318D0,"PSXRecomp low: no prologue, no jr $ra exit, unreachable from entry; reachable=False; boundaries are static estimates",,False,True
D2KF.EXE,0x80031940,44,"[""0x8002D47C""]","[""0x80034E80""]",LIKELY,libcd_StSetRing,"PSXRecomp verified: prologue + epilogue + jr $ra, called from reachable code; reachable=True; boundaries are static estimates",,False,True
D2KF.EXE,0x80031970,144,"[""0x8002D82C"", ""0x8002D9B4"", ""0x8002DAD0"", ""0x8002DDA8""]","[""0x800306C0"", ""0x80031A00""]",LIKELY,FUN_80031970,"PSXRecomp verified: prologue + epilogue + jr $ra, called from reachable code; reachable=True; boundaries are static estimates",,False,True
D2KF.EXE,0x80031A00,60,"[""0x80031970""]","[""0x8003325C"", ""0x80033398""]",LIKELY,FUN_80031A00,"PSXRecomp verified: prologue + epilogue + jr $ra, called from reachable code; reachable=True; boundaries are static estimates",,False,True
D2KF.EXE,0x80031A3C,40,[],"[""0x80035E00""]",LIKELY,FUN_80031A3C,"PSXRecomp verified: prologue + epilogue + jr $ra, called from reachable code; reachable=True; boundaries are static estimates",,False,True
D2KF.EXE,0x80031A64,40,[],"[""0x80035E00""]",LIKELY,FUN_80031A64,"PSXRecomp verified: prologue + epilogue + jr $ra, called from reachable code; reachable=True; boundaries are static estimates",,False,True
D2KF.EXE,0x80031A8C,40,[],"[""0x80035E00""]",LIKELY,FUN_80031A8C,"PSXRecomp verified: prologue + epilogue + jr $ra, called from reachable code; reachable=True; boundaries are static estimates",,False,True
D2KF.EXE,0x80031AC0,16,"[""0x80034778"", ""0x80034B00""]",[],LIKELY,FUN_80031AC0,"PSXRecomp high: jr $ra exit, reachable from entry; reachable=True; boundaries are static estimates",,False,True
D2KF.EXE,0x80031AD0,16,"[""0x80034778""]",[],LIKELY,FUN_80031AD0,"PSXRecomp high: jr $ra exit, reachable from entry; reachable=True; boundaries are static estimates",,False,True
D2KF.EXE,0x80031AE0,16,[],[],HYPOTHESIS,FUN_80031AE0,"PSXRecomp low: no prologue, no jr $ra exit, unreachable from entry; reachable=False; boundaries are static estimates",,False,True
D2KF.EXE,0x80031AF0,12,"[""0x80034778""]",[],LIKELY,FUN_80031AF0,"PSXRecomp high: jr $ra exit, reachable from entry; reachable=True; boundaries are static estimates",,False,True
D2KF.EXE,0x80031AFC,108,[],"[""0x8003325C"", ""0x8003334C"", ""0x80033398""]",HYPOTHESIS,libcd_CdReset,"PSXRecomp medium: prologue-shaped, no proven call path; reachable=False; boundaries are static estimates",,False,True
D2KF.EXE,0x80031B68,32,"[""0x80034778""]","[""0x80033188""]",LIKELY,FUN_80031B68,"PSXRecomp verified: prologue + epilogue + jr $ra, called from reachable code; reachable=True; boundaries are static estimates",,False,True
D2KF.EXE,0x80031B88,20,"[""0x8002D9B4""]",[],LIKELY,FUN_80031B88,"PSXRecomp high: jr $ra exit, reachable from entry; reachable=True; boundaries are static estimates",,False,True
D2KF.EXE,0x80031B9C,52,[],[],HYPOTHESIS,FUN_80031B9C,"PSXRecomp low: no prologue, no jr $ra exit, unreachable from entry; reachable=False; boundaries are static estimates",,False,True
D2KF.EXE,0x80031BD0,52,[],[],HYPOTHESIS,FUN_80031BD0,"PSXRecomp low: no prologue, no jr $ra exit, unreachable from entry; reachable=False; boundaries are static estimates",,False,True
D2KF.EXE,0x80031C04,32,"[""0x8002FD84""]","[""0x800327AC""]",HYPOTHESIS,FUN_80031C04,"PSXRecomp medium: prologue-shaped, no proven call path; reachable=False; boundaries are static estimates",,False,True
D2KF.EXE,0x80031C24,32,"[""0x80034C9C"", ""0x800352B0""]","[""0x80032A2C""]",LIKELY,FUN_80031C24,"PSXRecomp verified: prologue + epilogue + jr $ra, called from reachable code; reachable=True; boundaries are static estimates",,False,True
D2KF.EXE,0x80031C44,20,"[""0x80034400"", ""0x80034434"", ""0x800346A8"", ""0x80034778"", ""0x80034960"", ""0x80034B00""]",[],LIKELY,FUN_80031C44,"PSXRecomp high: jr $ra exit, reachable from entry; reachable=True; boundaries are static estimates",,False,True
D2KF.EXE,0x80031C58,20,"[""0x8002CB94"", ""0x8002D268"", ""0x80034434"", ""0x800346A8"", ""0x80034778"", ""0x80034960"", ""0x80034B00"", ""0x80034DD0"", ""0x80034EE0""]",[],LIKELY,FUN_80031C58,"PSXRecomp high: jr $ra exit, reachable from entry; reachable=True; boundaries are static estimates",,False,True
D2KF.EXE,0x80031C6C,316,"[""0x8002D9B4"", ""0x8002DAD0"", ""0x8002DDA8"", ""0x8003430C"", ""0x80034778"", ""0x80034DD0""]","[""0x80032CF4""]",LIKELY,libcd_CdControl,"PSXRecomp verified: prologue + epilogue + jr $ra, called from reachable code; reachable=True; boundaries are static estimates",,False,False
D2KF.EXE,0x80031DA8,308,"[""0x80034434"", ""0x800346A8"", ""0x80034778"", ""0x80034960""]","[""0x80032CF4""]",LIKELY,libcd_CdControlF,"PSXRecomp verified: prologue + epilogue + jr $ra, called from reachable code; reachable=True; boundaries are static estimates",,False,False
D2KF.EXE,0x80031EDC,332,"[""0x8002CB94"", ""0x8002D268"", ""0x8002FD3C"", ""0x8002FD84"", ""0x80034B00""]","[""0x800327AC"", ""0x80032CF4""]",LIKELY,libcd_CdControlB,"PSXRecomp verified: prologue + epilogue + jr $ra, called from reachable code; reachable=True; boundaries are static estimates",,False,True
D2KF.EXE,0x80032028,32,[],"[""0x80033100""]",HYPOTHESIS,libcd_CdMix,"PSXRecomp medium: prologue-shaped, no proven call path; reachable=False; boundaries are static estimates",,False,False
D2KF.EXE,0x80032048,32,"[""0x80034434""]","[""0x800336E0""]",LIKELY,FUN_80032048,"PSXRecomp verified: prologue + epilogue + jr $ra, called from reachable code; reachable=True; boundaries are static estimates",,False,True
D2KF.EXE,0x80032068,32,"[""0x80034434""]","[""0x800337E0""]",LIKELY,FUN_80032068,"PSXRecomp verified: prologue + epilogue + jr $ra, called from reachable code; reachable=True; boundaries are static estimates",,False,True
D2KF.EXE,0x80032088,36,"[""0x8002CB94"", ""0x8002D268"", ""0x80034434"", ""0x800346A8"", ""0x80034778"", ""0x80034960"", ""0x80034B00"", ""0x80034DD0"", ""0x80034EE0""]","[""0x80036600""]",LIKELY,FUN_80032088,"PSXRecomp verified: prologue + epilogue + jr $ra, called from reachable code; reachable=True; boundaries are static estimates",,False,True
D2KF.EXE,0x800320AC,32,"[""0x80034434"", ""0x80034960""]","[""0x80033578""]",LIKELY,FUN_800320AC,"PSXRecomp verified: prologue + epilogue + jr $ra, called from reachable code; reachable=True; boundaries are static estimates",,False,True
D2KF.EXE,0x800320CC,260,"[""0x8002DAD0"", ""0x8002DDA8"", ""0x80034070"", ""0x8003430C"", ""0x80034FEC""]",[],LIKELY,libcd_CdIntToPos,"PSXRecomp high: jr $ra exit, reachable from entry; reachable=True; boundaries are static estimates",,False,True
D2KF.EXE,0x800321D0,128,"[""0x8002DAD0"", ""0x8002DDA8"", ""0x8002DF5C"", ""0x8002FD84"", ""0x80034434"", ""0x80034778"", ""0x80034FEC""]",[],LIKELY,libcd_CdPosToInt,"PSXRecomp high: jr $ra exit, reachable from entry; reachable=True; boundaries are static estimates",,False,True
D2KF.EXE,0x80032250,1372,"[""0x800327AC"", ""0x80032A2C"", ""0x80032CF4"", ""0x800338D8""]","[""0x800306C0"", ""0x800339B0""]",LIKELY,FUN_80032250,"PSXRecomp verified: prologue + epilogue + jr $ra, called from reachable code; reachable=True; boundaries are static estimates",,False,True
D2KF.EXE,0x800327AC,640,"[""0x80031C04"", ""0x80031EDC"", ""0x80032CF4"", ""0x80033398""]","[""0x800306C0"", ""0x80032250"", ""0x80033188"", ""0x800339B0"", ""0x80036380"", ""0x800366F4""]",LIKELY,libcd_CD_sync,"PSXRecomp verified: prologue + epilogue + jr $ra, called from reachable code; reachable=True; boundaries are static estimates",,False,True
D2KF.EXE,0x80032A2C,712,"[""0x80031C24""]","[""0x800306C0"", ""0x80032250"", ""0x80033188"", ""0x800339B0"", ""0x80036380"", ""0x800366F4""]",LIKELY,libcd_CD_ready,"PSXRecomp verified: prologue + epilogue + jr $ra, called from reachable code; reachable=True; boundaries are static estimates",,False,True
D2KF.EXE,0x80032CF4,1036,"[""0x80031C6C"", ""0x80031DA8"", ""0x80031EDC"", ""0x80033398""]","[""0x800306C0"", ""0x80032250"", ""0x800327AC"", ""0x80033188"", ""0x800339B0"", ""0x80036380"", ""0x800366F4""]",LIKELY,libcd_CD_cw,"PSXRecomp high: jr $ra exit, reachable from entry; reachable=True; boundaries are static estimates",,False,True
D2KF.EXE,0x80033100,136,"[""0x80032028""]",[],HYPOTHESIS,libcd_CD_vol,"PSXRecomp low: no prologue, no jr $ra exit, unreachable from entry; reachable=False; boundaries are static estimates",,False,True
D2KF.EXE,0x80033188,212,"[""0x80031B68"", ""0x800327AC"", ""0x80032A2C"", ""0x80032CF4"", ""0x80033578""]",[],LIKELY,libcd_CD_flush,"PSXRecomp high: jr $ra exit, reachable from entry; reachable=True; boundaries are static estimates",,False,True
D2KF.EXE,0x8003325C,240,"[""0x80031A00"", ""0x80031AFC""]",[],LIKELY,libcd_CD_initvol,"PSXRecomp high: jr $ra exit, reachable from entry; reachable=True; boundaries are static estimates",,False,True
D2KF.EXE,0x8003334C,76,"[""0x80031AFC""]","[""0x800365A0"", ""0x800365D0""]",HYPOTHESIS,libcd_CD_initintr,"PSXRecomp medium: prologue-shaped, no proven call path; reachable=False; boundaries are static estimates",,False,True
D2KF.EXE,0x80033398,480,"[""0x80031A00"", ""0x80031AFC""]","[""0x800306C0"", ""0x800327AC"", ""0x80032CF4"", ""0x800339B0"", ""0x800365A0"", ""0x800365D0""]",LIKELY,libcd_CD_init,"PSXRecomp verified: prologue + epilogue + jr $ra, called from reachable code; reachable=True; boundaries are static estimates",,False,True
D2KF.EXE,0x80033578,360,"[""0x800320AC""]","[""0x800306C0"", ""0x80033188"", ""0x800339B0"", ""0x80036380""]",LIKELY,libcd_CD_datasync,"PSXRecomp verified: prologue + epilogue + jr $ra, called from reachable code; reachable=True; boundaries are static estimates",,False,False
D2KF.EXE,0x800336E0,256,"[""0x80032048""]",[],LIKELY,libcd_CD_getsector,"PSXRecomp high: jr $ra exit, reachable from entry; reachable=True; boundaries are static estimates",,False,True
D2KF.EXE,0x800337E0,236,"[""0x80032068""]",[],LIKELY,libcd_CD_getsector2,"PSXRecomp high: jr $ra exit, reachable from entry; reachable=True; boundaries are static estimates",,False,True
D2KF.EXE,0x800338CC,12,[],[],HYPOTHESIS,FUN_800338CC,"PSXRecomp low: no prologue, no jr $ra exit, unreachable from entry; reachable=False; boundaries are static estimates",,False,True
D2KF.EXE,0x800338D8,216,[],"[""0x80032250""]",LIKELY,FUN_800338D8,"PSXRecomp high: jr $ra exit, reachable from entry; reachable=True; boundaries are static estimates",,False,True
D2KF.EXE,0x800339B0,84,"[""0x80032250"", ""0x800327AC"", ""0x80032A2C"", ""0x80032CF4"", ""0x80033398"", ""0x80033578"", ""0x80034434"", ""0x80034778"", ""0x800364F8""]","[""0x80030DF0"", ""0x80030EEC""]",LIKELY,FUN_800339B0,"PSXRecomp verified: prologue + epilogue + jr $ra, called from reachable code; reachable=True; boundaries are static estimates",,False,True
D2KF.EXE,0x80033A10,728,"[""0x8002D9B4""]","[""0x800306C0"", ""0x80033CE8"", ""0x80033D08"", ""0x80033FCC"", ""0x80034070""]",LIKELY,FUN_80033A10,"PSXRecomp high: jr $ra exit, reachable from entry; reachable=True; boundaries are static estimates",,False,True
D2KF.EXE,0x80033CE8,32,"[""0x80033A10""]","[""0x80034380""]",LIKELY,libcd__cmp,"PSXRecomp verified: prologue + epilogue + jr $ra, called from reachable code; reachable=True; boundaries are static estimates",,False,True
D2KF.EXE,0x80033D08,708,"[""0x80033A10""]","[""0x80030510"", ""0x800306C0"", ""0x8003430C"", ""0x80034380""]",LIKELY,FUN_80033D08,"PSXRecomp verified: prologue + epilogue + jr $ra, called from reachable code; reachable=True; boundaries are static estimates",,False,True
D2KF.EXE,0x80033FCC,164,"[""0x80033A10""]","[""0x800305C0""]",LIKELY,FUN_80033FCC,"PSXRecomp verified: prologue + epilogue + jr $ra, called from reachable code; reachable=True; boundaries are static estimates",,False,True
D2KF.EXE,0x80034070,668,"[""0x80033A10""]","[""0x80030510"", ""0x800306C0"", ""0x800320CC"", ""0x8003430C""]",LIKELY,FUN_80034070,"PSXRecomp high: jr $ra exit, reachable from entry; reachable=True; boundaries are static estimates",,False,True
D2KF.EXE,0x8003430C,104,"[""0x80033D08"", ""0x80034070""]","[""0x80031C6C"", ""0x800320CC"", ""0x80034B00"", ""0x80034C9C""]",LIKELY,FUN_8003430C,"PSXRecomp verified: prologue + epilogue + jr $ra, called from reachable code; reachable=True; boundaries are static estimates",,False,True
D2KF.EXE,0x80034380,128,"[""0x80033CE8"", ""0x80033D08""]",[],LIKELY,FUN_80034380,"PSXRecomp high: jr $ra exit, reachable from entry; reachable=True; boundaries are static estimates",,False,True
D2KF.EXE,0x80034400,52,[],"[""0x80031C44""]",LIKELY,FUN_80034400,"PSXRecomp verified: prologue + epilogue + jr $ra, called from reachable code; reachable=True; boundaries are static estimates",,False,True
D2KF.EXE,0x80034434,628,[],"[""0x80031C44"", ""0x80031C58"", ""0x80031DA8"", ""0x80032048"", ""0x80032068"", ""0x80032088"", ""0x800320AC"", ""0x800321D0"", ""0x800339B0"", ""0x80034778"", ""0x80036380""]",LIKELY,FUN_80034434,"PSXRecomp verified: prologue + epilogue + jr $ra, called from reachable code; reachable=True; boundaries are static estimates",,False,True
D2KF.EXE,0x800346A8,208,[],"[""0x80031C44"", ""0x80031C58"", ""0x80031DA8"", ""0x80032088""]",LIKELY,FUN_800346A8,"PSXRecomp verified: prologue + epilogue + jr $ra, called from reachable code; reachable=True; boundaries are static estimates",,False,True
D2KF.EXE,0x80034778,488,"[""0x80034434"", ""0x80034B00"", ""0x80034C9C""]","[""0x80031AC0"", ""0x80031AD0"", ""0x80031AF0"", ""0x80031B68"", ""0x80031C44"", ""0x80031C58"", ""0x80031C6C"", ""0x80031DA8"", ""0x80032088"", ""0x800321D0"", ""0x800339B0"", ""0x80036380""]",LIKELY,FUN_80034778,"PSXRecomp verified: prologue + epilogue + jr $ra, called from reachable code; reachable=True; boundaries are static estimates",,False,True
D2KF.EXE,0x80034960,416,[],"[""0x80031C44"", ""0x80031C58"", ""0x80031DA8"", ""0x80032088"", ""0x800320AC"", ""0x80036380""]",HYPOTHESIS,libcd_CdReadBreak,"PSXRecomp low: no prologue, no jr $ra exit, unreachable from entry; reachable=False; boundaries are static estimates",,False,False
D2KF.EXE,0x80034B00,412,"[""0x8002D9B4"", ""0x8002DAD0"", ""0x8003430C""]","[""0x80031AC0"", ""0x80031C44"", ""0x80031C58"", ""0x80031EDC"", ""0x80032088"", ""0x80034778"", ""0x80036380""]",LIKELY,libcd_CdRead,"PSXRecomp verified: prologue + epilogue + jr $ra, called from reachable code; reachable=True; boundaries are static estimates",,False,False
D2KF.EXE,0x80034C9C,260,"[""0x8002D9B4"", ""0x8002DAD0"", ""0x8003430C""]","[""0x80031C24"", ""0x80034778"", ""0x80036380""]",LIKELY,libcd_CdReadSync,"PSXRecomp verified: prologue + epilogue + jr $ra, called from reachable code; reachable=True; boundaries are static estimates",,False,False
D2KF.EXE,0x80034DA0,20,[],[],HYPOTHESIS,FUN_80034DA0,"PSXRecomp low: no prologue, no jr $ra exit, unreachable from entry; reachable=False; boundaries are static estimates",,False,True
D2KF.EXE,0x80034DB4,20,[],[],HYPOTHESIS,libcd_CdReadMode,"PSXRecomp low: no prologue, no jr $ra exit, unreachable from entry; reachable=False; boundaries are static estimates",,False,True
D2KF.EXE,0x80034DD0,132,"[""0x8002D82C""]","[""0x80031C58"", ""0x80031C6C"", ""0x80032088""]",HYPOTHESIS,FUN_80034DD0,"PSXRecomp medium: prologue-shaped, no proven call path; reachable=False; boundaries are static estimates",,False,True
D2KF.EXE,0x80034E54,32,[],"[""0x800352B0""]",HYPOTHESIS,libetc_PadStop,PSXRecomp medium: address taken but no call-graph path from entry; reachable=False; boundaries are static estimates,,False,True
D2KF.EXE,0x80034E80,96,"[""0x80031940""]","[""0x80035190""]",LIKELY,libcd_StClearRing,"PSXRecomp verified: prologue + epilogue + jr $ra, called from reachable code; reachable=True; boundaries are static estimates",,False,True
D2KF.EXE,0x80034EE0,128,"[""0x8002CB94"", ""0x8002D268""]","[""0x80031C58"", ""0x80032088"", ""0x80035DB4"", ""0x80035DDC"", ""0x80035E10"", ""0x80035E20""]",LIKELY,libcd_StUnSetRing,"PSXRecomp verified: prologue + epilogue + jr $ra, called from reachable code; reachable=True; boundaries are static estimates",,False,True
D2KF.EXE,0x80034F60,140,"[""0x800352B0""]",[],HYPOTHESIS,libcd_data_ready_callback,PSXRecomp medium: address taken but no call-graph path from entry; reachable=False; boundaries are static estimates,,False,True
D2KF.EXE,0x80034FEC,88,[],"[""0x800320CC"", ""0x800321D0""]",HYPOTHESIS,libcd_StGetBackloc,"PSXRecomp low: no prologue, no jr $ra exit, unreachable from entry; reachable=False; boundaries are static estimates",,False,True
D2KF.EXE,0x80035050,132,"[""0x8002D47C""]","[""0x80035290""]",LIKELY,libcd_StSetStream,"PSXRecomp verified: prologue + epilogue + jr $ra, called from reachable code; reachable=True; boundaries are static estimates",,False,True
D2KF.EXE,0x800350E0,172,"[""0x8002D5F0""]",[],LIKELY,libcd_StFreeRing,"PSXRecomp high: jr $ra exit, reachable from entry; reachable=True; boundaries are static estimates",,False,True
D2KF.EXE,0x80035190,52,"[""0x80034E80"", ""0x800352B0""]",[],LIKELY,libcd_init_ring_status,"PSXRecomp high: jr $ra exit, reachable from entry; reachable=True; boundaries are static estimates",,False,True
D2KF.EXE,0x800351D0,184,"[""0x8002D674""]",[],LIKELY,libcd_StGetNext,"PSXRecomp high: jr $ra exit, reachable from entry; reachable=True; boundaries are static estimates",,False,True
D2KF.EXE,0x80035290,28,"[""0x80035050""]",[],LIKELY,libcd_StSetMask,"PSXRecomp high: jr $ra exit, reachable from entry; reachable=True; boundaries are static estimates",,False,False
D2KF.EXE,0x800352B0,2332,"[""0x8002D4EC"", ""0x80034E54""]","[""0x80031C24"", ""0x80034F60"", ""0x80035190"", ""0x80035BCC"", ""0x80035BF8""]",HYPOTHESIS,FUN_800352B0,"PSXRecomp medium: prologue-shaped, no proven call path; reachable=False; boundaries are static estimates",,False,True
D2KF.EXE,0x80035BCC,44,"[""0x800352B0""]",[],HYPOTHESIS,FUN_80035BCC,"PSXRecomp low: no prologue, no jr $ra exit, unreachable from entry; reachable=False; boundaries are static estimates",,False,True
D2KF.EXE,0x80035BF8,424,"[""0x800352B0""]","[""0x800306C0""]",HYPOTHESIS,FUN_80035BF8,"PSXRecomp medium: prologue-shaped, no proven call path; reachable=False; boundaries are static estimates",,False,True
D2KF.EXE,0x80035DA0,20,[],[],HYPOTHESIS,FUN_80035DA0,"PSXRecomp low: no prologue, no jr $ra exit, unreachable from entry; reachable=False; boundaries are static estimates",,False,True
D2KF.EXE,0x80035DB4,20,"[""0x80034EE0""]",[],LIKELY,FUN_80035DB4,"PSXRecomp high: jr $ra exit, reachable from entry; reachable=True; boundaries are static estimates",,False,True
D2KF.EXE,0x80035DC8,20,[],[],HYPOTHESIS,FUN_80035DC8,"PSXRecomp low: no prologue, no jr $ra exit, unreachable from entry; reachable=False; boundaries are static estimates",,False,True
D2KF.EXE,0x80035DDC,36,"[""0x80034EE0""]","[""0x80036600""]",LIKELY,FUN_80035DDC,"PSXRecomp verified: prologue + epilogue + jr $ra, called from reachable code; reachable=True; boundaries are static estimates",,False,True
D2KF.EXE,0x80035E00,16,"[""0x80031A3C"", ""0x80031A64"", ""0x80031A8C"", ""0x8003B680"", ""0x8003B92C"", ""0x8003C0D8"", ""0x8003FDB0""]",[],LIKELY,libapi_DeliverEvent,PSXRecomp verified: PSY-Q kernel dispatch thunk to B0(07h); reachable=True; boundaries are static estimates,B0:07 DeliverEvent,False,False
D2KF.EXE,0x80035E10,16,"[""0x80034EE0"", ""0x80036B24"", ""0x80038420"", ""0x8003B590"", ""0x8003B5D4"", ""0x8003BB88"", ""0x8003CF10"", ""0x8003CFDC"", ""0x8003F8D8"", ""0x800404E0"", ""0x80044760"", ""0x8004495C"", ""0x80044DC0"", ""0x80044E2C"", ""0x80044EAC"", ""0x80044F3C"", ""0x80045034"", ""0x800450AC"", ""0x800451F8"", ""0x80045270"", ""0x800453A8"", ""0x8004543C"", ""0x800454E0""]",[],LIKELY,libapi_EnterCriticalSection,"PSXRecomp high: jr $ra exit, reachable from entry; reachable=True; boundaries are static estimates",,False,False
D2KF.EXE,0x80035E20,16,"[""0x80034EE0"", ""0x8003679C"", ""0x80036BC4"", ""0x80038420"", ""0x8003B590"", ""0x8003B5D4"", ""0x8003BB88"", ""0x8003CF10"", ""0x8003CFDC"", ""0x8003F8D8"", ""0x800404E0"", ""0x80044760"", ""0x8004495C"", ""0x80044DC0"", ""0x80044E2C"", ""0x80044EAC"", ""0x80044F3C"", ""0x80045034"", ""0x800450AC"", ""0x80045270"", ""0x800454E0""]",[],LIKELY,libapi_ExitCriticalSection,"PSXRecomp high: jr $ra exit, reachable from entry; reachable=True; boundaries are static estimates",,False,False
D2KF.EXE,0x80035E30,16,"[""0x800190E0"", ""0x80042D78"", ""0x80043444"", ""0x8004369C"", ""0x80043B6C"", ""0x80043C00""]",[],LIKELY,libapi_open,PSXRecomp verified: PSY-Q kernel dispatch thunk to B0(32h); reachable=True; boundaries are static estimates,B0:32 FileOpen,False,False
D2KF.EXE,0x80035E40,16,"[""0x800227A0"", ""0x80043088""]",[],LIKELY,libapi_read,PSXRecomp verified: PSY-Q kernel dispatch thunk to B0(34h); reachable=True; boundaries are static estimates,B0:34 FileRead,False,False
D2KF.EXE,0x80035E50,16,"[""0x800227A0"", ""0x80030DF0"", ""0x80030EEC"", ""0x80030F28"", ""0x800431F0""]",[],LIKELY,libapi_write,PSXRecomp verified: PSY-Q kernel dispatch thunk to B0(35h); reachable=True; boundaries are static estimates,B0:35 FileWrite,False,False
D2KF.EXE,0x80035E60,16,"[""0x800190E0"", ""0x80042D78"", ""0x80042F00"", ""0x80043444"", ""0x8004369C"", ""0x80043C00""]",[],LIKELY,libapi_close,PSXRecomp verified: PSY-Q kernel dispatch thunk to B0(36h); reachable=True; boundaries are static estimates,B0:36 FileClose,False,False
D2KF.EXE,0x80035E70,16,"[""0x8002E100"", ""0x800364F8"", ""0x800369DC"", ""0x80044DC0"", ""0x80044E2C"", ""0x80044EAC"", ""0x80044F3C"", ""0x80044FCC""]",[],LIKELY,libapi_ChangeClearPAD,PSXRecomp verified: PSY-Q kernel dispatch thunk to B0(5Bh); reachable=True; boundaries are static estimates,B0:5B ChangeClearPad,False,False
D2KF.EXE,0x80035E80,80,"[""0x8002EC40""]",[],LIKELY,libapi_InitHeap2,"PSXRecomp high: jr $ra exit, reachable from entry; reachable=True; boundaries are static estimates",,False,True
D2KF.EXE,0x80035ED0,440,"[""0x80030290"", ""0x80030310"", ""0x80030390"", ""0x80036130""]","[""0x80036088""]",LIKELY,FUN_80035ED0,"PSXRecomp verified: prologue + epilogue + jr $ra, called from reachable code; reachable=True; boundaries are static estimates",,False,True
D2KF.EXE,0x80036088,96,"[""0x80035ED0""]",[],LIKELY,FUN_80036088,"PSXRecomp high: jr $ra exit, reachable from entry; reachable=True; boundaries are static estimates",,False,True
D2KF.EXE,0x800360F0,56,"[""0x800302F0"", ""0x80030370"", ""0x800303F0"", ""0x80036130""]",[],LIKELY,libapi_free2,"PSXRecomp high: jr $ra exit, reachable from entry; reachable=True; boundaries are static estimates",,False,True
D2KF.EXE,0x80036130,144,"[""0x80030410""]","[""0x80035ED0"", ""0x800360F0"", ""0x800361C0"", ""0x80036348""]",HYPOTHESIS,FUN_80036130,"PSXRecomp medium: prologue-shaped, no proven call path; reachable=False; boundaries are static estimates",,False,True
D2KF.EXE,0x800361C0,392,"[""0x80036130""]",[],HYPOTHESIS,FUN_800361C0,"PSXRecomp low: no prologue, no jr $ra exit, unreachable from entry; reachable=False; boundaries are static estimates",,False,True
D2KF.EXE,0x80036348,52,"[""0x80036130""]",[],HYPOTHESIS,FUN_80036348,"PSXRecomp low: no prologue, no jr $ra exit, unreachable from entry; reachable=False; boundaries are static estimates",,False,True
D2KF.EXE,0x80036380,376,"[""0x80019028"", ""0x800190E0"", ""0x80019BE8"", ""0x8001AE34"", ""0x8001BDF0"", ""0x8001C8CC"", ""0x8001CE00"", ""0x800204E4"", ""0x800227A0"", ""0x800255A4"", ""0x800276EC"", ""0x800285A8"", ""0x8002CB94"", ""0x80030054"", ""0x800327AC"", ""0x80032A2C"", ""0x80032CF4"", ""0x80033578"", ""0x80034434"", ""0x80034778"", ""0x80034960"", ""0x80034B00"", ""0x80034C9C"", ""0x8003ADC0"", ""0x8003ADF4"", ""0x8003AFD8"", ""0x8003B0C4"", ""0x8003B1B0"", ""0x8003B2F4""]","[""0x800364F8""]",LIKELY,FUN_80036380,"PSXRecomp high: jr $ra exit, reachable from entry; reachable=True; boundaries are static estimates",,False,True
D2KF.EXE,0x800364F8,152,"[""0x80036380""]","[""0x800339B0"", ""0x80035E70"", ""0x80036590""]",LIKELY,FUN_800364F8,"PSXRecomp verified: prologue + epilogue + jr $ra, called from reachable code; reachable=True; boundaries are static estimates",,False,True
D2KF.EXE,0x80036590,16,"[""0x800364F8"", ""0x800369DC"", ""0x8003CF10"", ""0x8003CFDC""]",[],LIKELY,libapi_ChangeClearRCnt,PSXRecomp verified: PSY-Q kernel dispatch thunk to C0(0Ah); reachable=True; boundaries are static estimates,C0:0A ChangeClearRCnt,False,False
D2KF.EXE,0x800365A0,48,"[""0x800190E0"", ""0x8003334C"", ""0x80033398"", ""0x80038510"", ""0x8003F7F0"", ""0x80041BE0""]",[],LIKELY,FUN_800365A0,"PSXRecomp high: jr $ra exit, reachable from entry; reachable=True; boundaries are static estimates",,False,True
D2KF.EXE,0x800365D0,48,"[""0x8003334C"", ""0x80033398"", ""0x80036D30"", ""0x80036E50""]",[],LIKELY,FUN_800365D0,"PSXRecomp high: jr $ra exit, reachable from entry; reachable=True; boundaries are static estimates",,False,True
D2KF.EXE,0x80036600,48,"[""0x80032088"", ""0x80035DDC"", ""0x800386E0"", ""0x8003A624"", ""0x8003A8D4"", ""0x8003AFD8"", ""0x8003B0C4"", ""0x8003B1B0"", ""0x8003B2F4"", ""0x8003B3F0"", ""0x800404B0"", ""0x80041E58"", ""0x80041E7C""]",[],LIKELY,FUN_80036600,"PSXRecomp high: jr $ra exit, reachable from entry; reachable=True; boundaries are static estimates",,False,True
D2KF.EXE,0x80036630,52,"[""0x800190E0""]",[],LIKELY,libetc_VSyncCallback,"PSXRecomp verified: prologue + epilogue + jr $ra, called from reachable code; reachable=True; boundaries are static estimates",,False,False
D2KF.EXE,0x80036664,48,"[""0x80042650"", ""0x800426C0""]",[],LIKELY,FUN_80036664,"PSXRecomp high: jr $ra exit, reachable from entry; reachable=True; boundaries are static estimates",,False,True
D2KF.EXE,0x80036694,48,"[""0x800190E0""]",[],LIKELY,FUN_80036694,"PSXRecomp high: jr $ra exit, reachable from entry; reachable=True; boundaries are static estimates",,False,True
D2KF.EXE,0x800366C4,48,[],[],HYPOTHESIS,FUN_800366C4,"PSXRecomp low: no prologue, no jr $ra exit, unreachable from entry; reachable=False; boundaries are static estimates",,False,True
D2KF.EXE,0x800366F4,16,"[""0x800327AC"", ""0x80032A2C"", ""0x80032CF4""]",[],LIKELY,FUN_800366F4,"PSXRecomp high: jr $ra exit, reachable from entry; reachable=True; boundaries are static estimates",,False,True
D2KF.EXE,0x80036704,24,[],[],HYPOTHESIS,FUN_80036704,"PSXRecomp low: no prologue, no jr $ra exit, unreachable from entry; reachable=False; boundaries are static estimates",,False,True
D2KF.EXE,0x8003671C,24,"[""0x8003A624"", ""0x8003A8D4"", ""0x8003AB34"", ""0x8003ADF4""]",[],LIKELY,FUN_8003671C,"PSXRecomp high: jr $ra exit, reachable from entry; reachable=True; boundaries are static estimates",,False,True
D2KF.EXE,0x80036734,104,[],"[""0x80036C3C"", ""0x80036C60""]",HYPOTHESIS,FUN_80036734,PSXRecomp medium: address taken but no call-graph path from entry; reachable=True; boundaries are static estimates,,False,True
D2KF.EXE,0x8003679C,112,[],"[""0x80035E20"", ""0x8003680C"", ""0x80036CE8"", ""0x80036D20"", ""0x80036D30"", ""0x80036E50""]",HYPOTHESIS,FUN_8003679C,"PSXRecomp low: no prologue, no jr $ra exit, unreachable from entry; reachable=False; boundaries are static estimates",,False,False
D2KF.EXE,0x8003680C,464,"[""0x8003679C""]","[""0x800306C0"", ""0x80036D00""]",HYPOTHESIS,FUN_8003680C,"PSXRecomp medium: prologue-shaped, no proven call path; reachable=False; boundaries are static estimates",,False,True
D2KF.EXE,0x800369DC,328,[],"[""0x80035E70"", ""0x80036590""]",LIKELY,FUN_800369DC,"PSXRecomp high: jr $ra exit, reachable from entry; reachable=True; boundaries are static estimates",,False,True
D2KF.EXE,0x80036B24,160,[],"[""0x80035E10"", ""0x80036D10""]",LIKELY,FUN_80036B24,"PSXRecomp high: jr $ra exit, reachable from entry; reachable=True; boundaries are static estimates",,False,True
D2KF.EXE,0x80036BC4,120,[],"[""0x80035E20"", ""0x80036D20""]",HYPOTHESIS,FUN_80036BC4,"PSXRecomp medium: prologue-shaped, no proven call path; reachable=False; boundaries are static estimates",,False,True
D2KF.EXE,0x80036C3C,36,"[""0x80036734""]",[],LIKELY,FUN_80036C3C,"PSXRecomp high: jr $ra exit, reachable from entry; reachable=True; boundaries are static estimates",,False,True
D2KF.EXE,0x80036C60,60,"[""0x80036734""]",[],LIKELY,FUN_80036C60,"PSXRecomp high: jr $ra exit, reachable from entry; reachable=True; boundaries are static estimates",,False,True
D2KF.EXE,0x80036C9C,60,[],[],HYPOTHESIS,FUN_80036C9C,"PSXRecomp low: no prologue, no jr $ra exit, unreachable from entry; reachable=False; boundaries are static estimates",,False,True
D2KF.EXE,0x80036CE8,24,"[""0x8003679C""]",[],LIKELY,libapi__96_remove,PSXRecomp verified: PSY-Q kernel dispatch thunk to A0(72h); reachable=False; boundaries are static estimates,A0:72 CdRemove,False,False
D2KF.EXE,0x80036D00,16,"[""0x8003680C""]",[],LIKELY,libapi_ReturnFromException,PSXRecomp verified: PSY-Q kernel dispatch thunk to B0(17h); reachable=False; boundaries are static estimates,B0:17 ReturnFromException,False,False
D2KF.EXE,0x80036D10,16,"[""0x80036B24""]",[],LIKELY,libapi_ResetEntryInt,PSXRecomp verified: PSY-Q kernel dispatch thunk to B0(18h); reachable=True; boundaries are static estimates,B0:18 SetDefaultExitFromException,False,True
D2KF.EXE,0x80036D20,16,"[""0x8003679C"", ""0x80036BC4""]",[],LIKELY,libapi_HookEntryInt,PSXRecomp verified: PSY-Q kernel dispatch thunk to B0(19h); reachable=False; boundaries are static estimates,B0:19 SetCustomExitFromException,False,False
D2KF.EXE,0x80036D30,88,"[""0x8003679C""]","[""0x800365D0"", ""0x80036E20""]",HYPOTHESIS,libetc_startIntrVSync,"PSXRecomp medium: prologue-shaped, no proven call path; reachable=False; boundaries are static estimates",,False,True
D2KF.EXE,0x80036D88,108,[],[],HYPOTHESIS,FUN_80036D88,PSXRecomp medium: address taken but no call-graph path from entry; reachable=False; boundaries are static estimates,,False,True
D2KF.EXE,0x80036DF4,44,[],[],HYPOTHESIS,libetc_setIntrVSync,PSXRecomp medium: address taken but no call-graph path from entry; reachable=False; boundaries are static estimates,,False,True
D2KF.EXE,0x80036E20,36,"[""0x80036D30""]",[],HYPOTHESIS,FUN_80036E20,"PSXRecomp low: no prologue, no jr $ra exit, unreachable from entry; reachable=False; boundaries are static estimates",,False,True
D2KF.EXE,0x80036E50,76,"[""0x8003679C""]","[""0x800365D0"", ""0x800370C8""]",HYPOTHESIS,FUN_80036E50,"PSXRecomp medium: prologue-shaped, no proven call path; reachable=False; boundaries are static estimates",,False,True
D2KF.EXE,0x80036E9C,384,[],"[""0x800306C0""]",HYPOTHESIS,FUN_80036E9C,PSXRecomp medium: address taken but no call-graph path from entry; reachable=False; boundaries are static estimates,,False,True
D2KF.EXE,0x8003701C,172,[],[],HYPOTHESIS,FUN_8003701C,PSXRecomp medium: address taken but no call-graph path from entry; reachable=False; boundaries are static estimates,,False,True
D2KF.EXE,0x800370C8,36,"[""0x80036E50""]",[],HYPOTHESIS,FUN_800370C8,"PSXRecomp low: no prologue, no jr $ra exit, unreachable from entry; reachable=False; boundaries are static estimates",,False,True
D2KF.EXE,0x800370F0,20,"[""0x800190E0""]",[],LIKELY,FUN_800370F0,"PSXRecomp high: jr $ra exit, reachable from entry; reachable=True; boundaries are static estimates",,False,True
D2KF.EXE,0x80037104,16,"[""0x80037194"", ""0x800390BC"", ""0x8003B450""]",[],LIKELY,libetc_GetVideoMode,"PSXRecomp high: jr $ra exit, reachable from entry; reachable=True; boundaries are static estimates",,False,False
D2KF.EXE,0x80037120,116,"[""0x800190E0""]","[""0x80037194"", ""0x80037318"", ""0x80037680"", ""0x80037790"", ""0x80038060""]",LIKELY,FUN_80037120,"PSXRecomp verified: prologue + epilogue + jr $ra, called from reachable code; reachable=True; boundaries are static estimates",,False,True
D2KF.EXE,0x80037194,284,"[""0x80037120""]","[""0x80037104"", ""0x80038510"", ""0x80038EF0"", ""0x800390BC""]",LIKELY,FUN_80037194,"PSXRecomp verified: prologue + epilogue + jr $ra, called from reachable code; reachable=True; boundaries are static estimates",,False,True
D2KF.EXE,0x800372B0,104,[],"[""0x80037318""]",HYPOTHESIS,FUN_800372B0,"PSXRecomp medium: prologue-shaped, no proven call path; reachable=False; boundaries are static estimates",,False,True
D2KF.EXE,0x80037318,544,"[""0x80037120"", ""0x800372B0""]",[],LIKELY,FUN_80037318,"PSXRecomp high: jr $ra exit, reachable from entry; reachable=True; boundaries are static estimates",,False,True
D2KF.EXE,0x80037538,312,"[""0x80019BE8"", ""0x8001AE34"", ""0x8001BDF0"", ""0x8001C8CC"", ""0x8001CE00"", ""0x800204E4"", ""0x800227A0"", ""0x800255A4"", ""0x800276EC"", ""0x800285A8""]","[""0x8003B550""]",LIKELY,libgs_GsSortClear,"PSXRecomp high: jr $ra exit, reachable from entry; reachable=True; boundaries are static estimates",,False,False
D2KF.EXE,0x80037670,16,"[""0x80019BE8"", ""0x8001AE34"", ""0x8001BDF0"", ""0x8001C8CC"", ""0x8001CE00"", ""0x8001DC40"", ""0x800204E4"", ""0x800227A0"", ""0x800255A4"", ""0x800276EC"", ""0x800285A8""]",[],LIKELY,FUN_80037670,"PSXRecomp high: jr $ra exit, reachable from entry; reachable=True; boundaries are static estimates",,False,True
D2KF.EXE,0x80037680,264,"[""0x80037120"", ""0x80037890"", ""0x80037940"", ""0x800379E0""]","[""0x80038400"", ""0x80038EF0""]",LIKELY,libgs_GsSetDrawBuffOffset,"PSXRecomp high: jr $ra exit, reachable from entry; reachable=True; boundaries are static estimates",,False,True
D2KF.EXE,0x80037790,120,"[""0x80037120"", ""0x80037890"", ""0x80037940""]","[""0x80038EF0""]",LIKELY,libgs_GsSetDrawBuffClip,"PSXRecomp verified: prologue + epilogue + jr $ra, called from reachable code; reachable=True; boundaries are static estimates",,False,True
D2KF.EXE,0x80037810,120,"[""0x8001BDF0""]","[""0x80038EF0""]",LIKELY,libgs_GsSetClip,"PSXRecomp verified: prologue + epilogue + jr $ra, called from reachable code; reachable=True; boundaries are static estimates",,False,True
D2KF.EXE,0x80037890,164,"[""0x800190E0"", ""0x80019BE8"", ""0x8001AE34"", ""0x8001BDF0"", ""0x8001C8CC"", ""0x8001CE00"", ""0x800204E4"", ""0x800227A0"", ""0x800255A4"", ""0x800276EC"", ""0x800285A8""]","[""0x80037680"", ""0x80037790"", ""0x800387F4"", ""0x800390BC""]",LIKELY,libgs_GsSwapDispBuff,"PSXRecomp high: jr $ra exit, reachable from entry; reachable=True; boundaries are static estimates",,False,True
D2KF.EXE,0x80037940,152,"[""0x800190E0""]","[""0x80037680"", ""0x80037790""]",LIKELY,libgs_GsDefDispBuff,"PSXRecomp verified: prologue + epilogue + jr $ra, called from reachable code; reachable=True; boundaries are static estimates",,False,False
D2KF.EXE,0x800379E0,116,"[""0x800190E0""]","[""0x80037680""]",LIKELY,libgs_GsInit3D,"PSXRecomp verified: prologue + epilogue + jr $ra, called from reachable code; reachable=True; boundaries are static estimates",,False,True
D2KF.EXE,0x80037A60,1208,[],"[""0x80037F18"", ""0x80037F7C"", ""0x80038320""]",HYPOTHESIS,FUN_80037A60,"PSXRecomp medium: prologue-shaped, no proven call path; reachable=False; boundaries are static estimates",,False,True
D2KF.EXE,0x80037F18,100,"[""0x80037A60""]","[""0x800383B0""]",HYPOTHESIS,FUN_80037F18,"PSXRecomp medium: prologue-shaped, no proven call path; reachable=False; boundaries are static estimates",,False,True
D2KF.EXE,0x80037F7C,76,"[""0x80037A60""]",[],HYPOTHESIS,FUN_80037F7C,"PSXRecomp low: no prologue, no jr $ra exit, unreachable from entry; reachable=False; boundaries are static estimates",,False,True
D2KF.EXE,0x80037FD0,36,"[""0x80019BE8"", ""0x8001AE34"", ""0x8001BDF0"", ""0x8001C8CC"", ""0x8001CE00"", ""0x800204E4"", ""0x800227A0"", ""0x800255A4"", ""0x800276EC"", ""0x800285A8""]","[""0x80038E80""]",LIKELY,FUN_80037FD0,"PSXRecomp verified: prologue + epilogue + jr $ra, called from reachable code; reachable=True; boundaries are static estimates",,False,True
D2KF.EXE,0x80038000,88,"[""0x80019BE8"", ""0x8001AE34"", ""0x8001BDF0"", ""0x8001C8CC"", ""0x8001CE00"", ""0x8001DC40"", ""0x800204E4"", ""0x800227A0"", ""0x800255A4"", ""0x800276EC"", ""0x800285A8""]","[""0x80038D78""]",LIKELY,libgs_GsClearOt,"PSXRecomp verified: prologue + epilogue + jr $ra, called from reachable code; reachable=True; boundaries are static estimates",,False,True
D2KF.EXE,0x80038060,76,"[""0x80037120""]","[""0x80038298"", ""0x800383E0"", ""0x80038400""]",LIKELY,libgs_gte_init,"PSXRecomp verified: prologue + epilogue + jr $ra, called from reachable code; reachable=True; boundaries are static estimates",,False,True
D2KF.EXE,0x800380B0,228,"[""0x800204E4"", ""0x800227A0"", ""0x800255A4"", ""0x800276EC"", ""0x800285A8"", ""0x8002A698"", ""0x8002A7DC""]",[],LIKELY,libgs_GsGetTimInfo,"PSXRecomp high: jr $ra exit, reachable from entry; reachable=True; boundaries are static estimates",,False,True
D2KF.EXE,0x800381A0,200,[],[],HYPOTHESIS,libgs_Gssub_make_matrix,"PSXRecomp low: no prologue, no jr $ra exit, unreachable from entry; reachable=False; boundaries are static estimates",,False,True
D2KF.EXE,0x80038270,12,"[""0x80019BE8"", ""0x8001AE34"", ""0x8001BDF0"", ""0x8001C8CC"", ""0x8001CE00"", ""0x8001DC40"", ""0x8001EC30"", ""0x80020000"", ""0x800204E4"", ""0x800227A0"", ""0x800255A4"", ""0x800276EC"", ""0x800285A8"", ""0x8002A214"", ""0x8002A3EC"", ""0x8002A908"", ""0x8002AB6C""]",[],LIKELY,FUN_80038270,"PSXRecomp high: jr $ra exit, reachable from entry; reachable=True; boundaries are static estimates",,False,True
D2KF.EXE,0x80038280,16,"[""0x80019BE8"", ""0x8001AE34"", ""0x8001BDF0"", ""0x8001C8CC"", ""0x8001CE00"", ""0x8001DC40"", ""0x8001EC30"", ""0x800204E4"", ""0x800227A0"", ""0x800255A4"", ""0x800276EC"", ""0x800285A8"", ""0x8002A214"", ""0x8002A3EC"", ""0x8002A908"", ""0x8002AB6C""]",[],LIKELY,FUN_80038280,"PSXRecomp high: jr $ra exit, reachable from entry; reachable=True; boundaries are static estimates",,False,True
D2KF.EXE,0x80038290,8,[],[],HYPOTHESIS,FUN_80038290,"PSXRecomp low: no prologue, no jr $ra exit, unreachable from entry; reachable=False; boundaries are static estimates",,False,False
D2KF.EXE,0x80038298,128,"[""0x80038060""]","[""0x80038420""]",LIKELY,libgte_InitGeom,"PSXRecomp high: jr $ra exit, reachable from entry; reachable=True; boundaries are static estimates",,True,True
D2KF.EXE,0x80038320,124,"[""0x80037A60""]",[],HYPOTHESIS,libgte_SquareRoot0,"PSXRecomp low: no prologue, no jr $ra exit, unreachable from entry; reachable=False; boundaries are static estimates",,True,True
D2KF.EXE,0x8003839C,8,[],[],HYPOTHESIS,FUN_8003839C,"PSXRecomp low: no prologue, no jr $ra exit, unreachable from entry; reachable=False; boundaries are static estimates",,False,False
D2KF.EXE,0x800383B0,48,"[""0x80037F18""]",[],HYPOTHESIS,libgte_SetColorMatrix,"PSXRecomp low: no prologue, no jr $ra exit, unreachable from entry; reachable=False; boundaries are static estimates",,True,True
D2KF.EXE,0x800383E0,32,"[""0x80038060""]",[],LIKELY,libgte_SetFarColor,"PSXRecomp high: jr $ra exit, reachable from entry; reachable=True; boundaries are static estimates",,True,True
D2KF.EXE,0x80038400,24,"[""0x80037680"", ""0x80038060""]",[],LIKELY,libgte_SetGeomOffset,"PSXRecomp high: jr $ra exit, reachable from entry; reachable=True; boundaries are static estimates",,True,True
D2KF.EXE,0x80038420,172,"[""0x80038298""]","[""0x80035E10"", ""0x80035E20"", ""0x80038500""]",LIKELY,libgte__patch_gte,"PSXRecomp high: jr $ra exit, reachable from entry; reachable=True; boundaries are static estimates",,False,True
D2KF.EXE,0x80038500,16,"[""0x80038420"", ""0x8003B5D4"", ""0x800451F8"", ""0x80045270"", ""0x800453A8"", ""0x8004543C"", ""0x800454E0""]",[],LIKELY,libapi_FlushCache,PSXRecomp verified: PSY-Q kernel dispatch thunk to A0(44h); reachable=True; boundaries are static estimates,A0:44 FlushCache,False,True
D2KF.EXE,0x80038510,372,"[""0x800190E0"", ""0x80037194"", ""0x8003BB88""]","[""0x800306C0"", ""0x800365A0"", ""0x8003AB34"", ""0x8003B418"", ""0x8003B440""]",LIKELY,libgpu_ResetGraph,"PSXRecomp verified: prologue + epilogue + jr $ra, called from reachable code; reachable=True; boundaries are static estimates",,False,False
D2KF.EXE,0x80038684,92,[],"[""0x800306C0""]",HYPOTHESIS,libgpu_SetGraphDebug,"PSXRecomp medium: prologue-shaped, no proven call path; reachable=False; boundaries are static estimates",,False,True
D2KF.EXE,0x800386E0,164,[],"[""0x800306C0"", ""0x80036600""]",HYPOTHESIS,libgpu_SetGraphQueue,"PSXRecomp medium: prologue-shaped, no proven call path; reachable=False; boundaries are static estimates",,False,True
D2KF.EXE,0x80038784,16,[],[],HYPOTHESIS,FUN_80038784,"PSXRecomp low: no prologue, no jr $ra exit, unreachable from entry; reachable=False; boundaries are static estimates",,False,True
D2KF.EXE,0x80038794,96,[],"[""0x800306C0""]",HYPOTHESIS,libgpu_DrawSyncCallback,"PSXRecomp medium: prologue-shaped, no proven call path; reachable=False; boundaries are static estimates",,False,False
D2KF.EXE,0x800387F4,152,"[""0x8002CB94"", ""0x80037890""]","[""0x800306C0"", ""0x8003B418""]",LIKELY,libgpu_SetDispMask,"PSXRecomp verified: prologue + epilogue + jr $ra, called from reachable code; reachable=True; boundaries are static estimates",,False,False
D2KF.EXE,0x8003888C,104,"[""0x800190E0"", ""0x80019BE8"", ""0x8001AE34"", ""0x8001BDF0"", ""0x8001C8CC"", ""0x8001CE00"", ""0x800204E4"", ""0x800227A0"", ""0x800255A4"", ""0x800276EC"", ""0x800285A8"", ""0x8002A698"", ""0x8002A7DC"", ""0x8002AAE8"", ""0x8002CB94"", ""0x8002D4EC""]","[""0x800306C0""]",LIKELY,FUN_8003888C,"PSXRecomp high: jr $ra exit, reachable from entry; reachable=True; boundaries are static estimates",,False,True
D2KF.EXE,0x800388F4,284,"[""0x80038A10"", ""0x80038AA0"", ""0x80038B38"", ""0x80038B98"", ""0x80038BF8"", ""0x8003AFD8"", ""0x8003B0C4"", ""0x8003B1B0""]","[""0x800306C0""]",LIKELY,FUN_800388F4,"PSXRecomp verified: prologue + epilogue + jr $ra, called from reachable code; reachable=True; boundaries are static estimates",,False,True
D2KF.EXE,0x80038A10,144,"[""0x800190E0"", ""0x800276EC"", ""0x8002CB94"", ""0x8002DAD0""]","[""0x800388F4""]",LIKELY,libgpu_ClearImage,"PSXRecomp verified: prologue + epilogue + jr $ra, called from reachable code; reachable=True; boundaries are static estimates",,False,False
D2KF.EXE,0x80038AA0,152,[],"[""0x800388F4""]",HYPOTHESIS,libgpu_ClearImage2,"PSXRecomp medium: prologue-shaped, no proven call path; reachable=False; boundaries are static estimates",,False,True
D2KF.EXE,0x80038B38,96,"[""0x800190E0"", ""0x8002A698"", ""0x8002A7DC"", ""0x8002AAE8"", ""0x8002D4EC""]","[""0x800388F4""]",LIKELY,FUN_80038B38,"PSXRecomp verified: prologue + epilogue + jr $ra, called from reachable code; reachable=True; boundaries are static estimates",,False,True
D2KF.EXE,0x80038B98,96,[],"[""0x800388F4""]",HYPOTHESIS,FUN_80038B98,"PSXRecomp medium: prologue-shaped, no proven call path; reachable=False; boundaries are static estimates",,False,True
D2KF.EXE,0x80038BF8,184,[],"[""0x800388F4""]",HYPOTHESIS,libgpu_MoveImage,"PSXRecomp medium: prologue-shaped, no proven call path; reachable=False; boundaries are static estimates",,False,False
D2KF.EXE,0x80038CB0,200,[],"[""0x800306C0""]",HYPOTHESIS,libgpu_ClearOTag,"PSXRecomp low: no prologue, no jr $ra exit, unreachable from entry; reachable=False; boundaries are static estimates",,False,True
D2KF.EXE,0x80038D78,172,"[""0x80038000""]","[""0x800306C0""]",LIKELY,libgpu_ClearOTagR,"PSXRecomp high: jr $ra exit, reachable from entry; reachable=True; boundaries are static estimates",,False,True
D2KF.EXE,0x80038E24,92,[],[],HYPOTHESIS,libgpu_DrawPrim,"PSXRecomp medium: prologue-shaped, no proven call path; reachable=False; boundaries are static estimates",,False,False
D2KF.EXE,0x80038E80,112,"[""0x80037FD0""]","[""0x800306C0""]",LIKELY,libgpu_DrawOTag,"PSXRecomp high: jr $ra exit, reachable from entry; reachable=True; boundaries are static estimates",,False,False
D2KF.EXE,0x80038EF0,192,"[""0x8002CB94"", ""0x80037194"", ""0x80037680"", ""0x80037790"", ""0x80037810""]","[""0x80030510"", ""0x800306C0"", ""0x800398D0""]",LIKELY,libgpu_PutDrawEnv,"PSXRecomp verified: prologue + epilogue + jr $ra, called from reachable code; reachable=True; boundaries are static estimates",,False,False
D2KF.EXE,0x80038FB0,216,[],"[""0x80030510"", ""0x800306C0"", ""0x800398D0""]",HYPOTHESIS,libgpu_DrawOTagEnv,"PSXRecomp medium: prologue-shaped, no proven call path; reachable=False; boundaries are static estimates",,False,True
D2KF.EXE,0x80039088,52,[],"[""0x80030510""]",HYPOTHESIS,FUN_80039088,"PSXRecomp medium: prologue-shaped, no proven call path; reachable=False; boundaries are static estimates",,False,True
D2KF.EXE,0x800390BC,1272,"[""0x8002CB94"", ""0x80037194"", ""0x80037890""]","[""0x80030510"", ""0x800306C0"", ""0x80037104""]",LIKELY,libgpu_PutDispEnv,"PSXRecomp verified: prologue + epilogue + jr $ra, called from reachable code; reachable=True; boundaries are static estimates",,False,False
D2KF.EXE,0x800395B4,52,[],"[""0x80030510""]",HYPOTHESIS,FUN_800395B4,"PSXRecomp medium: prologue-shaped, no proven call path; reachable=False; boundaries are static estimates",,False,True
D2KF.EXE,0x800395E8,48,[],[],HYPOTHESIS,libgpu_GetODE,"PSXRecomp low: no prologue, no jr $ra exit, unreachable from entry; reachable=False; boundaries are static estimates",,False,True
D2KF.EXE,0x80039618,128,[],"[""0x80039B60"", ""0x80039BF8""]",HYPOTHESIS,libgpu_SetDrawArea,"PSXRecomp medium: prologue-shaped, no proven call path; reachable=False; boundaries are static estimates",,False,True
D2KF.EXE,0x80039698,64,[],"[""0x80039C90""]",HYPOTHESIS,libgpu_SetDrawOffset,"PSXRecomp medium: prologue-shaped, no proven call path; reachable=False; boundaries are static estimates",,False,True
D2KF.EXE,0x800396D8,504,[],"[""0x80039B40"", ""0x80039B60"", ""0x80039BF8"", ""0x80039C90"", ""0x80039CAC""]",HYPOTHESIS,FUN_800396D8,"PSXRecomp medium: prologue-shaped, no proven call path; reachable=False; boundaries are static estimates",,False,True
D2KF.EXE,0x800398D0,624,"[""0x80038EF0"", ""0x80038FB0""]","[""0x80039B40"", ""0x80039B60"", ""0x80039BF8"", ""0x80039C90"", ""0x80039CAC""]",LIKELY,FUN_800398D0,"PSXRecomp verified: prologue + epilogue + jr $ra, called from reachable code; reachable=True; boundaries are static estimates",,False,True
D2KF.EXE,0x80039B40,32,"[""0x800396D8"", ""0x800398D0""]",[],LIKELY,FUN_80039B40,"PSXRecomp high: jr $ra exit, reachable from entry; reachable=True; boundaries are static estimates",,False,True
D2KF.EXE,0x80039B60,152,"[""0x80039618"", ""0x800396D8"", ""0x800398D0""]",[],LIKELY,FUN_80039B60,"PSXRecomp high: jr $ra exit, reachable from entry; reachable=True; boundaries are static estimates",,False,True
D2KF.EXE,0x80039BF8,152,"[""0x80039618"", ""0x800396D8"", ""0x800398D0""]",[],LIKELY,FUN_80039BF8,"PSXRecomp high: jr $ra exit, reachable from entry; reachable=True; boundaries are static estimates",,False,True
D2KF.EXE,0x80039C90,28,"[""0x80039698"", ""0x800396D8"", ""0x800398D0""]",[],LIKELY,FUN_80039C90,"PSXRecomp high: jr $ra exit, reachable from entry; reachable=True; boundaries are static estimates",,False,True
D2KF.EXE,0x80039CAC,128,"[""0x800396D8"", ""0x800398D0""]",[],LIKELY,FUN_80039CAC,"PSXRecomp high: jr $ra exit, reachable from entry; reachable=True; boundaries are static estimates",,False,True
D2KF.EXE,0x80039D2C,24,[],[],LIKELY,FUN_80039D2C,"PSXRecomp high: jr $ra exit, reachable from entry; reachable=True; boundaries are static estimates",,False,True
D2KF.EXE,0x80039D44,224,[],"[""0x8003ADC0"", ""0x8003ADF4""]",LIKELY,FUN_80039D44,"PSXRecomp high: jr $ra exit, reachable from entry; reachable=True; boundaries are static estimates",,False,True
D2KF.EXE,0x80039E24,560,[],"[""0x8003A588"", ""0x8003A5D0""]",LIKELY,FUN_80039E24,"PSXRecomp high: jr $ra exit, reachable from entry; reachable=True; boundaries are static estimates",,False,True
D2KF.EXE,0x8003A054,572,[],"[""0x8003ADC0"", ""0x8003ADF4""]",LIKELY,FUN_8003A054,"PSXRecomp high: jr $ra exit, reachable from entry; reachable=True; boundaries are static estimates",,False,True
D2KF.EXE,0x8003A290,640,[],"[""0x8003ADC0"", ""0x8003ADF4""]",LIKELY,FUN_8003A290,"PSXRecomp high: jr $ra exit, reachable from entry; reachable=True; boundaries are static estimates",,False,True
D2KF.EXE,0x8003A510,36,[],[],LIKELY,FUN_8003A510,"PSXRecomp high: jr $ra exit, reachable from entry; reachable=True; boundaries are static estimates",,False,True
D2KF.EXE,0x8003A534,20,[],[],LIKELY,FUN_8003A534,"PSXRecomp high: jr $ra exit, reachable from entry; reachable=True; boundaries are static estimates",,False,True
D2KF.EXE,0x8003A548,64,[],[],LIKELY,FUN_8003A548,"PSXRecomp high: jr $ra exit, reachable from entry; reachable=True; boundaries are static estimates",,False,True
D2KF.EXE,0x8003A588,72,"[""0x80039E24""]",[],LIKELY,FUN_8003A588,"PSXRecomp high: jr $ra exit, reachable from entry; reachable=True; boundaries are static estimates",,False,True
D2KF.EXE,0x8003A5D0,48,"[""0x80039E24""]",[],LIKELY,libgpu__param,"PSXRecomp high: jr $ra exit, reachable from entry; reachable=True; boundaries are static estimates",,False,True
D2KF.EXE,0x8003A600,36,[],"[""0x8003A624""]",LIKELY,libgpu__addque,"PSXRecomp high: jr $ra exit, reachable from entry; reachable=True; boundaries are static estimates",,False,False
D2KF.EXE,0x8003A624,688,"[""0x8003A600""]","[""0x80036600"", ""0x8003671C"", ""0x8003A8D4"", ""0x8003ADC0"", ""0x8003ADF4""]",LIKELY,FUN_8003A624,"PSXRecomp verified: prologue + epilogue + jr $ra, called from reachable code; reachable=True; boundaries are static estimates",,False,True
D2KF.EXE,0x8003A8D4,608,"[""0x8003A624"", ""0x8003AC84""]","[""0x80036600"", ""0x8003671C""]",LIKELY,FUN_8003A8D4,"PSXRecomp high: jr $ra exit, reachable from entry; reachable=True; boundaries are static estimates",,False,True
D2KF.EXE,0x8003AB34,336,"[""0x80038510""]","[""0x8003671C"", ""0x8003AF38"", ""0x8003B418""]",LIKELY,FUN_8003AB34,"PSXRecomp verified: prologue + epilogue + jr $ra, called from reachable code; reachable=True; boundaries are static estimates",,False,True
D2KF.EXE,0x8003AC84,316,[],"[""0x8003A8D4"", ""0x8003ADC0"", ""0x8003ADF4""]",LIKELY,FUN_8003AC84,"PSXRecomp high: jr $ra exit, reachable from entry; reachable=True; boundaries are static estimates",,False,True
D2KF.EXE,0x8003ADC0,52,"[""0x80039D44"", ""0x8003A054"", ""0x8003A290"", ""0x8003A624"", ""0x8003AC84""]","[""0x80036380""]",LIKELY,libgpu_set_alarm,"PSXRecomp verified: prologue + epilogue + jr $ra, called from reachable code; reachable=True; boundaries are static estimates",,False,True
D2KF.EXE,0x8003ADF4,324,"[""0x80039D44"", ""0x8003A054"", ""0x8003A290"", ""0x8003A624"", ""0x8003AC84"", ""0x8003AFD8"", ""0x8003B0C4"", ""0x8003B1B0"", ""0x8003B2F4""]","[""0x800306C0"", ""0x80036380"", ""0x8003671C""]",LIKELY,FUN_8003ADF4,"PSXRecomp verified: prologue + epilogue + jr $ra, called from reachable code; reachable=True; boundaries are static estimates",,False,True
D2KF.EXE,0x8003AF38,160,"[""0x8003AB34""]",[],LIKELY,FUN_8003AF38,"PSXRecomp high: jr $ra exit, reachable from entry; reachable=True; boundaries are static estimates",,False,True
D2KF.EXE,0x8003AFD8,236,[],"[""0x80036380"", ""0x80036600"", ""0x800388F4"", ""0x8003ADF4""]",HYPOTHESIS,FUN_8003AFD8,"PSXRecomp medium: prologue-shaped, no proven call path; reachable=False; boundaries are static estimates",,False,True
D2KF.EXE,0x8003B0C4,236,[],"[""0x80036380"", ""0x80036600"", ""0x800388F4"", ""0x8003ADF4""]",HYPOTHESIS,FUN_8003B0C4,"PSXRecomp medium: prologue-shaped, no proven call path; reachable=False; boundaries are static estimates",,False,True
D2KF.EXE,0x8003B1B0,324,[],"[""0x80036380"", ""0x80036600"", ""0x800388F4"", ""0x8003ADF4""]",HYPOTHESIS,libgpu_MoveImage2,"PSXRecomp medium: prologue-shaped, no proven call path; reachable=False; boundaries are static estimates",,False,True
D2KF.EXE,0x8003B2F4,252,[],"[""0x800306C0"", ""0x80036380"", ""0x80036600"", ""0x8003ADF4""]",HYPOTHESIS,libgpu_DrawOTag2,"PSXRecomp low: no prologue, no jr $ra exit, unreachable from entry; reachable=False; boundaries are static estimates",,False,True
D2KF.EXE,0x8003B3F0,40,[],"[""0x80036600""]",HYPOTHESIS,FUN_8003B3F0,PSXRecomp medium: address taken but no call-graph path from entry; reachable=False; boundaries are static estimates,,False,True
D2KF.EXE,0x8003B418,36,"[""0x80038510"", ""0x800387F4"", ""0x8003AB34""]",[],LIKELY,FUN_8003B418,"PSXRecomp high: jr $ra exit, reachable from entry; reachable=True; boundaries are static estimates",,False,True
D2KF.EXE,0x8003B440,16,"[""0x80038510""]",[],LIKELY,libapi_GPU_cw,PSXRecomp verified: PSY-Q kernel dispatch thunk to A0(49h); reachable=True; boundaries are static estimates,A0:49 GPU_cw,False,False
D2KF.EXE,0x8003B450,180,"[""0x8002CB94""]","[""0x80037104""]",LIKELY,libgpu_SetDefDrawEnv,"PSXRecomp verified: prologue + epilogue + jr $ra, called from reachable code; reachable=True; boundaries are static estimates",,False,True
D2KF.EXE,0x8003B510,60,"[""0x8002CB94""]",[],LIKELY,libgpu_SetDefDispEnv,"PSXRecomp high: jr $ra exit, reachable from entry; reachable=True; boundaries are static estimates",,False,True
D2KF.EXE,0x8003B550,60,"[""0x80037538""]",[],LIKELY,libgpu_AddPrim,"PSXRecomp high: jr $ra exit, reachable from entry; reachable=True; boundaries are static estimates",,False,True
D2KF.EXE,0x8003B590,68,"[""0x800190E0""]","[""0x80035E10"", ""0x80035E20"", ""0x8003C6C0""]",LIKELY,FUN_8003B590,"PSXRecomp verified: prologue + epilogue + jr $ra, called from reachable code; reachable=True; boundaries are static estimates",,False,True
D2KF.EXE,0x8003B5D4,76,"[""0x800190E0""]","[""0x80035E10"", ""0x80035E20"", ""0x80038500"", ""0x8003C6D0""]",LIKELY,FUN_8003B5D4,"PSXRecomp verified: prologue + epilogue + jr $ra, called from reachable code; reachable=True; boundaries are static estimates",,False,True
D2KF.EXE,0x8003B620,8,[],[],HYPOTHESIS,FUN_8003B620,"PSXRecomp low: no prologue, no jr $ra exit, unreachable from entry; reachable=False; boundaries are static estimates",,False,True
D2KF.EXE,0x8003B628,88,"[""0x8003C5C8""]",[],LIKELY,FUN_8003B628,"PSXRecomp high: jr $ra exit, reachable from entry; reachable=True; boundaries are static estimates",,False,True
D2KF.EXE,0x8003B680,596,"[""0x8003C5C8""]","[""0x80035E00""]",LIKELY,FUN_8003B680,"PSXRecomp verified: prologue + epilogue + jr $ra, called from reachable code; reachable=True; boundaries are static estimates",,False,True
D2KF.EXE,0x8003B8D4,88,"[""0x8003C5C8""]",[],LIKELY,FUN_8003B8D4,"PSXRecomp high: jr $ra exit, reachable from entry; reachable=True; boundaries are static estimates",,False,True
D2KF.EXE,0x8003B92C,604,"[""0x8003C5C8""]","[""0x80035E00""]",LIKELY,FUN_8003B92C,"PSXRecomp verified: prologue + epilogue + jr $ra, called from reachable code; reachable=True; boundaries are static estimates",,False,True
D2KF.EXE,0x8003BB88,1236,"[""0x800190E0"", ""0x800227A0"", ""0x800276EC""]","[""0x80035E10"", ""0x80035E20"", ""0x80038510""]",LIKELY,FUN_8003BB88,"PSXRecomp verified: prologue + epilogue + jr $ra, called from reachable code; reachable=True; boundaries are static estimates",,False,True
D2KF.EXE,0x8003C05C,124,[],[],LIKELY,FUN_8003C05C,"PSXRecomp high: jr $ra exit, reachable from entry; reachable=True; boundaries are static estimates",,False,True
D2KF.EXE,0x8003C0D8,860,[],"[""0x80035E00""]",LIKELY,FUN_8003C0D8,"PSXRecomp high: jr $ra exit, reachable from entry; reachable=True; boundaries are static estimates",,False,True
D2KF.EXE,0x8003C434,244,[],"[""0x8003C6E0"", ""0x8003C6F0""]",LIKELY,FUN_8003C434,"PSXRecomp high: jr $ra exit, reachable from entry; reachable=True; boundaries are static estimates",,False,True
D2KF.EXE,0x8003C528,8,[],[],LIKELY,FUN_8003C528,"PSXRecomp high: jr $ra exit, reachable from entry; reachable=True; boundaries are static estimates",,False,True
D2KF.EXE,0x8003C530,8,[],[],LIKELY,FUN_8003C530,"PSXRecomp high: jr $ra exit, reachable from entry; reachable=True; boundaries are static estimates",,False,True
D2KF.EXE,0x8003C538,144,[],"[""0x8003C6F0""]",LIKELY,FUN_8003C538,"PSXRecomp high: jr $ra exit, reachable from entry; reachable=True; boundaries are static estimates",,False,True
D2KF.EXE,0x8003C5C8,232,[],"[""0x8003B628"", ""0x8003B680"", ""0x8003B8D4"", ""0x8003B92C""]",LIKELY,FUN_8003C5C8,"PSXRecomp high: jr $ra exit, reachable from entry; reachable=True; boundaries are static estimates",,False,True
D2KF.EXE,0x8003C6B0,8,[],[],LIKELY,FUN_8003C6B0,"PSXRecomp high: jr $ra exit, reachable from entry; reachable=True; boundaries are static estimates",,False,True
D2KF.EXE,0x8003C6C0,16,"[""0x8003B590""]",[],LIKELY,libapi_AddDrv,PSXRecomp verified: PSY-Q kernel dispatch thunk to B0(47h); reachable=True; boundaries are static estimates,B0:47 AddDevice,False,True
D2KF.EXE,0x8003C6D0,16,"[""0x8003B5D4""]",[],LIKELY,libapi_DelDrv,PSXRecomp verified: PSY-Q kernel dispatch thunk to B0(48h); reachable=True; boundaries are static estimates,B0:48 RemoveDevice,False,True
D2KF.EXE,0x8003C6E0,16,"[""0x8003C434"", ""0x8003CF10"", ""0x80045034""]",[],LIKELY,libapi_SysEnqIntRP,PSXRecomp verified: PSY-Q kernel dispatch thunk to C0(02h); reachable=True; boundaries are static estimates,C0:02 SysEnqIntRP,False,True
D2KF.EXE,0x8003C6F0,16,"[""0x8003C434"", ""0x8003C538"", ""0x8003CF10"", ""0x8003CFDC"", ""0x80045034"", ""0x800450AC""]",[],LIKELY,libapi_SysDeqIntRP,PSXRecomp verified: PSY-Q kernel dispatch thunk to C0(03h); reachable=True; boundaries are static estimates,C0:03 SysDeqIntRP,False,True
D2KF.EXE,0x8003C700,32,[],"[""0x8003CEFC""]",HYPOTHESIS,FUN_8003C700,"PSXRecomp medium: prologue-shaped, no proven call path; reachable=False; boundaries are static estimates",,False,True
D2KF.EXE,0x8003C720,32,"[""0x8002E100""]","[""0x8003CF10""]",LIKELY,FUN_8003C720,"PSXRecomp verified: prologue + epilogue + jr $ra, called from reachable code; reachable=True; boundaries are static estimates",,False,True
D2KF.EXE,0x8003C740,32,"[""0x800190E0""]","[""0x8003CFDC""]",LIKELY,FUN_8003C740,"PSXRecomp verified: prologue + epilogue + jr $ra, called from reachable code; reachable=True; boundaries are static estimates",,False,True
D2KF.EXE,0x8003C760,76,[],[],HYPOTHESIS,FUN_8003C760,"PSXRecomp low: no prologue, no jr $ra exit, unreachable from entry; reachable=False; boundaries are static estimates",,False,True
D2KF.EXE,0x8003C7AC,204,"[""0x800190E0""]",[],LIKELY,FUN_8003C7AC,"PSXRecomp high: jr $ra exit, reachable from entry; reachable=True; boundaries are static estimates",,False,True
D2KF.EXE,0x8003C878,248,[],[],HYPOTHESIS,FUN_8003C878,"PSXRecomp low: no prologue, no jr $ra exit, unreachable from entry; reachable=False; boundaries are static estimates",,False,True
D2KF.EXE,0x8003C970,212,[],[],HYPOTHESIS,FUN_8003C970,"PSXRecomp low: no prologue, no jr $ra exit, unreachable from entry; reachable=False; boundaries are static estimates",,False,True
D2KF.EXE,0x8003CA44,168,[],[],HYPOTHESIS,FUN_8003CA44,"PSXRecomp low: no prologue, no jr $ra exit, unreachable from entry; reachable=False; boundaries are static estimates",,False,True
D2KF.EXE,0x8003CAEC,56,[],"[""0x8003E24C""]",HYPOTHESIS,FUN_8003CAEC,"PSXRecomp low: no prologue, no jr $ra exit, unreachable from entry; reachable=False; boundaries are static estimates",,False,True
D2KF.EXE,0x8003CB24,72,"[""0x800190E0""]","[""0x8003E398""]",LIKELY,FUN_8003CB24,"PSXRecomp high: jr $ra exit, reachable from entry; reachable=True; boundaries are static estimates",,False,True
D2KF.EXE,0x8003CB6C,72,[],"[""0x8003D990""]",HYPOTHESIS,FUN_8003CB6C,"PSXRecomp low: no prologue, no jr $ra exit, unreachable from entry; reachable=False; boundaries are static estimates",,False,True
D2KF.EXE,0x8003CBC0,280,[],[],HYPOTHESIS,FUN_8003CBC0,"PSXRecomp low: no prologue, no jr $ra exit, unreachable from entry; reachable=False; boundaries are static estimates",,False,True
D2KF.EXE,0x8003CCD8,44,"[""0x8003EBC0""]",[],LIKELY,FUN_8003CCD8,"PSXRecomp high: jr $ra exit, reachable from entry; reachable=True; boundaries are static estimates",,False,True
D2KF.EXE,0x8003CD04,104,[],[],LIKELY,FUN_8003CD04,"PSXRecomp high: jr $ra exit, reachable from entry; reachable=True; boundaries are static estimates",,False,True
D2KF.EXE,0x8003CD6C,400,[],"[""0x8003D020"", ""0x8003D354""]",LIKELY,FUN_8003CD6C,"PSXRecomp high: jr $ra exit, reachable from entry; reachable=True; boundaries are static estimates",,False,True
D2KF.EXE,0x8003CEFC,20,"[""0x8003C700""]",[],HYPOTHESIS,FUN_8003CEFC,"PSXRecomp low: no prologue, no jr $ra exit, unreachable from entry; reachable=False; boundaries are static estimates",,False,True
D2KF.EXE,0x8003CF10,204,"[""0x8003C720""]","[""0x80035E10"", ""0x80035E20"", ""0x80036590"", ""0x8003C6E0"", ""0x8003C6F0""]",LIKELY,FUN_8003CF10,"PSXRecomp verified: prologue + epilogue + jr $ra, called from reachable code; reachable=True; boundaries are static estimates",,False,True
D2KF.EXE,0x8003CFDC,68,"[""0x8003C740""]","[""0x80035E10"", ""0x80035E20"", ""0x80036590"", ""0x8003C6F0""]",LIKELY,FUN_8003CFDC,"PSXRecomp verified: prologue + epilogue + jr $ra, called from reachable code; reachable=True; boundaries are static estimates",,False,True
D2KF.EXE,0x8003D020,820,"[""0x8003CD6C"", ""0x8003ED88""]","[""0x8003D8CC"", ""0x8003D95C"", ""0x8003F710"", ""0x8003F730""]",LIKELY,FUN_8003D020,"PSXRecomp verified: prologue + epilogue + jr $ra, called from reachable code; reachable=True; boundaries are static estimates",,False,True
D2KF.EXE,0x8003D354,240,"[""0x8003CD6C""]","[""0x8003D8CC"", ""0x8003F710""]",LIKELY,FUN_8003D354,"PSXRecomp verified: prologue + epilogue + jr $ra, called from reachable code; reachable=True; boundaries are static estimates",,False,True
D2KF.EXE,0x8003D444,528,"[""0x8003E590"", ""0x8003E820""]","[""0x8003F730""]",LIKELY,FUN_8003D444,"PSXRecomp verified: prologue + epilogue + jr $ra, called from reachable code; reachable=True; boundaries are static estimates",,False,True
D2KF.EXE,0x8003D654,632,"[""0x8003E5D8"", ""0x8003E6B0"", ""0x8003E75C"", ""0x8003E820""]","[""0x8003F710"", ""0x8003F730""]",LIKELY,FUN_8003D654,"PSXRecomp verified: prologue + epilogue + jr $ra, called from reachable code; reachable=True; boundaries are static estimates",,False,True
D2KF.EXE,0x8003D8CC,144,"[""0x8003D020"", ""0x8003D354"", ""0x8003E820""]","[""0x8003F730""]",LIKELY,FUN_8003D8CC,"PSXRecomp verified: prologue + epilogue + jr $ra, called from reachable code; reachable=True; boundaries are static estimates",,False,True
D2KF.EXE,0x8003D95C,40,"[""0x8003D020"", ""0x8003E820""]",[],LIKELY,FUN_8003D95C,"PSXRecomp high: jr $ra exit, reachable from entry; reachable=True; boundaries are static estimates",,False,True
D2KF.EXE,0x8003D990,12,"[""0x8003CB6C""]",[],HYPOTHESIS,FUN_8003D990,"PSXRecomp low: no prologue, no jr $ra exit, unreachable from entry; reachable=False; boundaries are static estimates",,False,True
D2KF.EXE,0x8003D99C,16,[],[],HYPOTHESIS,FUN_8003D99C,"PSXRecomp low: no prologue, no jr $ra exit, unreachable from entry; reachable=False; boundaries are static estimates",,False,True
D2KF.EXE,0x8003D9AC,132,"[""0x8003F284""]","[""0x8003E504"", ""0x8003E518"", ""0x8003E558""]",LIKELY,FUN_8003D9AC,"PSXRecomp verified: prologue + epilogue + jr $ra, called from reachable code; reachable=True; boundaries are static estimates",,False,True
D2KF.EXE,0x8003DA30,624,"[""0x8003F394""]","[""0x8003DCA0"", ""0x8003DCD8""]",LIKELY,FUN_8003DA30,"PSXRecomp verified: prologue + epilogue + jr $ra, called from reachable code; reachable=True; boundaries are static estimates",,False,True
D2KF.EXE,0x8003DCA0,56,"[""0x8003DA30""]",[],LIKELY,FUN_8003DCA0,"PSXRecomp high: jr $ra exit, reachable from entry; reachable=True; boundaries are static estimates",,False,True
D2KF.EXE,0x8003DCD8,212,"[""0x8003DA30""]",[],LIKELY,FUN_8003DCD8,"PSXRecomp verified: prologue + epilogue + jr $ra, called from reachable code; reachable=True; boundaries are static estimates",,False,True
D2KF.EXE,0x8003DDAC,168,[],"[""0x8003E518"", ""0x8003E538"", ""0x8003E558"", ""0x8003E578""]",LIKELY,FUN_8003DDAC,"PSXRecomp verified: prologue + epilogue + jr $ra, called from reachable code; reachable=True; boundaries are static estimates",,False,True
D2KF.EXE,0x8003DE54,1016,[],[],LIKELY,FUN_8003DE54,"PSXRecomp high: jr $ra exit, reachable from entry; reachable=True; boundaries are static estimates",,False,True
D2KF.EXE,0x8003E24C,104,"[""0x8003CAEC""]",[],HYPOTHESIS,FUN_8003E24C,"PSXRecomp medium: prologue-shaped, no proven call path; reachable=False; boundaries are static estimates",,False,True
D2KF.EXE,0x8003E2B4,28,[],[],HYPOTHESIS,FUN_8003E2B4,PSXRecomp medium: address taken but no call-graph path from entry; reachable=False; boundaries are static estimates,,False,True
D2KF.EXE,0x8003E2D0,200,[],[],HYPOTHESIS,FUN_8003E2D0,PSXRecomp medium: address taken but no call-graph path from entry; reachable=False; boundaries are static estimates,,False,True
D2KF.EXE,0x8003E398,152,"[""0x8003CB24""]",[],LIKELY,FUN_8003E398,"PSXRecomp verified: prologue + epilogue + jr $ra, called from reachable code; reachable=True; boundaries are static estimates",,False,True
D2KF.EXE,0x8003E430,84,[],[],LIKELY,FUN_8003E430,"PSXRecomp high: jr $ra exit, reachable from entry; reachable=True; boundaries are static estimates",,False,True
D2KF.EXE,0x8003E484,96,[],[],LIKELY,FUN_8003E484,"PSXRecomp verified: prologue + epilogue + jr $ra, called from reachable code; reachable=True; boundaries are static estimates",,False,True
D2KF.EXE,0x8003E4E4,32,"[""0x8003F284""]",[],LIKELY,FUN_8003E4E4,"PSXRecomp high: jr $ra exit, reachable from entry; reachable=True; boundaries are static estimates",,False,True
D2KF.EXE,0x8003E504,20,"[""0x8003D9AC""]",[],LIKELY,FUN_8003E504,"PSXRecomp high: jr $ra exit, reachable from entry; reachable=True; boundaries are static estimates",,False,True
D2KF.EXE,0x8003E518,32,"[""0x8003D9AC"", ""0x8003DDAC""]",[],LIKELY,FUN_8003E518,"PSXRecomp high: jr $ra exit, reachable from entry; reachable=True; boundaries are static estimates",,False,True
D2KF.EXE,0x8003E538,32,"[""0x8003DDAC""]",[],LIKELY,FUN_8003E538,"PSXRecomp high: jr $ra exit, reachable from entry; reachable=True; boundaries are static estimates",,False,True
D2KF.EXE,0x8003E558,32,"[""0x8003D9AC"", ""0x8003DDAC""]",[],LIKELY,FUN_8003E558,"PSXRecomp high: jr $ra exit, reachable from entry; reachable=True; boundaries are static estimates",,False,True
D2KF.EXE,0x8003E578,20,"[""0x8003DDAC""]",[],LIKELY,FUN_8003E578,"PSXRecomp high: jr $ra exit, reachable from entry; reachable=True; boundaries are static estimates",,False,True
D2KF.EXE,0x8003E590,72,[],"[""0x8003D444""]",LIKELY,FUN_8003E590,"PSXRecomp high: jr $ra exit, reachable from entry; reachable=True; boundaries are static estimates",,False,True
D2KF.EXE,0x8003E5D8,216,[],"[""0x8003D654""]",LIKELY,FUN_8003E5D8,"PSXRecomp high: jr $ra exit, reachable from entry; reachable=True; boundaries are static estimates",,False,True
D2KF.EXE,0x8003E6B0,172,[],"[""0x8003D654""]",LIKELY,FUN_8003E6B0,"PSXRecomp high: jr $ra exit, reachable from entry; reachable=True; boundaries are static estimates",,False,True
D2KF.EXE,0x8003E75C,196,[],"[""0x8003D654""]",LIKELY,FUN_8003E75C,"PSXRecomp high: jr $ra exit, reachable from entry; reachable=True; boundaries are static estimates",,False,True
D2KF.EXE,0x8003E820,916,[],"[""0x8003D444"", ""0x8003D654"", ""0x8003D8CC"", ""0x8003D95C"", ""0x8003F710""]",LIKELY,FUN_8003E820,"PSXRecomp high: jr $ra exit, reachable from entry; reachable=True; boundaries are static estimates",,False,True
D2KF.EXE,0x8003EBC0,352,"[""0x8002E100""]","[""0x8003CCD8"", ""0x8003F220"", ""0x8003F250""]",LIKELY,FUN_8003EBC0,"PSXRecomp verified: prologue + epilogue + jr $ra, called from reachable code; reachable=True; boundaries are static estimates",,False,True
D2KF.EXE,0x8003ED20,104,[],[],LIKELY,FUN_8003ED20,"PSXRecomp high: jr $ra exit, reachable from entry; reachable=True; boundaries are static estimates",,False,True
D2KF.EXE,0x8003ED88,244,[],"[""0x8003D020"", ""0x8003EE7C"", ""0x8003F5F8""]",LIKELY,FUN_8003ED88,"PSXRecomp verified: prologue + epilogue + jr $ra, called from reachable code; reachable=True; boundaries are static estimates",,False,True
D2KF.EXE,0x8003EE7C,16,"[""0x8003ED88""]",[],LIKELY,FUN_8003EE7C,"PSXRecomp high: jr $ra exit, reachable from entry; reachable=True; boundaries are static estimates",,False,True
D2KF.EXE,0x8003EE8C,188,[],[],LIKELY,FUN_8003EE8C,"PSXRecomp high: jr $ra exit, reachable from entry; reachable=True; boundaries are static estimates",,False,True
D2KF.EXE,0x8003EF48,636,[],"[""0x8003F220""]",LIKELY,FUN_8003EF48,"PSXRecomp verified: prologue + epilogue + jr $ra, called from reachable code; reachable=True; boundaries are static estimates",,False,True
D2KF.EXE,0x8003F1C4,56,[],[],LIKELY,FUN_8003F1C4,"PSXRecomp high: jr $ra exit, reachable from entry; reachable=True; boundaries are static estimates",,False,True
D2KF.EXE,0x8003F1FC,32,[],[],LIKELY,FUN_8003F1FC,"PSXRecomp high: jr $ra exit, reachable from entry; reachable=True; boundaries are static estimates",,False,True
D2KF.EXE,0x8003F220,48,"[""0x8003EBC0"", ""0x8003EF48"", ""0x80045560"", ""0x800456A4""]",[],LIKELY,FUN_8003F220,"PSXRecomp high: jr $ra exit, reachable from entry; reachable=True; boundaries are static estimates",,False,True
D2KF.EXE,0x8003F250,52,"[""0x8003EBC0""]",[],LIKELY,FUN_8003F250,"PSXRecomp high: jr $ra exit, reachable from entry; reachable=True; boundaries are static estimates",,False,True
D2KF.EXE,0x8003F284,272,[],"[""0x8003D9AC"", ""0x8003E4E4""]",LIKELY,FUN_8003F284,"PSXRecomp verified: prologue + epilogue + jr $ra, called from reachable code; reachable=True; boundaries are static estimates",,False,True
D2KF.EXE,0x8003F394,612,[],"[""0x8003DA30""]",LIKELY,FUN_8003F394,"PSXRecomp verified: prologue + epilogue + jr $ra, called from reachable code; reachable=True; boundaries are static estimates",,False,True
D2KF.EXE,0x8003F5F8,224,"[""0x8003ED88""]",[],LIKELY,FUN_8003F5F8,"PSXRecomp verified: prologue + epilogue + jr $ra, called from reachable code; reachable=True; boundaries are static estimates",,False,True
D2KF.EXE,0x8003F6D8,44,[],[],LIKELY,FUN_8003F6D8,"PSXRecomp high: jr $ra exit, reachable from entry; reachable=True; boundaries are static estimates",,False,True
D2KF.EXE,0x8003F710,32,"[""0x8003D020"", ""0x8003D354"", ""0x8003D654"", ""0x8003E820""]",[],LIKELY,FUN_8003F710,"PSXRecomp high: jr $ra exit, reachable from entry; reachable=True; boundaries are static estimates",,False,True
D2KF.EXE,0x8003F730,160,"[""0x8003D020"", ""0x8003D444"", ""0x8003D654"", ""0x8003D8CC""]",[],LIKELY,FUN_8003F730,"PSXRecomp high: jr $ra exit, reachable from entry; reachable=True; boundaries are static estimates",,False,True
D2KF.EXE,0x8003F7D0,32,"[""0x8002FC00""]","[""0x8003F7F0""]",LIKELY,FUN_8003F7D0,"PSXRecomp verified: prologue + epilogue + jr $ra, called from reachable code; reachable=True; boundaries are static estimates",,False,True
D2KF.EXE,0x8003F7F0,232,"[""0x8003F7D0""]","[""0x800365A0"", ""0x8003F8D8"", ""0x8003F970"", ""0x8004027C""]",LIKELY,FUN_8003F7F0,"PSXRecomp verified: prologue + epilogue + jr $ra, called from reachable code; reachable=True; boundaries are static estimates",,False,True
D2KF.EXE,0x8003F8D8,112,"[""0x8003F7F0""]","[""0x80035E10"", ""0x80035E20"", ""0x8003F950"", ""0x8003F960"", ""0x800404B0""]",LIKELY,FUN_8003F8D8,"PSXRecomp high: jr $ra exit, reachable from entry; reachable=True; boundaries are static estimates",,False,True
D2KF.EXE,0x8003F950,16,"[""0x8003F8D8"", ""0x80044760""]",[],LIKELY,libapi_OpenEvent,PSXRecomp verified: PSY-Q kernel dispatch thunk to B0(08h); reachable=True; boundaries are static estimates,B0:08 OpenEvent,False,False
D2KF.EXE,0x8003F960,16,"[""0x8003F8D8"", ""0x80044760""]",[],LIKELY,libapi_EnableEvent,PSXRecomp verified: PSY-Q kernel dispatch thunk to B0(0Ch); reachable=True; boundaries are static estimates,B0:0C EnableEvent,False,False
D2KF.EXE,0x8003F970,640,"[""0x8003F7F0""]","[""0x800306C0"", ""0x8003FBF0"", ""0x80040448""]",LIKELY,FUN_8003F970,"PSXRecomp verified: prologue + epilogue + jr $ra, called from reachable code; reachable=True; boundaries are static estimates",,False,True
D2KF.EXE,0x8003FBF0,448,"[""0x8003F970"", ""0x80040194""]","[""0x800306C0"", ""0x80040448""]",LIKELY,FUN_8003FBF0,"PSXRecomp high: jr $ra exit, reachable from entry; reachable=True; boundaries are static estimates",,False,True
D2KF.EXE,0x8003FDB0,188,[],"[""0x80035E00"", ""0x80040448""]",LIKELY,FUN_8003FDB0,"PSXRecomp high: jr $ra exit, reachable from entry; reachable=True; boundaries are static estimates",,False,True
D2KF.EXE,0x8003FE6C,168,[],"[""0x80040420"", ""0x80040448""]",HYPOTHESIS,FUN_8003FE6C,"PSXRecomp low: no prologue, no jr $ra exit, unreachable from entry; reachable=False; boundaries are static estimates",,False,True
D2KF.EXE,0x8003FF14,16,"[""0x80040194"", ""0x80040218""]",[],HYPOTHESIS,FUN_8003FF14,PSXRecomp low: reachable but no prologue and no jr $ra exit; reachable=True; boundaries are static estimates,,False,True
D2KF.EXE,0x8003FF24,220,[],[],HYPOTHESIS,FUN_8003FF24,"PSXRecomp medium: prologue-shaped, no proven call path; reachable=False; boundaries are static estimates",,False,False
D2KF.EXE,0x80040000,4,[],[],HYPOTHESIS,FUN_80040000,"PSXRecomp low: no prologue, no jr $ra exit, unreachable from entry; reachable=False; boundaries are static estimates",,False,True
D2KF.EXE,0x80040004,8,[],[],HYPOTHESIS,FUN_80040004,"PSXRecomp low: no prologue, no jr $ra exit, unreachable from entry; reachable=False; boundaries are static estimates",,False,True
D2KF.EXE,0x80040018,8,[],[],HYPOTHESIS,FUN_80040018,"PSXRecomp low: no prologue, no jr $ra exit, unreachable from entry; reachable=False; boundaries are static estimates",,False,True
D2KF.EXE,0x80040020,4,[],[],HYPOTHESIS,FUN_80040020,"PSXRecomp low: no prologue, no jr $ra exit, unreachable from entry; reachable=False; boundaries are static estimates",,False,True
D2KF.EXE,0x80040024,4,[],[],HYPOTHESIS,FUN_80040024,"PSXRecomp low: no prologue, no jr $ra exit, unreachable from entry; reachable=False; boundaries are static estimates",,False,True
D2KF.EXE,0x80040028,4,[],[],HYPOTHESIS,FUN_80040028,"PSXRecomp low: no prologue, no jr $ra exit, unreachable from entry; reachable=False; boundaries are static estimates",,False,True
D2KF.EXE,0x8004002C,4,[],[],HYPOTHESIS,FUN_8004002C,"PSXRecomp low: no prologue, no jr $ra exit, unreachable from entry; reachable=False; boundaries are static estimates",,False,True
D2KF.EXE,0x80040030,4,[],[],HYPOTHESIS,FUN_80040030,"PSXRecomp low: no prologue, no jr $ra exit, unreachable from entry; reachable=False; boundaries are static estimates",,False,True
D2KF.EXE,0x80040034,352,[],"[""0x800403F8"", ""0x80040420""]",HYPOTHESIS,FUN_80040034,"PSXRecomp low: no prologue, no jr $ra exit, unreachable from entry; reachable=False; boundaries are static estimates",,False,True
D2KF.EXE,0x80040194,132,"[""0x80040EB0""]","[""0x8003FBF0"", ""0x8003FF14""]",LIKELY,FUN_80040194,"PSXRecomp high: jr $ra exit, reachable from entry; reachable=True; boundaries are static estimates",,False,True
D2KF.EXE,0x80040218,100,[],"[""0x8003FF14""]",HYPOTHESIS,FUN_80040218,"PSXRecomp medium: prologue-shaped, no proven call path; reachable=False; boundaries are static estimates",,False,True
D2KF.EXE,0x8004027C,68,"[""0x8003F7F0""]",[],LIKELY,FUN_8004027C,"PSXRecomp high: jr $ra exit, reachable from entry; reachable=True; boundaries are static estimates",,False,True
D2KF.EXE,0x800402C0,164,"[""0x80040F10"", ""0x800413E0"", ""0x800416A4""]",[],LIKELY,FUN_800402C0,"PSXRecomp high: jr $ra exit, reachable from entry; reachable=True; boundaries are static estimates",,False,True
D2KF.EXE,0x80040364,60,[],[],HYPOTHESIS,FUN_80040364,"PSXRecomp low: no prologue, no jr $ra exit, unreachable from entry; reachable=False; boundaries are static estimates",,False,True
D2KF.EXE,0x800403A0,88,[],[],HYPOTHESIS,FUN_800403A0,"PSXRecomp low: no prologue, no jr $ra exit, unreachable from entry; reachable=False; boundaries are static estimates",,False,True
D2KF.EXE,0x800403F8,40,"[""0x80040034""]",[],HYPOTHESIS,FUN_800403F8,"PSXRecomp low: no prologue, no jr $ra exit, unreachable from entry; reachable=False; boundaries are static estimates",,False,True
D2KF.EXE,0x80040420,40,"[""0x8003FE6C"", ""0x80040034""]",[],HYPOTHESIS,FUN_80040420,"PSXRecomp low: no prologue, no jr $ra exit, unreachable from entry; reachable=False; boundaries are static estimates",,False,True
D2KF.EXE,0x80040448,92,"[""0x8003F970"", ""0x8003FBF0"", ""0x8003FDB0"", ""0x8003FE6C""]",[],LIKELY,FUN_80040448,"PSXRecomp verified: prologue + epilogue + jr $ra, called from reachable code; reachable=True; boundaries are static estimates",,False,True
D2KF.EXE,0x800404B0,36,"[""0x8003F8D8"", ""0x800404E0""]","[""0x80036600""]",LIKELY,libcd_CdDataCallback,"PSXRecomp verified: prologue + epilogue + jr $ra, called from reachable code; reachable=True; boundaries are static estimates",,False,False
D2KF.EXE,0x800404E0,116,"[""0x800190E0""]","[""0x80035E10"", ""0x80035E20"", ""0x800404B0"", ""0x80040560"", ""0x80040570""]",LIKELY,FUN_800404E0,"PSXRecomp verified: prologue + epilogue + jr $ra, called from reachable code; reachable=True; boundaries are static estimates",,False,True
D2KF.EXE,0x80040560,16,"[""0x800404E0"", ""0x8004495C""]",[],LIKELY,libapi_CloseEvent,PSXRecomp verified: PSY-Q kernel dispatch thunk to B0(09h); reachable=True; boundaries are static estimates,B0:09 CloseEvent,False,False
D2KF.EXE,0x80040570,16,"[""0x800404E0""]",[],LIKELY,libapi_DisableEvent,PSXRecomp verified: PSY-Q kernel dispatch thunk to B0(0Dh); reachable=True; boundaries are static estimates,B0:0D DisableEvent,False,False
D2KF.EXE,0x80040580,84,"[""0x8002FC00""]",[],LIKELY,FUN_80040580,"PSXRecomp high: jr $ra exit, reachable from entry; reachable=True; boundaries are static estimates",,False,True
D2KF.EXE,0x800405E0,708,"[""0x800300F0""]","[""0x800408B0""]",LIKELY,FUN_800405E0,"PSXRecomp high: jr $ra exit, reachable from entry; reachable=True; boundaries are static estimates",,False,True
D2KF.EXE,0x800408B0,768,"[""0x800405E0"", ""0x80040BB0""]",[],LIKELY,FUN_800408B0,"PSXRecomp high: jr $ra exit, reachable from entry; reachable=True; boundaries are static estimates",,False,True
D2KF.EXE,0x80040BB0,124,"[""0x80030254""]","[""0x800408B0""]",HYPOTHESIS,FUN_80040BB0,"PSXRecomp medium: prologue-shaped, no proven call path; reachable=False; boundaries are static estimates",,False,True
D2KF.EXE,0x80040C30,444,"[""0x8002FFF4"", ""0x80040E80""]",[],LIKELY,FUN_80040C30,"PSXRecomp high: jr $ra exit, reachable from entry; reachable=True; boundaries are static estimates",,False,True
D2KF.EXE,0x80040DF0,144,"[""0x80019028"", ""0x80030054""]",[],LIKELY,FUN_80040DF0,"PSXRecomp high: jr $ra exit, reachable from entry; reachable=True; boundaries are static estimates",,False,True
D2KF.EXE,0x80040E80,48,"[""0x8002FE78""]","[""0x80040C30"", ""0x800413E0""]",LIKELY,FUN_80040E80,"PSXRecomp verified: prologue + epilogue + jr $ra, called from reachable code; reachable=True; boundaries are static estimates",,False,True
D2KF.EXE,0x80040EB0,92,"[""0x8003001C"", ""0x800300F0""]","[""0x80040194""]",LIKELY,FUN_80040EB0,"PSXRecomp verified: prologue + epilogue + jr $ra, called from reachable code; reachable=True; boundaries are static estimates",,False,True
D2KF.EXE,0x80040F10,92,"[""0x800300F0""]","[""0x800402C0""]",LIKELY,FUN_80040F10,"PSXRecomp verified: prologue + epilogue + jr $ra, called from reachable code; reachable=True; boundaries are static estimates",,False,True
D2KF.EXE,0x80040F70,48,"[""0x8002FC00""]",[],LIKELY,FUN_80040F70,"PSXRecomp high: jr $ra exit, reachable from entry; reachable=True; boundaries are static estimates",,False,True
D2KF.EXE,0x80040FA0,92,"[""0x800300F0""]","[""0x80041050""]",HYPOTHESIS,FUN_80040FA0,PSXRecomp low: reachable but no prologue and no jr $ra exit; reachable=True; boundaries are static estimates,,False,True
D2KF.EXE,0x80040FFC,8,[],[],HYPOTHESIS,FUN_80040FFC,"PSXRecomp low: no prologue, no jr $ra exit, unreachable from entry; reachable=False; boundaries are static estimates",,False,True
D2KF.EXE,0x80041004,64,[],"[""0x80041050""]",HYPOTHESIS,FUN_80041004,"PSXRecomp low: no prologue, no jr $ra exit, unreachable from entry; reachable=False; boundaries are static estimates",,False,True
D2KF.EXE,0x80041050,16,"[""0x80040FA0"", ""0x80041004"", ""0x80044A10"", ""0x80044B18"", ""0x80044BF0""]",[],LIKELY,libapi_TestEvent,PSXRecomp verified: PSY-Q kernel dispatch thunk to B0(0Bh); reachable=True; boundaries are static estimates,B0:0B TestEvent,False,False
D2KF.EXE,0x80041060,892,"[""0x8002FC58"", ""0x8002FEBC""]",[],LIKELY,FUN_80041060,"PSXRecomp high: jr $ra exit, reachable from entry; reachable=True; boundaries are static estimates",,False,True
D2KF.EXE,0x800413E0,708,"[""0x8002FE18"", ""0x80040E80""]","[""0x800402C0"", ""0x800419E0""]",HYPOTHESIS,FUN_800413E0,"PSXRecomp medium: prologue-shaped, no proven call path; reachable=True; boundaries are static estimates",,False,True
D2KF.EXE,0x800416A4,820,[],"[""0x800402C0""]",HYPOTHESIS,FUN_800416A4,"PSXRecomp low: no prologue, no jr $ra exit, unreachable from entry; reachable=False; boundaries are static estimates",,False,True
D2KF.EXE,0x800419E0,180,"[""0x800413E0""]",[],HYPOTHESIS,FUN_800419E0,PSXRecomp low: reachable but no prologue and no jr $ra exit; reachable=True; boundaries are static estimates,,False,True
D2KF.EXE,0x80041A94,28,[],[],HYPOTHESIS,FUN_80041A94,"PSXRecomp low: no prologue, no jr $ra exit, unreachable from entry; reachable=False; boundaries are static estimates",,False,True
D2KF.EXE,0x80041AB0,304,[],[],HYPOTHESIS,FUN_80041AB0,"PSXRecomp low: no prologue, no jr $ra exit, unreachable from entry; reachable=False; boundaries are static estimates",,False,True
D2KF.EXE,0x80041BE0,52,"[""0x8002D47C""]","[""0x800365A0"", ""0x80041EA0""]",LIKELY,FUN_80041BE0,"PSXRecomp verified: prologue + epilogue + jr $ra, called from reachable code; reachable=True; boundaries are static estimates",,False,True
D2KF.EXE,0x80041C14,140,[],[],HYPOTHESIS,FUN_80041C14,"PSXRecomp low: no prologue, no jr $ra exit, unreachable from entry; reachable=False; boundaries are static estimates",,False,True
D2KF.EXE,0x80041CA0,152,[],"[""0x80041F90""]",HYPOTHESIS,FUN_80041CA0,"PSXRecomp medium: prologue-shaped, no proven call path; reachable=False; boundaries are static estimates",,False,True
D2KF.EXE,0x80041D38,12,[],[],HYPOTHESIS,FUN_80041D38,"PSXRecomp low: no prologue, no jr $ra exit, unreachable from entry; reachable=False; boundaries are static estimates",,False,True
D2KF.EXE,0x80041D44,124,"[""0x8002CB94"", ""0x8002D1DC""]","[""0x80041F90""]",LIKELY,FUN_80041D44,"PSXRecomp verified: prologue + epilogue + jr $ra, called from reachable code; reachable=True; boundaries are static estimates",,False,True
D2KF.EXE,0x80041DC0,32,"[""0x8002CB94"", ""0x8002D1DC"", ""0x8002D4EC""]","[""0x80042020""]",LIKELY,FUN_80041DC0,"PSXRecomp verified: prologue + epilogue + jr $ra, called from reachable code; reachable=True; boundaries are static estimates",,False,True
D2KF.EXE,0x80041DE0,60,[],"[""0x800420AC"", ""0x800421D4""]",HYPOTHESIS,FUN_80041DE0,"PSXRecomp medium: prologue-shaped, no proven call path; reachable=False; boundaries are static estimates",,False,True
D2KF.EXE,0x80041E1C,60,[],"[""0x80042140"", ""0x800421D4""]",HYPOTHESIS,FUN_80041E1C,"PSXRecomp medium: prologue-shaped, no proven call path; reachable=False; boundaries are static estimates",,False,True
D2KF.EXE,0x80041E58,36,[],"[""0x80036600""]",HYPOTHESIS,FUN_80041E58,"PSXRecomp medium: prologue-shaped, no proven call path; reachable=False; boundaries are static estimates",,False,True
D2KF.EXE,0x80041E7C,36,"[""0x8002CB94"", ""0x8002D268"", ""0x8002D47C""]","[""0x80036600""]",LIKELY,FUN_80041E7C,"PSXRecomp verified: prologue + epilogue + jr $ra, called from reachable code; reachable=True; boundaries are static estimates",,False,True
D2KF.EXE,0x80041EA0,240,"[""0x80041BE0""]","[""0x800306C0"", ""0x80041F90""]",LIKELY,FUN_80041EA0,"PSXRecomp verified: prologue + epilogue + jr $ra, called from reachable code; reachable=True; boundaries are static estimates",,False,True
D2KF.EXE,0x80041F90,108,"[""0x80041CA0"", ""0x80041D44"", ""0x80041EA0""]","[""0x800420AC""]",HYPOTHESIS,FUN_80041F90,"PSXRecomp medium: prologue-shaped, no proven call path; reachable=True; boundaries are static estimates",,False,True
D2KF.EXE,0x80041FFC,36,[],[],HYPOTHESIS,FUN_80041FFC,"PSXRecomp low: no prologue, no jr $ra exit, unreachable from entry; reachable=False; boundaries are static estimates",,False,True
D2KF.EXE,0x80042020,140,"[""0x80041DC0""]","[""0x80042140""]",LIKELY,FUN_80042020,"PSXRecomp verified: prologue + epilogue + jr $ra, called from reachable code; reachable=True; boundaries are static estimates",,False,True
D2KF.EXE,0x800420AC,148,"[""0x80041DE0"", ""0x80041F90""]","[""0x800421EC""]",LIKELY,FUN_800420AC,"PSXRecomp verified: prologue + epilogue + jr $ra, called from reachable code; reachable=True; boundaries are static estimates",,False,True
D2KF.EXE,0x80042140,148,"[""0x80041E1C"", ""0x80042020""]","[""0x800421EC""]",LIKELY,FUN_80042140,"PSXRecomp verified: prologue + epilogue + jr $ra, called from reachable code; reachable=True; boundaries are static estimates",,False,True
D2KF.EXE,0x800421D4,24,"[""0x80041DE0"", ""0x80041E1C""]",[],HYPOTHESIS,FUN_800421D4,"PSXRecomp low: no prologue, no jr $ra exit, unreachable from entry; reachable=False; boundaries are static estimates",,False,True
D2KF.EXE,0x800421EC,124,"[""0x800420AC"", ""0x80042140""]","[""0x800306C0""]",LIKELY,FUN_800421EC,"PSXRecomp verified: prologue + epilogue + jr $ra, called from reachable code; reachable=True; boundaries are static estimates",,False,True
D2KF.EXE,0x80042270,32,[],[],HYPOTHESIS,FUN_80042270,"PSXRecomp low: no prologue, no jr $ra exit, unreachable from entry; reachable=False; boundaries are static estimates",,False,True
D2KF.EXE,0x80042290,16,[],[],HYPOTHESIS,FUN_80042290,"PSXRecomp low: no prologue, no jr $ra exit, unreachable from entry; reachable=False; boundaries are static estimates",,False,False
D2KF.EXE,0x800422A0,796,"[""0x8002D5F0""]",[],LIKELY,FUN_800422A0,"PSXRecomp high: jr $ra exit, reachable from entry; reachable=True; boundaries are static estimates",,False,True
D2KF.EXE,0x800425BC,52,[],[],HYPOTHESIS,FUN_800425BC,"PSXRecomp low: no prologue, no jr $ra exit, unreachable from entry; reachable=False; boundaries are static estimates",,False,False
D2KF.EXE,0x800425F0,48,"[""0x800190E0""]","[""0x80042640"", ""0x80044DC0"", ""0x80044E2C""]",LIKELY,FUN_800425F0,"PSXRecomp verified: prologue + epilogue + jr $ra, called from reachable code; reachable=True; boundaries are static estimates",,False,True
D2KF.EXE,0x80042620,32,"[""0x800190E0""]","[""0x80044E64""]",LIKELY,FUN_80042620,"PSXRecomp verified: prologue + epilogue + jr $ra, called from reachable code; reachable=True; boundaries are static estimates",,False,True
D2KF.EXE,0x80042640,8,"[""0x800425F0"", ""0x80044730""]",[],HYPOTHESIS,FUN_80042640,PSXRecomp low: reachable but no prologue and no jr $ra exit; reachable=True; boundaries are static estimates,,False,True
D2KF.EXE,0x80042648,8,[],[],HYPOTHESIS,FUN_80042648,"PSXRecomp low: no prologue, no jr $ra exit, unreachable from entry; reachable=False; boundaries are static estimates",,False,True
D2KF.EXE,0x80042650,112,"[""0x800190E0""]","[""0x80036664"", ""0x80044580"", ""0x80044760""]",LIKELY,FUN_80042650,"PSXRecomp verified: prologue + epilogue + jr $ra, called from reachable code; reachable=True; boundaries are static estimates",,False,True
D2KF.EXE,0x800426C0,64,"[""0x800190E0""]","[""0x80036664"", ""0x8004495C""]",LIKELY,FUN_800426C0,"PSXRecomp verified: prologue + epilogue + jr $ra, called from reachable code; reachable=True; boundaries are static estimates",,False,True
D2KF.EXE,0x80042700,104,"[""0x8001DC40""]","[""0x800306C0"", ""0x80044590""]",LIKELY,FUN_80042700,"PSXRecomp verified: prologue + epilogue + jr $ra, called from reachable code; reachable=True; boundaries are static estimates",,False,True
D2KF.EXE,0x80042768,768,[],"[""0x800306C0"", ""0x8004408C"", ""0x80044A10"", ""0x80044B18"", ""0x80044BF0"", ""0x80044CC8"", ""0x80044D04"", ""0x80044D40"", ""0x80044D80""]",LIKELY,FUN_80042768,"PSXRecomp verified: prologue + epilogue + jr $ra, called from reachable code; reachable=True; boundaries are static estimates",,False,True
D2KF.EXE,0x80042A68,104,"[""0x8001DC40"", ""0x8002F1EC"", ""0x8002F384""]","[""0x800306C0"", ""0x80044590""]",LIKELY,FUN_80042A68,"PSXRecomp verified: prologue + epilogue + jr $ra, called from reachable code; reachable=True; boundaries are static estimates",,False,True
D2KF.EXE,0x80042AD0,680,[],"[""0x8004408C"", ""0x80044590"", ""0x80044A10"", ""0x80044B18"", ""0x80044BF0"", ""0x80044CC8"", ""0x80044D04"", ""0x80044D40"", ""0x80044D50"", ""0x80044D80""]",LIKELY,FUN_80042AD0,"PSXRecomp verified: prologue + epilogue + jr $ra, called from reachable code; reachable=True; boundaries are static estimates",,False,True
D2KF.EXE,0x80042D78,392,[],"[""0x800306C0"", ""0x80035E30"", ""0x80035E60"", ""0x80043A3C"", ""0x80043A50"", ""0x8004418C"", ""0x800441F0"", ""0x80044590"", ""0x80044A10""]",HYPOTHESIS,FUN_80042D78,"PSXRecomp medium: prologue-shaped, no proven call path; reachable=False; boundaries are static estimates",,False,True
D2KF.EXE,0x80042F00,68,[],"[""0x80035E60""]",HYPOTHESIS,FUN_80042F00,"PSXRecomp medium: prologue-shaped, no proven call path; reachable=False; boundaries are static estimates",,False,True
D2KF.EXE,0x80042F44,184,[],"[""0x800306C0"", ""0x80044590""]",HYPOTHESIS,FUN_80042F44,"PSXRecomp medium: prologue-shaped, no proven call path; reachable=False; boundaries are static estimates",,False,True
D2KF.EXE,0x80042FFC,140,[],"[""0x800442A0"", ""0x80044A10""]",HYPOTHESIS,FUN_80042FFC,PSXRecomp medium: address taken but no call-graph path from entry; reachable=True; boundaries are static estimates,,False,True
D2KF.EXE,0x80043088,176,[],"[""0x80035E40"", ""0x8004408C"", ""0x80044B18"", ""0x80044CC8""]",HYPOTHESIS,FUN_80043088,"PSXRecomp low: no prologue, no jr $ra exit, unreachable from entry; reachable=False; boundaries are static estimates",,False,True
D2KF.EXE,0x80043138,184,[],"[""0x800306C0"", ""0x80044590""]",HYPOTHESIS,FUN_80043138,"PSXRecomp medium: prologue-shaped, no proven call path; reachable=False; boundaries are static estimates",,False,True
D2KF.EXE,0x800431F0,316,[],"[""0x80035E50"", ""0x8004408C"", ""0x800442A0"", ""0x80044A10"", ""0x80044B18"", ""0x80044CC8""]",HYPOTHESIS,FUN_800431F0,PSXRecomp medium: address taken but no call-graph path from entry; reachable=False; boundaries are static estimates,,False,True
D2KF.EXE,0x8004332C,280,"[""0x8002F1EC"", ""0x8002F384"", ""0x8002F4B8""]","[""0x800306C0"", ""0x8004418C"", ""0x800441F0"", ""0x80044590""]",LIKELY,FUN_8004332C,"PSXRecomp verified: prologue + epilogue + jr $ra, called from reachable code; reachable=True; boundaries are static estimates",,False,True
D2KF.EXE,0x80043444,320,[],"[""0x80035E30"", ""0x80035E60"", ""0x80044590"", ""0x80044A10"", ""0x80044BF0"", ""0x80044D04"", ""0x80044D80""]",LIKELY,FUN_80043444,"PSXRecomp verified: prologue + epilogue + jr $ra, called from reachable code; reachable=True; boundaries are static estimates",,False,True
D2KF.EXE,0x80043584,280,"[""0x8002F4B8""]","[""0x800306C0"", ""0x8004418C"", ""0x800441F0"", ""0x80044590""]",HYPOTHESIS,FUN_80043584,"PSXRecomp medium: prologue-shaped, no proven call path; reachable=False; boundaries are static estimates",,False,True
D2KF.EXE,0x8004369C,320,[],"[""0x80035E30"", ""0x80035E60"", ""0x80044590"", ""0x80044A10"", ""0x80044BF0"", ""0x80044D04"", ""0x80044D80""]",HYPOTHESIS,FUN_8004369C,PSXRecomp medium: address taken but no call-graph path from entry; reachable=False; boundaries are static estimates,,False,True
D2KF.EXE,0x800437DC,140,"[""0x8002F044"", ""0x8002F1EC""]","[""0x800306C0"", ""0x8004418C"", ""0x800441F0""]",HYPOTHESIS,FUN_800437DC,"PSXRecomp medium: prologue-shaped, no proven call path; reachable=True; boundaries are static estimates",,False,True
D2KF.EXE,0x80043868,468,[],"[""0x800306C0"", ""0x80043A3C"", ""0x80043A50"", ""0x8004408C"", ""0x800442B0"", ""0x800442D0"", ""0x80044590"", ""0x80044A10"", ""0x80044BF0""]",HYPOTHESIS,FUN_80043868,"PSXRecomp low: no prologue, no jr $ra exit, unreachable from entry; reachable=False; boundaries are static estimates",,False,True
D2KF.EXE,0x80043A3C,20,"[""0x80042D78"", ""0x80043868"", ""0x80043C00"", ""0x80043D68""]",[],HYPOTHESIS,FUN_80043A3C,"PSXRecomp low: no prologue, no jr $ra exit, unreachable from entry; reachable=False; boundaries are static estimates",,False,True
D2KF.EXE,0x80043A50,284,"[""0x8001DC40"", ""0x8002F044"", ""0x8002F1B4"", ""0x8002F1EC"", ""0x8002F384"", ""0x8002F4B8"", ""0x80042D78"", ""0x80043868""]",[],LIKELY,FUN_80043A50,"PSXRecomp high: jr $ra exit, reachable from entry; reachable=True; boundaries are static estimates",,False,True
D2KF.EXE,0x80043B6C,148,"[""0x8002F4B8""]","[""0x800306C0"", ""0x80035E30"", ""0x8004418C"", ""0x800441F0""]",HYPOTHESIS,FUN_80043B6C,"PSXRecomp medium: prologue-shaped, no proven call path; reachable=False; boundaries are static estimates",,False,True
D2KF.EXE,0x80043C00,360,[],"[""0x800306C0"", ""0x80035E30"", ""0x80035E60"", ""0x80043A3C"", ""0x80044590""]",HYPOTHESIS,FUN_80043C00,"PSXRecomp low: no prologue, no jr $ra exit, unreachable from entry; reachable=False; boundaries are static estimates",,False,True
D2KF.EXE,0x80043D68,436,"[""0x8002F4B8"", ""0x8002F95C""]","[""0x800306C0"", ""0x80043A3C"", ""0x8004418C"", ""0x800441F0"", ""0x800442C0"", ""0x80044590""]",HYPOTHESIS,FUN_80043D68,"PSXRecomp medium: prologue-shaped, no proven call path; reachable=False; boundaries are static estimates",,False,True
D2KF.EXE,0x80043F1C,188,"[""0x8002F1B4""]","[""0x800306C0"", ""0x8004408C"", ""0x80044A10"", ""0x80044B18"", ""0x80044BF0"", ""0x80044CC8"", ""0x80044D50"", ""0x800456A4""]",HYPOTHESIS,FUN_80043F1C,"PSXRecomp medium: prologue-shaped, no proven call path; reachable=False; boundaries are static estimates",,False,True
D2KF.EXE,0x80043FD8,44,[],[],HYPOTHESIS,FUN_80043FD8,"PSXRecomp medium: prologue-shaped, no proven call path; reachable=False; boundaries are static estimates",,False,True
D2KF.EXE,0x80044004,136,[],"[""0x800306C0"", ""0x80044A10"", ""0x80044BF0"", ""0x80044D60"", ""0x80044D70""]",HYPOTHESIS,FUN_80044004,"PSXRecomp low: no prologue, no jr $ra exit, unreachable from entry; reachable=False; boundaries are static estimates",,False,True
D2KF.EXE,0x8004408C,84,"[""0x80042768"", ""0x80042AD0"", ""0x80043088"", ""0x800431F0"", ""0x80043868"", ""0x80043F1C""]",[],LIKELY,FUN_8004408C,"PSXRecomp high: jr $ra exit, reachable from entry; reachable=True; boundaries are static estimates",,False,True
D2KF.EXE,0x800440E0,172,[],"[""0x8004460C"", ""0x80044678""]",LIKELY,FUN_800440E0,"PSXRecomp verified: prologue + epilogue + jr $ra, called from reachable code; reachable=True; boundaries are static estimates",,False,True
D2KF.EXE,0x8004418C,92,"[""0x80042D78"", ""0x8004332C"", ""0x80043584"", ""0x800437DC"", ""0x80043B6C"", ""0x80043D68""]",[],LIKELY,FUN_8004418C,"PSXRecomp high: jr $ra exit, reachable from entry; reachable=True; boundaries are static estimates",,False,True
D2KF.EXE,0x800441F0,164,"[""0x80042D78"", ""0x8004332C"", ""0x80043584"", ""0x800437DC"", ""0x80043B6C"", ""0x80043D68""]","[""0x80030680""]",LIKELY,FUN_800441F0,"PSXRecomp verified: prologue + epilogue + jr $ra, called from reachable code; reachable=True; boundaries are static estimates",,False,True
D2KF.EXE,0x800442A0,16,"[""0x80042FFC"", ""0x800431F0""]",[],LIKELY,libapi_lseek,PSXRecomp verified: PSY-Q kernel dispatch thunk to B0(33h); reachable=True; boundaries are static estimates,B0:33 FileSeek,False,True
D2KF.EXE,0x800442B0,16,"[""0x80043868""]",[],LIKELY,libapi_nextfile,PSXRecomp verified: PSY-Q kernel dispatch thunk to B0(43h); reachable=False; boundaries are static estimates,B0:43 nextfile,False,False
D2KF.EXE,0x800442C0,16,"[""0x80043D68""]",[],LIKELY,FUN_800442C0,PSXRecomp verified: PSY-Q kernel dispatch thunk to B0(45h); reachable=False; boundaries are static estimates,B0:45 FileDelete,False,True
D2KF.EXE,0x800442D0,412,"[""0x80043868""]","[""0x800305C0"", ""0x80044570""]",HYPOTHESIS,FUN_800442D0,"PSXRecomp medium: prologue-shaped, no proven call path; reachable=False; boundaries are static estimates",,False,True
D2KF.EXE,0x8004446C,256,[],"[""0x800305C0""]",HYPOTHESIS,FUN_8004446C,PSXRecomp medium: address taken but no call-graph path from entry; reachable=False; boundaries are static estimates,,False,True
D2KF.EXE,0x80044570,16,"[""0x800442D0""]",[],LIKELY,FUN_80044570,PSXRecomp verified: PSY-Q kernel dispatch thunk to B0(42h); reachable=False; boundaries are static estimates,B0:42 firstfile,False,True
D2KF.EXE,0x80044580,16,"[""0x80042650""]",[],LIKELY,FUN_80044580,"PSXRecomp high: jr $ra exit, reachable from entry; reachable=True; boundaries are static estimates",,False,True
D2KF.EXE,0x80044590,124,"[""0x80042700"", ""0x80042A68"", ""0x80042AD0"", ""0x80042D78"", ""0x80042F44"", ""0x80043138"", ""0x8004332C"", ""0x80043444"", ""0x80043584"", ""0x8004369C"", ""0x80043868"", ""0x80043C00"", ""0x80043D68""]","[""0x800306C0""]",LIKELY,FUN_80044590,"PSXRecomp high: jr $ra exit, reachable from entry; reachable=True; boundaries are static estimates",,False,True
D2KF.EXE,0x8004460C,108,"[""0x800440E0""]",[],LIKELY,FUN_8004460C,"PSXRecomp high: jr $ra exit, reachable from entry; reachable=True; boundaries are static estimates",,False,True
D2KF.EXE,0x80044678,16,"[""0x800440E0""]",[],LIKELY,FUN_80044678,"PSXRecomp high: jr $ra exit, reachable from entry; reachable=True; boundaries are static estimates",,False,True
D2KF.EXE,0x80044690,20,[],[],LIKELY,FUN_80044690,"PSXRecomp high: jr $ra exit, reachable from entry; reachable=True; boundaries are static estimates",,False,True
D2KF.EXE,0x800446A4,20,[],[],LIKELY,FUN_800446A4,"PSXRecomp high: jr $ra exit, reachable from entry; reachable=True; boundaries are static estimates",,False,True
D2KF.EXE,0x800446B8,20,[],[],LIKELY,FUN_800446B8,"PSXRecomp high: jr $ra exit, reachable from entry; reachable=True; boundaries are static estimates",,False,True
D2KF.EXE,0x800446CC,20,[],[],LIKELY,FUN_800446CC,"PSXRecomp high: jr $ra exit, reachable from entry; reachable=True; boundaries are static estimates",,False,True
D2KF.EXE,0x800446E0,20,[],[],LIKELY,FUN_800446E0,"PSXRecomp high: jr $ra exit, reachable from entry; reachable=True; boundaries are static estimates",,False,True
D2KF.EXE,0x800446F4,20,[],[],LIKELY,FUN_800446F4,"PSXRecomp high: jr $ra exit, reachable from entry; reachable=True; boundaries are static estimates",,False,True
D2KF.EXE,0x80044708,20,[],[],LIKELY,FUN_80044708,"PSXRecomp high: jr $ra exit, reachable from entry; reachable=True; boundaries are static estimates",,False,True
D2KF.EXE,0x8004471C,20,[],[],LIKELY,FUN_8004471C,"PSXRecomp high: jr $ra exit, reachable from entry; reachable=True; boundaries are static estimates",,False,True
D2KF.EXE,0x80044730,48,[],"[""0x80042640"", ""0x80044DC0"", ""0x80044E2C""]",HYPOTHESIS,FUN_80044730,"PSXRecomp medium: prologue-shaped, no proven call path; reachable=False; boundaries are static estimates",,False,True
D2KF.EXE,0x80044760,476,"[""0x80042650""]","[""0x80035E10"", ""0x80035E20"", ""0x8003F950"", ""0x8003F960"", ""0x80044A10""]",LIKELY,FUN_80044760,"PSXRecomp verified: prologue + epilogue + jr $ra, called from reachable code; reachable=True; boundaries are static estimates",,False,True
D2KF.EXE,0x8004493C,32,[],"[""0x80044E64""]",HYPOTHESIS,FUN_8004493C,"PSXRecomp medium: prologue-shaped, no proven call path; reachable=False; boundaries are static estimates",,False,True
D2KF.EXE,0x8004495C,180,"[""0x800426C0""]","[""0x80035E10"", ""0x80035E20"", ""0x80040560""]",LIKELY,FUN_8004495C,"PSXRecomp verified: prologue + epilogue + jr $ra, called from reachable code; reachable=True; boundaries are static estimates",,False,True
D2KF.EXE,0x80044A10,264,"[""0x80042768"", ""0x80042AD0"", ""0x80042D78"", ""0x80042FFC"", ""0x800431F0"", ""0x80043444"", ""0x8004369C"", ""0x80043868"", ""0x80043F1C"", ""0x80044004"", ""0x80044760""]","[""0x80041050""]",LIKELY,FUN_80044A10,"PSXRecomp high: jr $ra exit, reachable from entry; reachable=True; boundaries are static estimates",,False,True
D2KF.EXE,0x80044B18,216,"[""0x80042768"", ""0x80042AD0"", ""0x80043088"", ""0x800431F0"", ""0x80043F1C""]","[""0x80041050""]",LIKELY,FUN_80044B18,"PSXRecomp verified: prologue + epilogue + jr $ra, called from reachable code; reachable=True; boundaries are static estimates",,False,True
D2KF.EXE,0x80044BF0,216,"[""0x80042768"", ""0x80042AD0"", ""0x80043444"", ""0x8004369C"", ""0x80043868"", ""0x80043F1C"", ""0x80044004""]","[""0x80041050""]",LIKELY,FUN_80044BF0,"PSXRecomp verified: prologue + epilogue + jr $ra, called from reachable code; reachable=True; boundaries are static estimates",,False,True
D2KF.EXE,0x80044CC8,60,"[""0x80042768"", ""0x80042AD0"", ""0x80043088"", ""0x800431F0"", ""0x80043F1C""]",[],LIKELY,FUN_80044CC8,"PSXRecomp high: jr $ra exit, reachable from entry; reachable=True; boundaries are static estimates",,False,True
D2KF.EXE,0x80044D04,60,"[""0x80042768"", ""0x80042AD0"", ""0x80043444"", ""0x8004369C""]",[],LIKELY,FUN_80044D04,"PSXRecomp high: jr $ra exit, reachable from entry; reachable=True; boundaries are static estimates",,False,True
D2KF.EXE,0x80044D40,16,"[""0x80042768"", ""0x80042AD0""]",[],LIKELY,FUN_80044D40,PSXRecomp verified: PSY-Q kernel dispatch thunk to A0(ABh); reachable=True; boundaries are static estimates,A0:AB,False,True
D2KF.EXE,0x80044D50,16,"[""0x80042AD0"", ""0x80043F1C""]",[],LIKELY,FUN_80044D50,PSXRecomp verified: PSY-Q kernel dispatch thunk to A0(ACh); reachable=True; boundaries are static estimates,A0:AC,False,True
D2KF.EXE,0x80044D60,16,"[""0x80044004"", ""0x80044D80"", ""0x80045560""]",[],LIKELY,FUN_80044D60,PSXRecomp verified: PSY-Q kernel dispatch thunk to B0(4Eh); reachable=True; boundaries are static estimates,B0:4E _card_write,False,True
D2KF.EXE,0x80044D70,16,"[""0x80044004"", ""0x80044D80"", ""0x80045560""]",[],LIKELY,FUN_80044D70,PSXRecomp verified: PSY-Q kernel dispatch thunk to B0(50h); reachable=True; boundaries are static estimates,B0:50 _new_card,False,True
D2KF.EXE,0x80044D80,52,"[""0x80042768"", ""0x80042AD0"", ""0x80043444"", ""0x8004369C""]","[""0x80044D60"", ""0x80044D70""]",LIKELY,FUN_80044D80,"PSXRecomp verified: prologue + epilogue + jr $ra, called from reachable code; reachable=True; boundaries are static estimates",,False,True
D2KF.EXE,0x80044DC0,108,"[""0x800425F0"", ""0x80044730""]","[""0x80035E10"", ""0x80035E20"", ""0x80035E70"", ""0x80044E9C"", ""0x800452E0"", ""0x800453A8"", ""0x8004543C"", ""0x800454AC""]",LIKELY,FUN_80044DC0,"PSXRecomp verified: prologue + epilogue + jr $ra, called from reachable code; reachable=True; boundaries are static estimates",,False,True
D2KF.EXE,0x80044E2C,56,"[""0x800425F0"", ""0x80044730""]","[""0x80035E10"", ""0x80035E20"", ""0x80035E70"", ""0x800452F0""]",LIKELY,FUN_80044E2C,"PSXRecomp verified: prologue + epilogue + jr $ra, called from reachable code; reachable=True; boundaries are static estimates",,False,True
D2KF.EXE,0x80044E64,40,"[""0x80042620"", ""0x8004493C""]","[""0x80045300"", ""0x800454E0""]",LIKELY,FUN_80044E64,"PSXRecomp verified: prologue + epilogue + jr $ra, called from reachable code; reachable=True; boundaries are static estimates",,False,True
D2KF.EXE,0x80044E90,12,[],[],HYPOTHESIS,FUN_80044E90,"PSXRecomp low: no prologue, no jr $ra exit, unreachable from entry; reachable=False; boundaries are static estimates",,False,True
D2KF.EXE,0x80044E9C,16,"[""0x80044DC0""]",[],LIKELY,FUN_80044E9C,"PSXRecomp high: jr $ra exit, reachable from entry; reachable=True; boundaries are static estimates",,False,True
D2KF.EXE,0x80044EAC,144,[],"[""0x80035E10"", ""0x80035E20"", ""0x80035E70"", ""0x80045034"", ""0x800451C0"", ""0x800451F8"", ""0x80045270""]",HYPOTHESIS,FUN_80044EAC,"PSXRecomp medium: prologue-shaped, no proven call path; reachable=False; boundaries are static estimates",,False,True
D2KF.EXE,0x80044F3C,144,[],"[""0x80035E10"", ""0x80035E20"", ""0x80035E70"", ""0x80045034"", ""0x80045190"", ""0x800451F8"", ""0x80045270""]",HYPOTHESIS,FUN_80044F3C,"PSXRecomp medium: prologue-shaped, no proven call path; reachable=False; boundaries are static estimates",,False,True
D2KF.EXE,0x80044FCC,48,[],"[""0x80035E70"", ""0x800451A0"", ""0x800451D0""]",HYPOTHESIS,libapi_StartPAD,"PSXRecomp medium: prologue-shaped, no proven call path; reachable=False; boundaries are static estimates",,False,True
D2KF.EXE,0x80044FFC,56,[],"[""0x800450AC"", ""0x800451B0"", ""0x800451E4""]",HYPOTHESIS,libapi_StopPAD,"PSXRecomp medium: prologue-shaped, no proven call path; reachable=False; boundaries are static estimates",,False,True
D2KF.EXE,0x80045034,120,"[""0x80044EAC"", ""0x80044F3C""]","[""0x80035E10"", ""0x80035E20"", ""0x8003C6E0"", ""0x8003C6F0""]",HYPOTHESIS,FUN_80045034,"PSXRecomp medium: prologue-shaped, no proven call path; reachable=False; boundaries are static estimates",,False,True
D2KF.EXE,0x800450AC,56,"[""0x80044FFC""]","[""0x80035E10"", ""0x80035E20"", ""0x8003C6F0""]",HYPOTHESIS,libapi_RemovePatchPad,"PSXRecomp medium: prologue-shaped, no proven call path; reachable=False; boundaries are static estimates",,False,True
D2KF.EXE,0x800450E4,104,[],[],HYPOTHESIS,libapi__Pad1,PSXRecomp medium: address taken but no call-graph path from entry; reachable=False; boundaries are static estimates,,False,True
D2KF.EXE,0x8004514C,64,[],[],HYPOTHESIS,FUN_8004514C,PSXRecomp medium: address taken but no call-graph path from entry; reachable=False; boundaries are static estimates,,False,True
D2KF.EXE,0x80045190,16,"[""0x80044F3C""]",[],LIKELY,FUN_80045190,PSXRecomp verified: PSY-Q kernel dispatch thunk to B0(12h); reachable=False; boundaries are static estimates,B0:12 InitPad,False,True
D2KF.EXE,0x800451A0,16,"[""0x80044FCC""]",[],LIKELY,FUN_800451A0,PSXRecomp verified: PSY-Q kernel dispatch thunk to B0(13h); reachable=False; boundaries are static estimates,B0:13 StartPad,False,True
D2KF.EXE,0x800451B0,16,"[""0x80044FFC""]",[],LIKELY,FUN_800451B0,PSXRecomp verified: PSY-Q kernel dispatch thunk to B0(14h); reachable=False; boundaries are static estimates,B0:14 StopPad,False,True
D2KF.EXE,0x800451C0,16,"[""0x80044EAC""]",[],LIKELY,FUN_800451C0,PSXRecomp verified: PSY-Q kernel dispatch thunk to B0(15h); reachable=False; boundaries are static estimates,B0:15 OutdatedPadInitAndStart,False,True
D2KF.EXE,0x800451D0,20,"[""0x80044FCC""]",[],HYPOTHESIS,FUN_800451D0,"PSXRecomp low: no prologue, no jr $ra exit, unreachable from entry; reachable=False; boundaries are static estimates",,False,True
D2KF.EXE,0x800451E4,20,"[""0x80044FFC""]",[],HYPOTHESIS,FUN_800451E4,"PSXRecomp low: no prologue, no jr $ra exit, unreachable from entry; reachable=False; boundaries are static estimates",,False,True
D2KF.EXE,0x800451F8,112,"[""0x80044EAC"", ""0x80044F3C""]","[""0x80035E10"", ""0x80038500""]",HYPOTHESIS,libapi__patch_pad,"PSXRecomp low: no prologue, no jr $ra exit, unreachable from entry; reachable=False; boundaries are static estimates",,False,True
D2KF.EXE,0x80045270,104,"[""0x80044EAC"", ""0x80044F3C""]","[""0x80035E10"", ""0x80035E20"", ""0x80038500""]",HYPOTHESIS,libapi__remove_ChgclrPAD,"PSXRecomp low: no prologue, no jr $ra exit, unreachable from entry; reachable=False; boundaries are static estimates",,False,True
D2KF.EXE,0x800452E0,16,"[""0x80044DC0""]",[],LIKELY,FUN_800452E0,PSXRecomp verified: PSY-Q kernel dispatch thunk to B0(4Ah); reachable=True; boundaries are static estimates,B0:4A InitCard,False,True
D2KF.EXE,0x800452F0,16,"[""0x80044E2C""]",[],LIKELY,FUN_800452F0,PSXRecomp verified: PSY-Q kernel dispatch thunk to B0(4Bh); reachable=True; boundaries are static estimates,B0:4B StartCard,False,True
D2KF.EXE,0x80045300,16,"[""0x80044E64""]",[],LIKELY,FUN_80045300,PSXRecomp verified: PSY-Q kernel dispatch thunk to B0(4Ch); reachable=True; boundaries are static estimates,B0:4C StopCard,False,True
D2KF.EXE,0x80045310,44,[],[],LIKELY,FUN_80045310,"PSXRecomp high: jr $ra exit, reachable from entry; reachable=True; boundaries are static estimates",,False,True
D2KF.EXE,0x8004533C,68,[],[],HYPOTHESIS,FUN_8004533C,"PSXRecomp low: no prologue, no jr $ra exit, unreachable from entry; reachable=False; boundaries are static estimates",,False,True
D2KF.EXE,0x80045380,16,[],[],HYPOTHESIS,FUN_80045380,PSXRecomp medium: address taken but no call-graph path from entry; reachable=True; boundaries are static estimates,,False,True
D2KF.EXE,0x800453A8,148,"[""0x80044DC0""]","[""0x80035E10"", ""0x80038500""]",LIKELY,FUN_800453A8,"PSXRecomp high: jr $ra exit, reachable from entry; reachable=True; boundaries are static estimates",,False,True
D2KF.EXE,0x8004543C,112,"[""0x80044DC0""]","[""0x80035E10"", ""0x80038500""]",LIKELY,FUN_8004543C,"PSXRecomp high: jr $ra exit, reachable from entry; reachable=True; boundaries are static estimates",,False,True
D2KF.EXE,0x800454AC,52,"[""0x80044DC0""]",[],LIKELY,FUN_800454AC,"PSXRecomp high: jr $ra exit, reachable from entry; reachable=True; boundaries are static estimates",,False,True
D2KF.EXE,0x800454E0,112,"[""0x80044E64""]","[""0x80035E10"", ""0x80035E20"", ""0x80038500""]",LIKELY,FUN_800454E0,"PSXRecomp high: jr $ra exit, reachable from entry; reachable=True; boundaries are static estimates",,False,True
D2KF.EXE,0x80045560,324,"[""0x800456A4""]","[""0x800306C0"", ""0x8003F220"", ""0x80044D60"", ""0x80044D70"", ""0x800458B0"", ""0x800458C0""]",HYPOTHESIS,FUN_80045560,"PSXRecomp medium: prologue-shaped, no proven call path; reachable=False; boundaries are static estimates",,False,True
D2KF.EXE,0x800456A4,524,"[""0x80043F1C""]","[""0x8003F220"", ""0x80045560""]",HYPOTHESIS,FUN_800456A4,"PSXRecomp medium: prologue-shaped, no proven call path; reachable=False; boundaries are static estimates",,False,True
D2KF.EXE,0x800458B0,16,"[""0x80045560""]",[],LIKELY,FUN_800458B0,PSXRecomp verified: PSY-Q kernel dispatch thunk to B0(4Fh); reachable=False; boundaries are static estimates,B0:4F _card_read,False,True
D2KF.EXE,0x800458C0,5932,"[""0x80045560""]",[],HYPOTHESIS,FUN_800458C0,PSXRecomp low: 14 word(s) did not decode; reachable=False; boundaries are static estimates,,False,True
D2KF.EXE,0x80046FEC,7880,[],[],HYPOTHESIS,FUN_80046FEC,"PSXRecomp low: no prologue, no jr $ra exit, unreachable from entry; reachable=False; boundaries are static estimates",,False,True
D2KF.EXE,0x80048EB4,7500,[],[],HYPOTHESIS,FUN_80048EB4,"PSXRecomp low: no prologue, no jr $ra exit, unreachable from entry; reachable=False; boundaries are static estimates",,False,True
D2KF.EXE,0x8004AC00,8232,[],[],HYPOTHESIS,FUN_8004AC00,"PSXRecomp low: no prologue, no jr $ra exit, unreachable from entry; reachable=False; boundaries are static estimates",,False,True
D2KF.EXE,0x8004CC28,1788,[],[],HYPOTHESIS,FUN_8004CC28,"PSXRecomp low: no prologue, no jr $ra exit, unreachable from entry; reachable=False; boundaries are static estimates",,False,True
D2KF.EXE,0x8004D324,780,[],[],HYPOTHESIS,FUN_8004D324,"PSXRecomp low: no prologue, no jr $ra exit, unreachable from entry; reachable=False; boundaries are static estimates",,False,True
D2KF.EXE,0x8004D630,7444,[],[],HYPOTHESIS,FUN_8004D630,"PSXRecomp low: no prologue, no jr $ra exit, unreachable from entry; reachable=False; boundaries are static estimates",,False,True
D2KF.EXE,0x8004F344,67944,[],[],HYPOTHESIS,FUN_8004F344,PSXRecomp data: classified as data; reachable=False; boundaries are static estimates,,False,True
D2KF.EXE,0x8005FCAC,992,[],[],HYPOTHESIS,FUN_8005FCAC,PSXRecomp data: classified as data; reachable=False; boundaries are static estimates,,False,True
D2KF.EXE,0x8006008C,19432,[],[],HYPOTHESIS,FUN_8006008C,PSXRecomp data: classified as data; reachable=False; boundaries are static estimates,,False,True
D2KF.EXE,0x80064C74,3128,[],[],HYPOTHESIS,FUN_80064C74,PSXRecomp data: classified as data; reachable=False; boundaries are static estimates,,False,True
D2KF.EXE,0x800658AC,29548,[],[],HYPOTHESIS,FUN_800658AC,PSXRecomp data: classified as data; reachable=False; boundaries are static estimates,,False,True
D2KF.EXE,0x8006CC18,13680,[],[],HYPOTHESIS,FUN_8006CC18,PSXRecomp data: classified as data; reachable=False; boundaries are static estimates,,False,True
D2KF.EXE,0x80070188,16392,[],[],HYPOTHESIS,FUN_80070188,PSXRecomp data: classified as data; reachable=False; boundaries are static estimates,,False,False
D2KF.EXE,0x80074190,892,[],"[""0x80100018"", ""0x8FF00018""]",HYPOTHESIS,FUN_80074190,PSXRecomp low: 28 word(s) did not decode; reachable=False; boundaries are static estimates,,False,False
D2KF.EXE,0x80080024,8,[],[],HYPOTHESIS,FUN_80080024,PSXRecomp data: classified as data; reachable=False; boundaries are static estimates,,False,True
D2KF.EXE,0x8008002C,4,[],[],HYPOTHESIS,FUN_8008002C,PSXRecomp data: classified as data; reachable=False; boundaries are static estimates,,False,True
D2KF.EXE,0x80080030,4,[],[],HYPOTHESIS,FUN_80080030,"PSXRecomp low: no prologue, no jr $ra exit, unreachable from entry; reachable=False; boundaries are static estimates",,False,True
D2KF.EXE,0x80080034,16,[],[],HYPOTHESIS,FUN_80080034,PSXRecomp low: 1 word(s) did not decode; reachable=False; boundaries are static estimates,,False,True
D2KF.EXE,0x80080848,6080,[],[],HYPOTHESIS,FUN_80080848,PSXRecomp data: classified as data; reachable=False; boundaries are static estimates,,False,True
D2KF.EXE,0x80082008,88,[],[],HYPOTHESIS,FUN_80082008,PSXRecomp data: classified as data; reachable=False; boundaries are static estimates,,False,True
D2KF.EXE,0x80082060,4140,[],[],HYPOTHESIS,FUN_80082060,PSXRecomp data: classified as data; reachable=False; boundaries are static estimates,,False,True
D2KF.EXE,0x8008308C,1972,[],[],HYPOTHESIS,FUN_8008308C,PSXRecomp data: classified as data; reachable=False; boundaries are static estimates,,False,True
D2KF.EXE,0x80083840,2596,[],[],HYPOTHESIS,FUN_80083840,PSXRecomp data: classified as data; reachable=False; boundaries are static estimates,,False,True
D2KF.EXE,0x80084264,13696,[],[],HYPOTHESIS,FUN_80084264,PSXRecomp data: classified as data; reachable=False; boundaries are static estimates,,False,True
D2KF.EXE,0x800877E4,8,[],"[""0x8E20ACCC""]",HYPOTHESIS,FUN_800877E4,"PSXRecomp low: no prologue, no jr $ra exit, unreachable from entry; reachable=False; boundaries are static estimates",,False,True
D2KF.EXE,0x8008AD2C,8,[],[],HYPOTHESIS,FUN_8008AD2C,"PSXRecomp low: no prologue, no jr $ra exit, unreachable from entry; reachable=False; boundaries are static estimates",,False,True
D2KF.EXE,0x8008B97C,4768,[],[],HYPOTHESIS,FUN_8008B97C,PSXRecomp data: classified as data; reachable=False; boundaries are static estimates,,False,True
D2KF.EXE,0x8008CC1C,49300,[],[],HYPOTHESIS,FUN_8008CC1C,PSXRecomp data: classified as data; reachable=False; boundaries are static estimates,,False,True
D2KF.EXE,0x80098CB0,160644,[],[],HYPOTHESIS,FUN_80098CB0,PSXRecomp data: classified as data; reachable=False; boundaries are static estimates,,False,True
D2KF.EXE,0x800C0034,1256,[],[],HYPOTHESIS,FUN_800C0034,PSXRecomp data: classified as data; reachable=False; boundaries are static estimates,,False,True
D2KF.EXE,0x800C051C,2796,[],[],HYPOTHESIS,FUN_800C051C,PSXRecomp data: classified as data; reachable=False; boundaries are static estimates,,False,True
D2KF.EXE,0x800C1008,2560,[],[],HYPOTHESIS,FUN_800C1008,PSXRecomp data: classified as data; reachable=False; boundaries are static estimates,,False,True
D2KF.EXE,0x800C1A08,296,[],[],HYPOTHESIS,FUN_800C1A08,PSXRecomp data: classified as data; reachable=False; boundaries are static estimates,,False,True
D2KF.EXE,0x800C1B30,6840,[],[],HYPOTHESIS,FUN_800C1B30,PSXRecomp data: classified as data; reachable=False; boundaries are static estimates,,False,True
D2KF.EXE,0x800C35E8,2632,[],[],HYPOTHESIS,FUN_800C35E8,PSXRecomp data: classified as data; reachable=False; boundaries are static estimates,,False,True
D2KF.EXE,0x800C4030,16000,[],[],HYPOTHESIS,FUN_800C4030,PSXRecomp data: classified as data; reachable=False; boundaries are static estimates,,False,True
D2KF.EXE,0x800C7EB0,17608,[],[],HYPOTHESIS,FUN_800C7EB0,PSXRecomp data: classified as data; reachable=False; boundaries are static estimates,,False,True
D2KF.EXE,0x800CC378,4484,[],[],HYPOTHESIS,FUN_800CC378,PSXRecomp data: classified as data; reachable=False; boundaries are static estimates,,False,True
D2KF.EXE,0x800CD4FC,12092,[],[],HYPOTHESIS,FUN_800CD4FC,PSXRecomp data: classified as data; reachable=False; boundaries are static estimates,,False,True
D2KF.EXE,0x800D0438,27576,[],[],HYPOTHESIS,FUN_800D0438,PSXRecomp data: classified as data; reachable=False; boundaries are static estimates,,False,True
D2KF.EXE,0x800D6FF0,31232,[],[],HYPOTHESIS,FUN_800D6FF0,PSXRecomp data: classified as data; reachable=False; boundaries are static estimates,,False,True
D2KF.EXE,0x800DE9F0,121416,[],[],HYPOTHESIS,FUN_800DE9F0,PSXRecomp data: classified as data; reachable=False; boundaries are static estimates,,False,True
D2KF.EXE,0x800FC438,14820,[],[],HYPOTHESIS,FUN_800FC438,PSXRecomp data: classified as data; reachable=False; boundaries are static estimates,,False,True
D2KF.EXE,0x800FFE1C,508,[],"[""0x880490A4""]",HYPOTHESIS,FUN_800FFE1C,PSXRecomp low: 9 word(s) did not decode; reachable=False; boundaries are static estimates,,False,True
D2KF.EXE,0x80100018,260,"[""0x80074190""]","[""0x88049000""]",HYPOTHESIS,FUN_80100018,PSXRecomp low: 10 word(s) did not decode; reachable=False; boundaries are static estimates,,False,True
D2KF.EXE,0x8010011C,2796,[],[],HYPOTHESIS,FUN_8010011C,PSXRecomp data: classified as data; reachable=False; boundaries are static estimates,,False,True
D2KF.EXE,0x80100C08,1056,[],[],HYPOTHESIS,FUN_80100C08,PSXRecomp data: classified as data; reachable=False; boundaries are static estimates,,False,True
D2KF.EXE,0x80101028,8328,[],[],HYPOTHESIS,FUN_80101028,PSXRecomp data: classified as data; reachable=False; boundaries are static estimates,,False,True
D2KF.EXE,0x801030B0,24172,[],[],HYPOTHESIS,FUN_801030B0,PSXRecomp data: classified as data; reachable=False; boundaries are static estimates,,False,True
D2KF.EXE,0x80108F1C,4656,[],[],HYPOTHESIS,FUN_80108F1C,PSXRecomp data: classified as data; reachable=False; boundaries are static estimates,,False,True
D2KF.EXE,0x8011F8AC,123788,[],[],HYPOTHESIS,FUN_8011F8AC,PSXRecomp data: classified as data; reachable=False; boundaries are static estimates,,False,True
D2KF.EXE,0x8013DC38,12316,[],[],HYPOTHESIS,FUN_8013DC38,PSXRecomp data: classified as data; reachable=False; boundaries are static estimates,,False,True
D2KF.EXE,0x80140C54,2100,[],[],HYPOTHESIS,FUN_80140C54,PSXRecomp data: classified as data; reachable=False; boundaries are static estimates,,False,True
D2KF.EXE,0x80141488,7984,[],[],HYPOTHESIS,FUN_80141488,PSXRecomp data: classified as data; reachable=False; boundaries are static estimates,,False,True
D2KF.EXE,0x801433B8,60,[],"[""0x85C024B8""]",HYPOTHESIS,FUN_801433B8,PSXRecomp low: 3 word(s) did not decode; reachable=False; boundaries are static estimates,,False,True
D2KF.EXE,0x80143C00,3080,[],[],HYPOTHESIS,FUN_80143C00,PSXRecomp data: classified as data; reachable=False; boundaries are static estimates,,False,True
D2KF.EXE,0x80144808,5132,[],[],HYPOTHESIS,FUN_80144808,PSXRecomp data: classified as data; reachable=False; boundaries are static estimates,,False,True
D2KF.EXE,0x80145C14,9396,[],[],HYPOTHESIS,FUN_80145C14,PSXRecomp data: classified as data; reachable=False; boundaries are static estimates,,False,True
D2KF.EXE,0x801480C8,2876,[],[],HYPOTHESIS,FUN_801480C8,PSXRecomp data: classified as data; reachable=False; boundaries are static estimates,,False,True
D2KF.EXE,0x80148C04,232,[],[],HYPOTHESIS,FUN_80148C04,PSXRecomp data: classified as data; reachable=False; boundaries are static estimates,,False,True
D2KF.EXE,0x80148CEC,7856,[],[],HYPOTHESIS,FUN_80148CEC,PSXRecomp data: classified as data; reachable=False; boundaries are static estimates,,False,True
D2KF.EXE,0x8014AB9C,49388,[],[],HYPOTHESIS,FUN_8014AB9C,PSXRecomp data: classified as data; reachable=False; boundaries are static estimates,,False,True
D2KF.EXE,0x80156C88,79072,[],[],HYPOTHESIS,FUN_80156C88,PSXRecomp data: classified as data; reachable=False; boundaries are static estimates,,False,True
D2KF.EXE,0x8016A168,91972,[],[],HYPOTHESIS,FUN_8016A168,PSXRecomp data: classified as data; reachable=False; boundaries are static estimates,,False,True
D2KF.EXE,0x801808AC,2164,[],[],HYPOTHESIS,FUN_801808AC,PSXRecomp data: classified as data; reachable=False; boundaries are static estimates,,False,True
D2KF.EXE,0x80181120,2924,[],[],HYPOTHESIS,FUN_80181120,PSXRecomp data: classified as data; reachable=False; boundaries are static estimates,,False,True
D2KF.EXE,0x80181C8C,5140,[],[],HYPOTHESIS,FUN_80181C8C,PSXRecomp data: classified as data; reachable=False; boundaries are static estimates,,False,True
D2KF.EXE,0x801830A0,13280,[],[],HYPOTHESIS,FUN_801830A0,PSXRecomp data: classified as data; reachable=False; boundaries are static estimates,,False,True
D2KF.EXE,0x80186480,14304,[],[],HYPOTHESIS,FUN_80186480,PSXRecomp data: classified as data; reachable=False; boundaries are static estimates,,False,True
D2KF.EXE,0x80189C60,1712,[],[],HYPOTHESIS,FUN_80189C60,PSXRecomp data: classified as data; reachable=False; boundaries are static estimates,,False,True
D2KF.EXE,0x8018A310,2428,[],[],HYPOTHESIS,FUN_8018A310,PSXRecomp data: classified as data; reachable=False; boundaries are static estimates,,False,True
D2KF.EXE,0x8018AC8C,16,[],[],HYPOTHESIS,FUN_8018AC8C,PSXRecomp data: classified as data; reachable=False; boundaries are static estimates,,False,True
D2KF.EXE,0x8018AC9C,7180,[],[],HYPOTHESIS,FUN_8018AC9C,PSXRecomp data: classified as data; reachable=False; boundaries are static estimates,,False,True
D2KF.EXE,0x8018C8A8,5980,[],[],HYPOTHESIS,FUN_8018C8A8,PSXRecomp data: classified as data; reachable=False; boundaries are static estimates,,False,True
D2KF.EXE,0x8018E004,8592,[],[],HYPOTHESIS,FUN_8018E004,PSXRecomp data: classified as data; reachable=False; boundaries are static estimates,,False,True
D2KF.EXE,0x80190194,8488,[],[],HYPOTHESIS,FUN_80190194,PSXRecomp data: classified as data; reachable=False; boundaries are static estimates,,False,True
D2KF.EXE,0x801922BC,26944,[],[],HYPOTHESIS,FUN_801922BC,PSXRecomp data: classified as data; reachable=False; boundaries are static estimates,,False,True
D2KF.EXE,0x80198BFC,35844,[],[],HYPOTHESIS,FUN_80198BFC,PSXRecomp data: classified as data; reachable=False; boundaries are static estimates,,False,True
D2KF.EXE,0x801A1800,125084,[],[],HYPOTHESIS,FUN_801A1800,PSXRecomp data: classified as data; reachable=False; boundaries are static estimates,,False,True
D2KF.EXE,0x801C009C,36,[],[],HYPOTHESIS,FUN_801C009C,PSXRecomp data: classified as data; reachable=False; boundaries are static estimates,,False,True
D2KF.EXE,0x801C00C0,800,[],[],HYPOTHESIS,FUN_801C00C0,PSXRecomp data: classified as data; reachable=False; boundaries are static estimates,,False,True
D2KF.EXE,0x801C03E0,10408,[],[],HYPOTHESIS,FUN_801C03E0,PSXRecomp data: classified as data; reachable=False; boundaries are static estimates,,False,True
D2KF.EXE,0x801C2C88,12156,[],[],HYPOTHESIS,FUN_801C2C88,PSXRecomp data: classified as data; reachable=False; boundaries are static estimates,,False,True
D2KF.EXE,0x801C5C04,12312,[],[],HYPOTHESIS,FUN_801C5C04,PSXRecomp data: classified as data; reachable=False; boundaries are static estimates,,False,True
D2KF.EXE,0x801C8C1C,17332,[],[],HYPOTHESIS,FUN_801C8C1C,PSXRecomp data: classified as data; reachable=False; boundaries are static estimates,,False,True
D2KF.EXE,0x801CCFD0,16432,[],[],HYPOTHESIS,FUN_801CCFD0,PSXRecomp data: classified as data; reachable=False; boundaries are static estimates,,False,True
D2KF.EXE,0x8002D4E8,264,[],[],HYPOTHESIS,FUN_8002D4E8,PS1Recomp-only candidate; linear sweep can mistake data for code,,False,False
D2KF.EXE,0x8002DAC8,728,[],[],HYPOTHESIS,FUN_8002DAC8,PS1Recomp-only candidate; linear sweep can mistake data for code,,False,False
D2KF.EXE,0x80030250,56,[],[],HYPOTHESIS,FUN_80030250,PS1Recomp-only candidate; linear sweep can mistake data for code,,False,False
D2KF.EXE,0x8005D03C,11376,[],[],HYPOTHESIS,FUN_8005D03C,PS1Recomp-only candidate; linear sweep can mistake data for code,,False,False
D2KF.EXE,0x80063FE0,3104,[],[],HYPOTHESIS,FUN_80063FE0,PS1Recomp-only candidate; linear sweep can mistake data for code,,False,False
D2KF.EXE,0x80064C00,8,[],[],HYPOTHESIS,FUN_80064C00,PS1Recomp-only candidate; linear sweep can mistake data for code,,False,False
D2KF.EXE,0x80064C08,8,[],[],HYPOTHESIS,FUN_80064C08,PS1Recomp-only candidate; linear sweep can mistake data for code,,False,False
D2KF.EXE,0x80064C10,8,[],[],HYPOTHESIS,FUN_80064C10,PS1Recomp-only candidate; linear sweep can mistake data for code,,False,False
D2KF.EXE,0x80064C18,8,[],[],HYPOTHESIS,FUN_80064C18,PS1Recomp-only candidate; linear sweep can mistake data for code,,False,False
D2KF.EXE,0x80064C20,8,[],[],HYPOTHESIS,FUN_80064C20,PS1Recomp-only candidate; linear sweep can mistake data for code,,False,False
D2KF.EXE,0x80064C28,8,[],[],HYPOTHESIS,FUN_80064C28,PS1Recomp-only candidate; linear sweep can mistake data for code,,False,False
D2KF.EXE,0x80064C30,8,[],[],HYPOTHESIS,FUN_80064C30,PS1Recomp-only candidate; linear sweep can mistake data for code,,False,False
D2KF.EXE,0x80064C38,60,[],[],HYPOTHESIS,FUN_80064C38,PS1Recomp-only candidate; linear sweep can mistake data for code,,False,False
D2KF.EXE,0x80064D08,8,[],[],HYPOTHESIS,FUN_80064D08,PS1Recomp-only candidate; linear sweep can mistake data for code,,False,False
D2KF.EXE,0x80064D10,8,[],[],HYPOTHESIS,FUN_80064D10,PS1Recomp-only candidate; linear sweep can mistake data for code,,False,False
D2KF.EXE,0x80064D18,8,[],[],HYPOTHESIS,FUN_80064D18,PS1Recomp-only candidate; linear sweep can mistake data for code,,False,False
D2KF.EXE,0x80064D20,8,[],[],HYPOTHESIS,FUN_80064D20,PS1Recomp-only candidate; linear sweep can mistake data for code,,False,False
D2KF.EXE,0x80064D28,8,[],[],HYPOTHESIS,FUN_80064D28,PS1Recomp-only candidate; linear sweep can mistake data for code,,False,False
D2KF.EXE,0x80064D30,8,[],[],HYPOTHESIS,FUN_80064D30,PS1Recomp-only candidate; linear sweep can mistake data for code,,False,False
D2KF.EXE,0x80064D38,2932,[],[],HYPOTHESIS,FUN_80064D38,PS1Recomp-only candidate; linear sweep can mistake data for code,,False,False
D2KF.EXE,0x80066A08,8,[],[],HYPOTHESIS,FUN_80066A08,PS1Recomp-only candidate; linear sweep can mistake data for code,,False,False
D2KF.EXE,0x80066A10,8,[],[],HYPOTHESIS,FUN_80066A10,PS1Recomp-only candidate; linear sweep can mistake data for code,,False,False
D2KF.EXE,0x80066A18,8,[],[],HYPOTHESIS,FUN_80066A18,PS1Recomp-only candidate; linear sweep can mistake data for code,,False,False
D2KF.EXE,0x80066A20,8,[],[],HYPOTHESIS,FUN_80066A20,PS1Recomp-only candidate; linear sweep can mistake data for code,,False,False
D2KF.EXE,0x80066A28,8,[],[],HYPOTHESIS,FUN_80066A28,PS1Recomp-only candidate; linear sweep can mistake data for code,,False,False
D2KF.EXE,0x80066A30,8,[],[],HYPOTHESIS,FUN_80066A30,PS1Recomp-only candidate; linear sweep can mistake data for code,,False,False
D2KF.EXE,0x80066A38,8,[],[],HYPOTHESIS,FUN_80066A38,PS1Recomp-only candidate; linear sweep can mistake data for code,,False,False
D2KF.EXE,0x80066A40,8,[],[],HYPOTHESIS,FUN_80066A40,PS1Recomp-only candidate; linear sweep can mistake data for code,,False,False
D2KF.EXE,0x80066A48,8,[],[],HYPOTHESIS,FUN_80066A48,PS1Recomp-only candidate; linear sweep can mistake data for code,,False,False
D2KF.EXE,0x80066A50,8,[],[],HYPOTHESIS,FUN_80066A50,PS1Recomp-only candidate; linear sweep can mistake data for code,,False,False
D2KF.EXE,0x80066A58,8,[],[],HYPOTHESIS,FUN_80066A58,PS1Recomp-only candidate; linear sweep can mistake data for code,,False,False
D2KF.EXE,0x80066A60,8,[],[],HYPOTHESIS,FUN_80066A60,PS1Recomp-only candidate; linear sweep can mistake data for code,,False,False
D2KF.EXE,0x80066A68,8,[],[],HYPOTHESIS,FUN_80066A68,PS1Recomp-only candidate; linear sweep can mistake data for code,,False,False
D2KF.EXE,0x80066A70,8,[],[],HYPOTHESIS,FUN_80066A70,PS1Recomp-only candidate; linear sweep can mistake data for code,,False,False
D2KF.EXE,0x80066A78,8,[],[],HYPOTHESIS,FUN_80066A78,PS1Recomp-only candidate; linear sweep can mistake data for code,,False,False
D2KF.EXE,0x80066A80,8,[],[],HYPOTHESIS,FUN_80066A80,PS1Recomp-only candidate; linear sweep can mistake data for code,,False,False
D2KF.EXE,0x80066A88,8,[],[],HYPOTHESIS,FUN_80066A88,PS1Recomp-only candidate; linear sweep can mistake data for code,,False,False
D2KF.EXE,0x80066A90,8,[],[],HYPOTHESIS,FUN_80066A90,PS1Recomp-only candidate; linear sweep can mistake data for code,,False,False
D2KF.EXE,0x80066A98,8,[],[],HYPOTHESIS,FUN_80066A98,PS1Recomp-only candidate; linear sweep can mistake data for code,,False,False
D2KF.EXE,0x80066AA0,8,[],[],HYPOTHESIS,FUN_80066AA0,PS1Recomp-only candidate; linear sweep can mistake data for code,,False,False
D2KF.EXE,0x80066AA8,8,[],[],HYPOTHESIS,FUN_80066AA8,PS1Recomp-only candidate; linear sweep can mistake data for code,,False,False
D2KF.EXE,0x80066AB0,8,[],[],HYPOTHESIS,FUN_80066AB0,PS1Recomp-only candidate; linear sweep can mistake data for code,,False,False
D2KF.EXE,0x80066AB8,8,[],[],HYPOTHESIS,FUN_80066AB8,PS1Recomp-only candidate; linear sweep can mistake data for code,,False,False
D2KF.EXE,0x80066AC0,8,[],[],HYPOTHESIS,FUN_80066AC0,PS1Recomp-only candidate; linear sweep can mistake data for code,,False,False
D2KF.EXE,0x80066AC8,8,[],[],HYPOTHESIS,FUN_80066AC8,PS1Recomp-only candidate; linear sweep can mistake data for code,,False,False
D2KF.EXE,0x80066AD0,8,[],[],HYPOTHESIS,FUN_80066AD0,PS1Recomp-only candidate; linear sweep can mistake data for code,,False,False
D2KF.EXE,0x80066AD8,8,[],[],HYPOTHESIS,FUN_80066AD8,PS1Recomp-only candidate; linear sweep can mistake data for code,,False,False
D2KF.EXE,0x80066AE0,8,[],[],HYPOTHESIS,FUN_80066AE0,PS1Recomp-only candidate; linear sweep can mistake data for code,,False,False
D2KF.EXE,0x80066AE8,8,[],[],HYPOTHESIS,FUN_80066AE8,PS1Recomp-only candidate; linear sweep can mistake data for code,,False,False
D2KF.EXE,0x80066AF0,8,[],[],HYPOTHESIS,FUN_80066AF0,PS1Recomp-only candidate; linear sweep can mistake data for code,,False,False
D2KF.EXE,0x80066AF8,776,[],[],HYPOTHESIS,FUN_80066AF8,PS1Recomp-only candidate; linear sweep can mistake data for code,,False,False
D2KF.EXE,0x80066E00,8,[],[],HYPOTHESIS,FUN_80066E00,PS1Recomp-only candidate; linear sweep can mistake data for code,,False,False
D2KF.EXE,0x80066E08,8,[],[],HYPOTHESIS,FUN_80066E08,PS1Recomp-only candidate; linear sweep can mistake data for code,,False,False
D2KF.EXE,0x80066E10,8,[],[],HYPOTHESIS,FUN_80066E10,PS1Recomp-only candidate; linear sweep can mistake data for code,,False,False
D2KF.EXE,0x80066E18,8,[],[],HYPOTHESIS,FUN_80066E18,PS1Recomp-only candidate; linear sweep can mistake data for code,,False,False
D2KF.EXE,0x80066E20,8,[],[],HYPOTHESIS,FUN_80066E20,PS1Recomp-only candidate; linear sweep can mistake data for code,,False,False
D2KF.EXE,0x80066E28,8,[],[],HYPOTHESIS,FUN_80066E28,PS1Recomp-only candidate; linear sweep can mistake data for code,,False,False
D2KF.EXE,0x80066E30,8,[],[],HYPOTHESIS,FUN_80066E30,PS1Recomp-only candidate; linear sweep can mistake data for code,,False,False
D2KF.EXE,0x80066E38,8,[],[],HYPOTHESIS,FUN_80066E38,PS1Recomp-only candidate; linear sweep can mistake data for code,,False,False
D2KF.EXE,0x80066E40,8,[],[],HYPOTHESIS,FUN_80066E40,PS1Recomp-only candidate; linear sweep can mistake data for code,,False,False
D2KF.EXE,0x80066E48,8,[],[],HYPOTHESIS,FUN_80066E48,PS1Recomp-only candidate; linear sweep can mistake data for code,,False,False
D2KF.EXE,0x80066E50,8,[],[],HYPOTHESIS,FUN_80066E50,PS1Recomp-only candidate; linear sweep can mistake data for code,,False,False
D2KF.EXE,0x80066E58,8,[],[],HYPOTHESIS,FUN_80066E58,PS1Recomp-only candidate; linear sweep can mistake data for code,,False,False
D2KF.EXE,0x80066E60,8,[],[],HYPOTHESIS,FUN_80066E60,PS1Recomp-only candidate; linear sweep can mistake data for code,,False,False
D2KF.EXE,0x80066E68,8,[],[],HYPOTHESIS,FUN_80066E68,PS1Recomp-only candidate; linear sweep can mistake data for code,,False,False
D2KF.EXE,0x80066E70,8,[],[],HYPOTHESIS,FUN_80066E70,PS1Recomp-only candidate; linear sweep can mistake data for code,,False,False
D2KF.EXE,0x80066E78,8,[],[],HYPOTHESIS,FUN_80066E78,PS1Recomp-only candidate; linear sweep can mistake data for code,,False,False
D2KF.EXE,0x80066E80,8,[],[],HYPOTHESIS,FUN_80066E80,PS1Recomp-only candidate; linear sweep can mistake data for code,,False,False
D2KF.EXE,0x80066E88,8,[],[],HYPOTHESIS,FUN_80066E88,PS1Recomp-only candidate; linear sweep can mistake data for code,,False,False
D2KF.EXE,0x80066E90,8,[],[],HYPOTHESIS,FUN_80066E90,PS1Recomp-only candidate; linear sweep can mistake data for code,,False,False
D2KF.EXE,0x80066E98,8,[],[],HYPOTHESIS,FUN_80066E98,PS1Recomp-only candidate; linear sweep can mistake data for code,,False,False
D2KF.EXE,0x80066EA0,8,[],[],HYPOTHESIS,FUN_80066EA0,PS1Recomp-only candidate; linear sweep can mistake data for code,,False,False
D2KF.EXE,0x80066EA8,8,[],[],HYPOTHESIS,FUN_80066EA8,PS1Recomp-only candidate; linear sweep can mistake data for code,,False,False
D2KF.EXE,0x80066EB0,8,[],[],HYPOTHESIS,FUN_80066EB0,PS1Recomp-only candidate; linear sweep can mistake data for code,,False,False
D2KF.EXE,0x80066EB8,8,[],[],HYPOTHESIS,FUN_80066EB8,PS1Recomp-only candidate; linear sweep can mistake data for code,,False,False
D2KF.EXE,0x80066EC0,8,[],[],HYPOTHESIS,FUN_80066EC0,PS1Recomp-only candidate; linear sweep can mistake data for code,,False,False
D2KF.EXE,0x80066EC8,8,[],[],HYPOTHESIS,FUN_80066EC8,PS1Recomp-only candidate; linear sweep can mistake data for code,,False,False
D2KF.EXE,0x80066ED0,8,[],[],HYPOTHESIS,FUN_80066ED0,PS1Recomp-only candidate; linear sweep can mistake data for code,,False,False
D2KF.EXE,0x80066ED8,8,[],[],HYPOTHESIS,FUN_80066ED8,PS1Recomp-only candidate; linear sweep can mistake data for code,,False,False
D2KF.EXE,0x80066EE0,8,[],[],HYPOTHESIS,FUN_80066EE0,PS1Recomp-only candidate; linear sweep can mistake data for code,,False,False
D2KF.EXE,0x80066EE8,8,[],[],HYPOTHESIS,FUN_80066EE8,PS1Recomp-only candidate; linear sweep can mistake data for code,,False,False
D2KF.EXE,0x80066EF0,8,[],[],HYPOTHESIS,FUN_80066EF0,PS1Recomp-only candidate; linear sweep can mistake data for code,,False,False
D2KF.EXE,0x80066EF8,23840,[],[],HYPOTHESIS,FUN_80066EF8,PS1Recomp-only candidate; linear sweep can mistake data for code,,False,False
D2KF.EXE,0x800832B8,1416,[],[],HYPOTHESIS,FUN_800832B8,PS1Recomp-only candidate; linear sweep can mistake data for code,,False,False
D2KF.EXE,0x800C19A4,48,[],[],HYPOTHESIS,FUN_800C19A4,PS1Recomp-only candidate; linear sweep can mistake data for code,,False,False
D2KF.EXE,0x800C19D4,52,[],[],HYPOTHESIS,FUN_800C19D4,PS1Recomp-only candidate; linear sweep can mistake data for code,,False,False
D2KF.EXE,0x800CD7A8,5952,[],[],HYPOTHESIS,FUN_800CD7A8,PS1Recomp-only candidate; linear sweep can mistake data for code,,False,False
D2KF.EXE,0x800CEEE8,128,[],[],HYPOTHESIS,FUN_800CEEE8,PS1Recomp-only candidate; linear sweep can mistake data for code,,False,False
D2KF.EXE,0x800CEF68,2572,[],[],HYPOTHESIS,FUN_800CEF68,PS1Recomp-only candidate; linear sweep can mistake data for code,,False,False
D2KF.EXE,0x800CF974,8,[],[],HYPOTHESIS,FUN_800CF974,PS1Recomp-only candidate; linear sweep can mistake data for code,,False,False
D2KF.EXE,0x800CF97C,2748,[],[],HYPOTHESIS,FUN_800CF97C,PS1Recomp-only candidate; linear sweep can mistake data for code,,False,False
D2KF.EXE,0x80143780,8,[],[],HYPOTHESIS,FUN_80143780,PS1Recomp-only candidate; linear sweep can mistake data for code,,False,False
D2KF.EXE,0x80143788,1056,[],[],HYPOTHESIS,FUN_80143788,PS1Recomp-only candidate; linear sweep can mistake data for code,,False,False
D2KF.EXE,0x80143BA8,88,[],[],HYPOTHESIS,FUN_80143BA8,PS1Recomp-only candidate; linear sweep can mistake data for code,,False,False
D2KF.EXE,0x80144D9C,2128,[],[],HYPOTHESIS,FUN_80144D9C,PS1Recomp-only candidate; linear sweep can mistake data for code,,False,False
D2KF.EXE,0x801455EC,1576,[],[],HYPOTHESIS,FUN_801455EC,PS1Recomp-only candidate; linear sweep can mistake data for code,,False,False
DUNE.EXE,0x80019000,1592,"[""0x800677AC""]","[""0x8007AE70"", ""0x8007BF20"", ""0x8007BF30""]",LIKELY,FUN_80019000,"PSXRecomp verified: prologue + epilogue + jr $ra, called from reachable code; reachable=True; boundaries are static estimates",,False,True
DUNE.EXE,0x80019638,124,"[""0x8001F000"", ""0x80030E54"", ""0x80031450"", ""0x80034014"", ""0x80038A08"", ""0x80043370"", ""0x800446B4"", ""0x80044ABC"", ""0x80051EC0"", ""0x8005ABE4"", ""0x8005AC20"", ""0x80061578"", ""0x80062A08"", ""0x800660B0"", ""0x80080BC8""]",[],LIKELY,FUN_80019638,"PSXRecomp high: jr $ra exit, reachable from entry; reachable=True; boundaries are static estimates",,False,True
DUNE.EXE,0x800196B4,20,[],[],HYPOTHESIS,FUN_800196B4,"PSXRecomp low: no prologue, no jr $ra exit, unreachable from entry; reachable=False; boundaries are static estimates",,False,False
DUNE.EXE,0x800196C8,124,"[""0x8005A540"", ""0x80063DA4"", ""0x800766B0"", ""0x80076A18"", ""0x8007E080"", ""0x8007E140"", ""0x8007E218"", ""0x8007E24C"", ""0x8007E744""]",[],LIKELY,FUN_800196C8,"PSXRecomp high: jr $ra exit, reachable from entry; reachable=True; boundaries are static estimates",,False,True
DUNE.EXE,0x80019744,140,"[""0x8002C6C4""]",[],HYPOTHESIS,FUN_80019744,"PSXRecomp low: no prologue, no jr $ra exit, unreachable from entry; reachable=False; boundaries are static estimates",,False,True
DUNE.EXE,0x800197F0,2596,[],[],HYPOTHESIS,FUN_800197F0,"PSXRecomp low: no prologue, no jr $ra exit, unreachable from entry; reachable=False; boundaries are static estimates",,True,False
DUNE.EXE,0x8001A220,544,[],[],LIKELY,FUN_8001A220,"PSXRecomp high: jr $ra exit, reachable from entry; reachable=True; boundaries are static estimates",,True,True
DUNE.EXE,0x8001A440,460,[],[],LIKELY,FUN_8001A440,"PSXRecomp high: jr $ra exit, reachable from entry; reachable=True; boundaries are static estimates",,True,True
DUNE.EXE,0x8001A610,472,[],[],LIKELY,FUN_8001A610,"PSXRecomp high: jr $ra exit, reachable from entry; reachable=True; boundaries are static estimates",,True,True
DUNE.EXE,0x8001A7F0,464,[],[],LIKELY,FUN_8001A7F0,"PSXRecomp high: jr $ra exit, reachable from entry; reachable=True; boundaries are static estimates",,True,True
DUNE.EXE,0x8001A9C0,552,[],[],LIKELY,FUN_8001A9C0,"PSXRecomp high: jr $ra exit, reachable from entry; reachable=True; boundaries are static estimates",,True,True
DUNE.EXE,0x8001ABF0,576,[],[],LIKELY,FUN_8001ABF0,"PSXRecomp high: jr $ra exit, reachable from entry; reachable=True; boundaries are static estimates",,True,True
DUNE.EXE,0x8001AE30,560,[],[],LIKELY,FUN_8001AE30,"PSXRecomp high: jr $ra exit, reachable from entry; reachable=True; boundaries are static estimates",,True,True
DUNE.EXE,0x8001B060,712,"[""0x80055360"", ""0x80060270"", ""0x80060368"", ""0x80060460"", ""0x80060558"", ""0x80060650"", ""0x80060748"", ""0x80060840"", ""0x80061158"", ""0x80061218"", ""0x800612D8"", ""0x80061398"", ""0x80061438"", ""0x800614D8""]","[""0x8007B2DC"", ""0x8007B35C""]",LIKELY,FUN_8001B060,"PSXRecomp verified: prologue + epilogue + jr $ra, called from reachable code; reachable=True; boundaries are static estimates",,False,True
DUNE.EXE,0x8001B330,404,"[""0x800618F8""]",[],LIKELY,libgs_GsMapUnit,"PSXRecomp high: jr $ra exit, reachable from entry; reachable=True; boundaries are static estimates",,False,True
DUNE.EXE,0x8001B4D0,440,"[""0x800618F8""]",[],LIKELY,libgs_GsScanUnit,"PSXRecomp high: jr $ra exit, reachable from entry; reachable=True; boundaries are static estimates",,False,True
DUNE.EXE,0x8001B688,16,[],[],HYPOTHESIS,FUN_8001B688,"PSXRecomp low: no prologue, no jr $ra exit, unreachable from entry; reachable=False; boundaries are static estimates",,False,True
DUNE.EXE,0x8001B6B8,120,[],[],HYPOTHESIS,FUN_8001B6B8,"PSXRecomp low: no prologue, no jr $ra exit, unreachable from entry; reachable=False; boundaries are static estimates",,False,False
DUNE.EXE,0x8001B730,36,"[""0x8001B9A0""]",[],HYPOTHESIS,FUN_8001B730,"PSXRecomp low: no prologue, no jr $ra exit, unreachable from entry; reachable=False; boundaries are static estimates",,False,True
DUNE.EXE,0x8001B754,200,[],[],HYPOTHESIS,FUN_8001B754,"PSXRecomp low: no prologue, no jr $ra exit, unreachable from entry; reachable=False; boundaries are static estimates",,False,False
DUNE.EXE,0x8001B81C,148,"[""0x8001B9A0""]",[],HYPOTHESIS,FUN_8001B81C,"PSXRecomp low: no prologue, no jr $ra exit, unreachable from entry; reachable=False; boundaries are static estimates",,False,True
DUNE.EXE,0x8001B8B0,240,[],[],HYPOTHESIS,FUN_8001B8B0,"PSXRecomp low: no prologue, no jr $ra exit, unreachable from entry; reachable=False; boundaries are static estimates",,False,False
DUNE.EXE,0x8001B9A0,168,"[""0x8002DEBC""]","[""0x8001B730"", ""0x8001B81C""]",HYPOTHESIS,FUN_8001B9A0,"PSXRecomp medium: prologue-shaped, no proven call path; reachable=False; boundaries are static estimates",,False,True
DUNE.EXE,0x8001BA68,1460,[],[],HYPOTHESIS,FUN_8001BA68,"PSXRecomp low: no prologue, no jr $ra exit, unreachable from entry; reachable=False; boundaries are static estimates",,False,False
DUNE.EXE,0x8001C020,440,[],[],LIKELY,FUN_8001C020,"PSXRecomp high: jr $ra exit, reachable from entry; reachable=True; boundaries are static estimates",,True,True
DUNE.EXE,0x8001C1E0,460,[],[],LIKELY,FUN_8001C1E0,"PSXRecomp high: jr $ra exit, reachable from entry; reachable=True; boundaries are static estimates",,True,True
DUNE.EXE,0x8001C3B0,456,[],[],LIKELY,FUN_8001C3B0,"PSXRecomp high: jr $ra exit, reachable from entry; reachable=True; boundaries are static estimates",,True,True
DUNE.EXE,0x8001C580,480,[],[],LIKELY,FUN_8001C580,"PSXRecomp high: jr $ra exit, reachable from entry; reachable=True; boundaries are static estimates",,True,True
DUNE.EXE,0x8001C760,552,[],[],LIKELY,FUN_8001C760,"PSXRecomp high: jr $ra exit, reachable from entry; reachable=True; boundaries are static estimates",,True,True
DUNE.EXE,0x8001C990,588,[],[],LIKELY,FUN_8001C990,"PSXRecomp high: jr $ra exit, reachable from entry; reachable=True; boundaries are static estimates",,True,True
DUNE.EXE,0x8001CBE0,300,"[""0x80061158"", ""0x80061218"", ""0x800612D8"", ""0x80061398"", ""0x80061438"", ""0x800614D8""]",[],HYPOTHESIS,FUN_8001CBE0,"PSXRecomp medium: prologue-shaped, no proven call path; reachable=False; boundaries are static estimates",,False,True
DUNE.EXE,0x8001CD20,344,"[""0x8002C6C4""]",[],HYPOTHESIS,FUN_8001CD20,"PSXRecomp medium: prologue-shaped, no proven call path; reachable=False; boundaries are static estimates",,False,True
DUNE.EXE,0x8001D000,252,[],"[""0x8001D1F8"", ""0x8007CF50"", ""0x8007D0F0"", ""0x8007D290""]",HYPOTHESIS,FUN_8001D000,"PSXRecomp medium: prologue-shaped, no proven call path; reachable=False; boundaries are static estimates",,False,True
DUNE.EXE,0x8001D0FC,252,[],"[""0x8001D1F8"", ""0x8007CF50"", ""0x8007D0F0"", ""0x8007D290""]",HYPOTHESIS,FUN_8001D0FC,"PSXRecomp medium: prologue-shaped, no proven call path; reachable=False; boundaries are static estimates",,False,True
DUNE.EXE,0x8001D1F8,24,"[""0x8001D000"", ""0x8001D0FC"", ""0x800552C0"", ""0x80055360"", ""0x80060270"", ""0x80060368"", ""0x80060460"", ""0x80060558"", ""0x80060650"", ""0x80060748"", ""0x80060840"", ""0x8006175C""]",[],LIKELY,FUN_8001D1F8,"PSXRecomp high: jr $ra exit, reachable from entry; reachable=True; boundaries are static estimates",,False,True
DUNE.EXE,0x8001D210,1032,"[""0x80034014"", ""0x80038A08"", ""0x80051EC0""]",[],LIKELY,FUN_8001D210,"PSXRecomp verified: prologue + epilogue + jr $ra, called from reachable code; reachable=True; boundaries are static estimates",,False,True
DUNE.EXE,0x8001D618,100,"[""0x80034014""]",[],HYPOTHESIS,FUN_8001D618,"PSXRecomp low: no prologue, no jr $ra exit, unreachable from entry; reachable=False; boundaries are static estimates",,False,True
DUNE.EXE,0x8001D67C,228,[],[],HYPOTHESIS,FUN_8001D67C,"PSXRecomp low: no prologue, no jr $ra exit, unreachable from entry; reachable=False; boundaries are static estimates",,False,False
DUNE.EXE,0x8001D760,264,"[""0x80025504"", ""0x80034014"", ""0x8003B91C""]",[],LIKELY,FUN_8001D760,"PSXRecomp high: jr $ra exit, reachable from entry; reachable=True; boundaries are static estimates",,False,True
DUNE.EXE,0x8001D868,164,[],[],HYPOTHESIS,FUN_8001D868,"PSXRecomp low: no prologue, no jr $ra exit, unreachable from entry; reachable=False; boundaries are static estimates",,False,False
DUNE.EXE,0x8001D90C,444,"[""0x8003D2BC""]","[""0x80049CC0""]",LIKELY,FUN_8001D90C,"PSXRecomp verified: prologue + epilogue + jr $ra, called from reachable code; reachable=True; boundaries are static estimates",,False,True
DUNE.EXE,0x8001DAC8,444,"[""0x80033610""]","[""0x8003D538""]",LIKELY,FUN_8001DAC8,"PSXRecomp verified: prologue + epilogue + jr $ra, called from reachable code; reachable=True; boundaries are static estimates",,False,True
DUNE.EXE,0x8001E000,1576,"[""0x80034014""]","[""0x800425C4"", ""0x800486BC""]",HYPOTHESIS,FUN_8001E000,"PSXRecomp medium: prologue-shaped, no proven call path; reachable=False; boundaries are static estimates",,False,True
DUNE.EXE,0x8001E628,1420,"[""0x8001ECCC"", ""0x8002B934"", ""0x8002BD58"", ""0x8002C364"", ""0x8002C6C4"", ""0x8002D9C0"", ""0x8002DEBC"", ""0x8002ED3C"", ""0x80030634"", ""0x80034014"", ""0x8004DA8C""]","[""0x8003B738"", ""0x80042724"", ""0x800486BC"", ""0x80049690"", ""0x80049750"", ""0x80049BDC""]",LIKELY,FUN_8001E628,"PSXRecomp verified: prologue + epilogue + jr $ra, called from reachable code; reachable=True; boundaries are static estimates",,False,True
DUNE.EXE,0x8001EBB4,204,"[""0x8001ECCC"", ""0x8002B934"", ""0x8002BBDC"", ""0x8002BD58"", ""0x80034014"", ""0x8004DA8C""]",[],LIKELY,FUN_8001EBB4,"PSXRecomp high: jr $ra exit, reachable from entry; reachable=True; boundaries are static estimates",,False,True
DUNE.EXE,0x8001EC80,44,"[""0x8001ECCC"", ""0x8002BD58""]",[],HYPOTHESIS,FUN_8001EC80,"PSXRecomp low: no prologue, no jr $ra exit, unreachable from entry; reachable=False; boundaries are static estimates",,False,True
DUNE.EXE,0x8001ECAC,32,[],[],HYPOTHESIS,FUN_8001ECAC,"PSXRecomp low: no prologue, no jr $ra exit, unreachable from entry; reachable=False; boundaries are static estimates",,False,False
DUNE.EXE,0x8001ECCC,764,"[""0x8002C6C4""]","[""0x8001E628"", ""0x8001EBB4"", ""0x8001EC80""]",HYPOTHESIS,FUN_8001ECCC,"PSXRecomp medium: prologue-shaped, no proven call path; reachable=False; boundaries are static estimates",,False,True
DUNE.EXE,0x8001F000,728,"[""0x8003F544""]","[""0x80019638""]",LIKELY,FUN_8001F000,"PSXRecomp verified: prologue + epilogue + jr $ra, called from reachable code; reachable=True; boundaries are static estimates",,False,True
DUNE.EXE,0x8001F2D8,1344,"[""0x8002B240"", ""0x8003F544""]","[""0x80020CF0"", ""0x80020DB0"", ""0x80020E00"", ""0x80021750"", ""0x80021CA0"", ""0x80024684"", ""0x800274EC"", ""0x80047CD8"", ""0x8004B098"", ""0x80072F58"", ""0x800777D8"", ""0x80077844"", ""0x80077A70"", ""0x80077C38"", ""0x80077D30"", ""0x80078098"", ""0x800786B8"", ""0x800787B8""]",LIKELY,FUN_8001F2D8,"PSXRecomp verified: prologue + epilogue + jr $ra, called from reachable code; reachable=True; boundaries are static estimates",,False,True
DUNE.EXE,0x8001F818,896,"[""0x8003F544""]","[""0x80020648"", ""0x80020804"", ""0x800208B4"", ""0x80020BB0"", ""0x80020E00"", ""0x80021560"", ""0x80021AC8"", ""0x80021B50"", ""0x80021CA0"", ""0x800220F4"", ""0x80024220"", ""0x80024840"", ""0x800249D0"", ""0x80026700"", ""0x80026928"", ""0x80027098"", ""0x80028168"", ""0x80028C38"", ""0x80028D50"", ""0x80029140"", ""0x80029384"", ""0x800295A0"", ""0x8002A390"", ""0x8002B59C"", ""0x8002B5A4"", ""0x80050E64"", ""0x80072F58""]",LIKELY,FUN_8001F818,"PSXRecomp verified: prologue + epilogue + jr $ra, called from reachable code; reachable=True; boundaries are static estimates",,False,True
DUNE.EXE,0x8001FB98,216,[],"[""0x8003DC1C"", ""0x8003DCF4"", ""0x8004578C"", ""0x80050D90"", ""0x80073A28""]",HYPOTHESIS,FUN_8001FB98,"PSXRecomp medium: prologue-shaped, no proven call path; reachable=False; boundaries are static estimates",,False,True
DUNE.EXE,0x8001FC70,272,"[""0x8001FD80"", ""0x80020804"", ""0x80026700""]","[""0x8003DC1C"", ""0x8003E30C""]",LIKELY,FUN_8001FC70,"PSXRecomp verified: prologue + epilogue + jr $ra, called from reachable code; reachable=True; boundaries are static estimates",,False,True
DUNE.EXE,0x8001FD80,984,"[""0x80020804""]","[""0x8001FC70"", ""0x80026600"", ""0x8002664C"", ""0x8002A794"", ""0x80072F58"", ""0x800777D8"", ""0x80077844"", ""0x80077A70"", ""0x80077B10"", ""0x80078588"", ""0x80078A98""]",LIKELY,FUN_8001FD80,"PSXRecomp verified: prologue + epilogue + jr $ra, called from reachable code; reachable=True; boundaries are static estimates",,False,True
DUNE.EXE,0x80020158,116,[],[],HYPOTHESIS,FUN_80020158,"PSXRecomp low: no prologue, no jr $ra exit, unreachable from entry; reachable=False; boundaries are static estimates",,False,True
DUNE.EXE,0x800201CC,776,"[""0x800260D0"", ""0x800295A0"", ""0x80029F04"", ""0x8002A13C""]","[""0x80072F58"", ""0x800777D8"", ""0x80077844"", ""0x80077A70"", ""0x80078948"", ""0x80078BB8"", ""0x8007C4C0""]",LIKELY,FUN_800201CC,"PSXRecomp verified: prologue + epilogue + jr $ra, called from reachable code; reachable=True; boundaries are static estimates",,False,True
DUNE.EXE,0x800204D4,292,"[""0x80026F78""]","[""0x800787B8"", ""0x8007C4C0""]",LIKELY,FUN_800204D4,"PSXRecomp verified: prologue + epilogue + jr $ra, called from reachable code; reachable=True; boundaries are static estimates",,False,True
DUNE.EXE,0x800205F8,72,"[""0x80020804""]",[],LIKELY,FUN_800205F8,"PSXRecomp high: jr $ra exit, reachable from entry; reachable=True; boundaries are static estimates",,False,True
DUNE.EXE,0x80020640,8,[],[],HYPOTHESIS,FUN_80020640,"PSXRecomp low: no prologue, no jr $ra exit, unreachable from entry; reachable=False; boundaries are static estimates",,False,False
DUNE.EXE,0x80020648,444,"[""0x8001F818""]","[""0x80077778"", ""0x800777D8"", ""0x80077844"", ""0x80077A70""]",LIKELY,FUN_80020648,"PSXRecomp verified: prologue + epilogue + jr $ra, called from reachable code; reachable=True; boundaries are static estimates",,False,True
DUNE.EXE,0x80020804,168,"[""0x8001F818""]","[""0x8001FC70"", ""0x8001FD80"", ""0x800205F8"", ""0x8003DCF4"", ""0x80050D90""]",LIKELY,FUN_80020804,"PSXRecomp verified: prologue + epilogue + jr $ra, called from reachable code; reachable=True; boundaries are static estimates",,False,True
DUNE.EXE,0x800208AC,8,[],[],HYPOTHESIS,FUN_800208AC,"PSXRecomp low: no prologue, no jr $ra exit, unreachable from entry; reachable=False; boundaries are static estimates",,False,True
DUNE.EXE,0x800208B4,764,"[""0x8001F818""]","[""0x80020DB0"", ""0x80021750"", ""0x80023A30"", ""0x800241A0"", ""0x80026B10"", ""0x8002B59C"", ""0x80045E6C"", ""0x80045EE4"", ""0x80072F58""]",LIKELY,FUN_800208B4,"PSXRecomp verified: prologue + epilogue + jr $ra, called from reachable code; reachable=True; boundaries are static estimates",,False,True
DUNE.EXE,0x80020BB0,320,"[""0x8001F818""]","[""0x8002AE54""]",LIKELY,FUN_80020BB0,"PSXRecomp verified: prologue + epilogue + jr $ra, called from reachable code; reachable=True; boundaries are static estimates",,False,True
DUNE.EXE,0x80020CF0,192,"[""0x8001F2D8"", ""0x80020E00"", ""0x800220F4"", ""0x80024220"", ""0x800260D0"", ""0x80028568"", ""0x800295A0"", ""0x8002A13C"", ""0x8002B240""]","[""0x80021994""]",LIKELY,FUN_80020CF0,"PSXRecomp verified: prologue + epilogue + jr $ra, called from reachable code; reachable=True; boundaries are static estimates",,False,True
DUNE.EXE,0x80020DB0,56,"[""0x8001F2D8"", ""0x800208B4"", ""0x80020E00"", ""0x80021560"", ""0x800220F4"", ""0x80024220"", ""0x80026928"", ""0x80026EA0"", ""0x80028168"", ""0x80028568"", ""0x800295A0"", ""0x80029F04"", ""0x8002A13C"", ""0x8002B240""]",[],LIKELY,FUN_80020DB0,"PSXRecomp high: jr $ra exit, reachable from entry; reachable=True; boundaries are static estimates",,False,True
DUNE.EXE,0x80020DE8,24,[],[],HYPOTHESIS,FUN_80020DE8,"PSXRecomp low: no prologue, no jr $ra exit, unreachable from entry; reachable=False; boundaries are static estimates",,False,False
DUNE.EXE,0x80020E00,1888,"[""0x8001F2D8"", ""0x8001F818""]","[""0x80020CF0"", ""0x80020DB0"", ""0x80021B94"", ""0x80021C58"", ""0x80021CA0"", ""0x80023D54"", ""0x80023EF4"", ""0x80025D8C"", ""0x80026818"", ""0x80029F04"", ""0x8002A13C"", ""0x8002B59C"", ""0x8003B408"", ""0x8005039C"", ""0x800510F4"", ""0x80072F58""]",LIKELY,FUN_80020E00,"PSXRecomp verified: prologue + epilogue + jr $ra, called from reachable code; reachable=True; boundaries are static estimates",,False,True
DUNE.EXE,0x80021560,496,"[""0x8001F818""]","[""0x80020DB0"", ""0x80021750"", ""0x80021D04"", ""0x800241A0"", ""0x800260D0"", ""0x80027098"", ""0x80072F58"", ""0x800777D8"", ""0x80077844"", ""0x80077A70"", ""0x800787B8""]",LIKELY,FUN_80021560,"PSXRecomp verified: prologue + epilogue + jr $ra, called from reachable code; reachable=True; boundaries are static estimates",,False,True
DUNE.EXE,0x80021750,580,"[""0x8001F2D8"", ""0x800208B4"", ""0x80021560"", ""0x800220F4"", ""0x80026928"", ""0x80026EA0"", ""0x80028168""]","[""0x80021994"", ""0x80072F58"", ""0x800777D8"", ""0x80077844"", ""0x80077A70"", ""0x800787B8""]",LIKELY,FUN_80021750,"PSXRecomp verified: prologue + epilogue + jr $ra, called from reachable code; reachable=True; boundaries are static estimates",,False,True
DUNE.EXE,0x80021994,308,"[""0x80020CF0"", ""0x80021750""]","[""0x800777D8"", ""0x80077844"", ""0x80077A70"", ""0x800787B8""]",LIKELY,FUN_80021994,"PSXRecomp verified: prologue + epilogue + jr $ra, called from reachable code; reachable=True; boundaries are static estimates",,False,True
DUNE.EXE,0x80021AC8,136,"[""0x8001F818""]",[],LIKELY,FUN_80021AC8,"PSXRecomp high: jr $ra exit, reachable from entry; reachable=True; boundaries are static estimates",,False,True
DUNE.EXE,0x80021B50,68,"[""0x8001F818""]",[],LIKELY,FUN_80021B50,"PSXRecomp high: jr $ra exit, reachable from entry; reachable=True; boundaries are static estimates",,False,True
DUNE.EXE,0x80021B94,196,"[""0x80020E00"", ""0x800220F4"", ""0x80023D54"", ""0x80023DF4"", ""0x80024220"", ""0x800260D0"", ""0x80026928"", ""0x80026F78"", ""0x80028168"", ""0x800295A0"", ""0x80029F04"", ""0x8002A13C""]",[],LIKELY,FUN_80021B94,"PSXRecomp high: jr $ra exit, reachable from entry; reachable=True; boundaries are static estimates",,False,True
DUNE.EXE,0x80021C58,24,"[""0x80020E00"", ""0x80025504"", ""0x80028568"", ""0x8002AE54"", ""0x8002AFE4""]",[],LIKELY,FUN_80021C58,"PSXRecomp high: jr $ra exit, reachable from entry; reachable=True; boundaries are static estimates",,False,True
DUNE.EXE,0x80021C70,48,[],[],HYPOTHESIS,FUN_80021C70,"PSXRecomp low: no prologue, no jr $ra exit, unreachable from entry; reachable=False; boundaries are static estimates",,False,False
DUNE.EXE,0x80021CA0,100,"[""0x8001F2D8"", ""0x8001F818"", ""0x80020E00"", ""0x800220F4"", ""0x80023D54"", ""0x80023DF4"", ""0x80023F94"", ""0x80024220"", ""0x80025504"", ""0x80025C1C"", ""0x80026080"", ""0x800260D0"", ""0x80026F78"", ""0x80028168"", ""0x80028568"", ""0x80029140"", ""0x800295A0"", ""0x80029F04"", ""0x8002A13C"", ""0x8002A814"", ""0x8002AAF0"", ""0x8002AE54"", ""0x8002AFE4""]",[],LIKELY,FUN_80021CA0,"PSXRecomp high: jr $ra exit, reachable from entry; reachable=True; boundaries are static estimates",,False,True
DUNE.EXE,0x80021D04,164,"[""0x80021560"", ""0x800220F4"", ""0x80026EA0"", ""0x800295A0"", ""0x80029F04"", ""0x8002A13C""]","[""0x80021DA8""]",LIKELY,FUN_80021D04,"PSXRecomp verified: prologue + epilogue + jr $ra, called from reachable code; reachable=True; boundaries are static estimates",,False,True
DUNE.EXE,0x80021DA8,844,"[""0x80021D04""]","[""0x80072F58"", ""0x80077778"", ""0x800777D8"", ""0x80077844"", ""0x80077A70"", ""0x80077B10"", ""0x8007C4C0""]",LIKELY,FUN_80021DA8,"PSXRecomp verified: prologue + epilogue + jr $ra, called from reachable code; reachable=True; boundaries are static estimates",,False,True
DUNE.EXE,0x800220F4,6460,"[""0x8001F818""]","[""0x80020CF0"", ""0x80020DB0"", ""0x80021750"", ""0x80021B94"", ""0x80021CA0"", ""0x80021D04"", ""0x80023B6C"", ""0x80023BF8"", ""0x80023D54"", ""0x80023DF4"", ""0x80023E84"", ""0x80024074"", ""0x800241A0"", ""0x8002456C"", ""0x80025504"", ""0x80025D14"", ""0x80025D8C"", ""0x800260D0"", ""0x80026A44"", ""0x80026B78"", ""0x80026F78"", ""0x80027098"", ""0x80027338"", ""0x80028708"", ""0x8002951C"", ""0x8002AE54"", ""0x8002AFE4"", ""0x8002B4D4"", ""0x8002B59C"", ""0x80048880"", ""0x80049750"", ""0x80049CC0"", ""0x8004FCAC"", ""0x8005000C"", ""0x8005012C"", ""0x80072F58"", ""0x8007C4C0""]",LIKELY,FUN_800220F4,"PSXRecomp verified: prologue + epilogue + jr $ra, called from reachable code; reachable=True; boundaries are static estimates",,False,True
DUNE.EXE,0x80023A30,316,"[""0x800208B4"", ""0x80023D54"", ""0x80025D8C""]","[""0x80047CD8""]",LIKELY,FUN_80023A30,"PSXRecomp verified: prologue + epilogue + jr $ra, called from reachable code; reachable=True; boundaries are static estimates",,False,True
DUNE.EXE,0x80023B6C,140,"[""0x800220F4"", ""0x80024074""]",[],LIKELY,FUN_80023B6C,"PSXRecomp high: jr $ra exit, reachable from entry; reachable=True; boundaries are static estimates",,False,True
DUNE.EXE,0x80023BF8,204,"[""0x800220F4""]","[""0x80023CC4""]",LIKELY,FUN_80023BF8,"PSXRecomp verified: prologue + epilogue + jr $ra, called from reachable code; reachable=True; boundaries are static estimates",,False,True
DUNE.EXE,0x80023CC4,92,"[""0x80023BF8"", ""0x8002543C"", ""0x80025504"", ""0x80026374""]",[],LIKELY,FUN_80023CC4,"PSXRecomp high: jr $ra exit, reachable from entry; reachable=True; boundaries are static estimates",,False,True
DUNE.EXE,0x80023D20,8,[],[],HYPOTHESIS,FUN_80023D20,"PSXRecomp low: no prologue, no jr $ra exit, unreachable from entry; reachable=False; boundaries are static estimates",,False,False
DUNE.EXE,0x80023D28,8,[],[],HYPOTHESIS,FUN_80023D28,"PSXRecomp low: no prologue, no jr $ra exit, unreachable from entry; reachable=False; boundaries are static estimates",,False,False
DUNE.EXE,0x80023D30,28,"[""0x80025504""]",[],LIKELY,FUN_80023D30,"PSXRecomp high: jr $ra exit, reachable from entry; reachable=True; boundaries are static estimates",,False,True
DUNE.EXE,0x80023D4C,8,[],[],HYPOTHESIS,FUN_80023D4C,"PSXRecomp low: no prologue, no jr $ra exit, unreachable from entry; reachable=False; boundaries are static estimates",,False,False
DUNE.EXE,0x80023D54,160,"[""0x80020E00"", ""0x800220F4"", ""0x800260D0"", ""0x80026F78""]","[""0x80021B94"", ""0x80021CA0"", ""0x80023A30"", ""0x80025D8C""]",LIKELY,FUN_80023D54,"PSXRecomp verified: prologue + epilogue + jr $ra, called from reachable code; reachable=True; boundaries are static estimates",,False,True
DUNE.EXE,0x80023DF4,144,"[""0x800220F4"", ""0x80025D8C"", ""0x80028168""]","[""0x80021B94"", ""0x80021CA0"", ""0x8004FCAC""]",LIKELY,FUN_80023DF4,"PSXRecomp verified: prologue + epilogue + jr $ra, called from reachable code; reachable=True; boundaries are static estimates",,False,True
DUNE.EXE,0x80023E84,112,"[""0x800220F4""]",[],LIKELY,FUN_80023E84,"PSXRecomp high: jr $ra exit, reachable from entry; reachable=True; boundaries are static estimates",,False,True
DUNE.EXE,0x80023EF4,160,"[""0x80020E00""]","[""0x80026080""]",LIKELY,FUN_80023EF4,"PSXRecomp verified: prologue + epilogue + jr $ra, called from reachable code; reachable=True; boundaries are static estimates",,False,True
DUNE.EXE,0x80023F94,224,[],"[""0x80021CA0"", ""0x8005039C""]",HYPOTHESIS,FUN_80023F94,"PSXRecomp medium: prologue-shaped, no proven call path; reachable=False; boundaries are static estimates",,False,True
DUNE.EXE,0x80024074,300,"[""0x800220F4""]","[""0x80023B6C""]",LIKELY,FUN_80024074,"PSXRecomp verified: prologue + epilogue + jr $ra, called from reachable code; reachable=True; boundaries are static estimates",,False,True
DUNE.EXE,0x800241A0,88,"[""0x800208B4"", ""0x80021560"", ""0x800220F4"", ""0x80026928"", ""0x80026EA0""]",[],LIKELY,FUN_800241A0,"PSXRecomp high: jr $ra exit, reachable from entry; reachable=True; boundaries are static estimates",,False,True
DUNE.EXE,0x800241F8,40,[],[],HYPOTHESIS,FUN_800241F8,"PSXRecomp low: no prologue, no jr $ra exit, unreachable from entry; reachable=False; boundaries are static estimates",,False,False
DUNE.EXE,0x80024220,844,"[""0x8001F818""]","[""0x80020CF0"", ""0x80020DB0"", ""0x80021B94"", ""0x80021CA0"", ""0x8002461C"", ""0x8003DC1C"", ""0x8004FEA0"", ""0x80077778"", ""0x800777D8"", ""0x80077844"", ""0x80077A70""]",LIKELY,FUN_80024220,"PSXRecomp verified: prologue + epilogue + jr $ra, called from reachable code; reachable=True; boundaries are static estimates",,False,True
DUNE.EXE,0x8002456C,176,"[""0x800220F4""]",[],LIKELY,FUN_8002456C,"PSXRecomp high: jr $ra exit, reachable from entry; reachable=True; boundaries are static estimates",,False,True
DUNE.EXE,0x8002461C,104,"[""0x80024220""]",[],LIKELY,FUN_8002461C,"PSXRecomp high: jr $ra exit, reachable from entry; reachable=True; boundaries are static estimates",,False,True
DUNE.EXE,0x80024684,444,"[""0x8001F2D8""]",[],LIKELY,FUN_80024684,"PSXRecomp high: jr $ra exit, reachable from entry; reachable=True; boundaries are static estimates",,False,True
DUNE.EXE,0x80024840,400,"[""0x8001F818""]","[""0x8004D274""]",LIKELY,FUN_80024840,"PSXRecomp high: jr $ra exit, reachable from entry; reachable=True; boundaries are static estimates",,False,True
DUNE.EXE,0x800249D0,720,"[""0x8001F818""]","[""0x80024CA0"", ""0x8002531C"", ""0x80025394"", ""0x80027628"", ""0x8002790C"", ""0x80028888"", ""0x8002AAF0"", ""0x800453E0"", ""0x80050CA8""]",LIKELY,FUN_800249D0,"PSXRecomp verified: prologue + epilogue + jr $ra, called from reachable code; reachable=True; boundaries are static estimates",,False,True
DUNE.EXE,0x80024CA0,1660,"[""0x800249D0""]","[""0x8002790C"", ""0x80027AEC"", ""0x80027E70"", ""0x80028A58"", ""0x8002B134"", ""0x80050CF0"", ""0x80050D38""]",LIKELY,FUN_80024CA0,"PSXRecomp verified: prologue + epilogue + jr $ra, called from reachable code; reachable=True; boundaries are static estimates",,False,True
DUNE.EXE,0x8002531C,120,"[""0x800249D0""]","[""0x80050CA8""]",LIKELY,FUN_8002531C,"PSXRecomp verified: prologue + epilogue + jr $ra, called from reachable code; reachable=True; boundaries are static estimates",,False,True
DUNE.EXE,0x80025394,168,"[""0x800249D0""]","[""0x80050CF0""]",LIKELY,FUN_80025394,"PSXRecomp verified: prologue + epilogue + jr $ra, called from reachable code; reachable=True; boundaries are static estimates",,False,True
DUNE.EXE,0x8002543C,200,[],"[""0x80023CC4""]",HYPOTHESIS,FUN_8002543C,"PSXRecomp medium: prologue-shaped, no proven call path; reachable=False; boundaries are static estimates",,False,True
DUNE.EXE,0x80025504,1816,"[""0x800220F4""]","[""0x8001D760"", ""0x80021C58"", ""0x80021CA0"", ""0x80023CC4"", ""0x80023D30"", ""0x80025D8C"", ""0x80026220"", ""0x80026374"", ""0x8002B7D4"", ""0x80043C38"", ""0x8004FCAC"", ""0x80072F58""]",LIKELY,FUN_80025504,"PSXRecomp verified: prologue + epilogue + jr $ra, called from reachable code; reachable=True; boundaries are static estimates",,False,True
DUNE.EXE,0x80025C1C,248,[],"[""0x80021CA0"", ""0x8005039C""]",HYPOTHESIS,FUN_80025C1C,"PSXRecomp medium: prologue-shaped, no proven call path; reachable=False; boundaries are static estimates",,False,True
DUNE.EXE,0x80025D14,120,"[""0x800220F4""]",[],LIKELY,FUN_80025D14,"PSXRecomp high: jr $ra exit, reachable from entry; reachable=True; boundaries are static estimates",,False,True
DUNE.EXE,0x80025D8C,756,"[""0x80020E00"", ""0x800220F4"", ""0x80023D54"", ""0x80025504"", ""0x800260D0"", ""0x80026F78"", ""0x80028568"", ""0x800295A0"", ""0x80029F04"", ""0x8002A13C""]","[""0x80023A30"", ""0x80023DF4"", ""0x80026B78"", ""0x80027098"", ""0x8002B4D4"", ""0x8004FCAC"", ""0x8005000C"", ""0x8005012C""]",LIKELY,FUN_80025D8C,"PSXRecomp verified: prologue + epilogue + jr $ra, called from reachable code; reachable=True; boundaries are static estimates",,False,True
DUNE.EXE,0x80026080,80,"[""0x80023EF4""]","[""0x80021CA0"", ""0x8005039C""]",LIKELY,FUN_80026080,"PSXRecomp verified: prologue + epilogue + jr $ra, called from reachable code; reachable=True; boundaries are static estimates",,False,True
DUNE.EXE,0x800260D0,336,"[""0x80021560"", ""0x800220F4""]","[""0x800201CC"", ""0x80020CF0"", ""0x80021B94"", ""0x80021CA0"", ""0x80023D54"", ""0x80025D8C"", ""0x8002B59C""]",LIKELY,FUN_800260D0,"PSXRecomp verified: prologue + epilogue + jr $ra, called from reachable code; reachable=True; boundaries are static estimates",,False,True
DUNE.EXE,0x80026220,340,"[""0x80025504""]","[""0x8002B7D4"", ""0x8004FCAC"", ""0x8005000C"", ""0x8005012C""]",LIKELY,FUN_80026220,"PSXRecomp verified: prologue + epilogue + jr $ra, called from reachable code; reachable=True; boundaries are static estimates",,False,True
DUNE.EXE,0x80026374,652,"[""0x80025504""]","[""0x80023CC4"", ""0x80028768"", ""0x800287C0"", ""0x8002B7D4""]",LIKELY,FUN_80026374,"PSXRecomp verified: prologue + epilogue + jr $ra, called from reachable code; reachable=True; boundaries are static estimates",,False,True
DUNE.EXE,0x80026600,8,"[""0x8001FD80""]",[],LIKELY,FUN_80026600,"PSXRecomp high: jr $ra exit, reachable from entry; reachable=True; boundaries are static estimates",,False,True
DUNE.EXE,0x80026608,68,[],[],HYPOTHESIS,FUN_80026608,"PSXRecomp low: no prologue, no jr $ra exit, unreachable from entry; reachable=False; boundaries are static estimates",,False,True
DUNE.EXE,0x8002664C,180,"[""0x8001FD80""]","[""0x8003DC1C""]",LIKELY,FUN_8002664C,"PSXRecomp verified: prologue + epilogue + jr $ra, called from reachable code; reachable=True; boundaries are static estimates",,False,True
DUNE.EXE,0x80026700,280,"[""0x8001F818""]","[""0x8001FC70"", ""0x800454E4"", ""0x80050D90""]",LIKELY,FUN_80026700,"PSXRecomp verified: prologue + epilogue + jr $ra, called from reachable code; reachable=True; boundaries are static estimates",,False,True
DUNE.EXE,0x80026818,272,"[""0x80020E00"", ""0x80034014""]",[],LIKELY,FUN_80026818,"PSXRecomp high: jr $ra exit, reachable from entry; reachable=True; boundaries are static estimates",,False,True
DUNE.EXE,0x80026928,284,"[""0x8001F818""]","[""0x80020DB0"", ""0x80021750"", ""0x80021B94"", ""0x800241A0"", ""0x80026A44"", ""0x80026B10"", ""0x8005000C""]",LIKELY,FUN_80026928,"PSXRecomp verified: prologue + epilogue + jr $ra, called from reachable code; reachable=True; boundaries are static estimates",,False,True
DUNE.EXE,0x80026A44,180,"[""0x800220F4"", ""0x80026928""]",[],LIKELY,FUN_80026A44,"PSXRecomp high: jr $ra exit, reachable from entry; reachable=True; boundaries are static estimates",,False,True
DUNE.EXE,0x80026AF8,24,[],[],HYPOTHESIS,FUN_80026AF8,"PSXRecomp low: no prologue, no jr $ra exit, unreachable from entry; reachable=False; boundaries are static estimates",,False,False
DUNE.EXE,0x80026B10,104,"[""0x800208B4"", ""0x80026928"", ""0x80026EA0""]",[],LIKELY,FUN_80026B10,"PSXRecomp high: jr $ra exit, reachable from entry; reachable=True; boundaries are static estimates",,False,True
DUNE.EXE,0x80026B78,808,"[""0x800220F4"", ""0x80025D8C""]",[],LIKELY,FUN_80026B78,"PSXRecomp verified: prologue + epilogue + jr $ra, called from reachable code; reachable=True; boundaries are static estimates",,False,True
DUNE.EXE,0x80026EA0,216,[],"[""0x80020DB0"", ""0x80021750"", ""0x80021D04"", ""0x800241A0"", ""0x80026B10"", ""0x80026F78"", ""0x80027098""]",HYPOTHESIS,FUN_80026EA0,"PSXRecomp medium: prologue-shaped, no proven call path; reachable=False; boundaries are static estimates",,False,True
DUNE.EXE,0x80026F78,288,"[""0x800220F4"", ""0x80026EA0""]","[""0x800204D4"", ""0x80021B94"", ""0x80021CA0"", ""0x80023D54"", ""0x80025D8C""]",LIKELY,FUN_80026F78,"PSXRecomp verified: prologue + epilogue + jr $ra, called from reachable code; reachable=True; boundaries are static estimates",,False,True
DUNE.EXE,0x80027098,216,"[""0x8001F818"", ""0x80021560"", ""0x800220F4"", ""0x80025D8C"", ""0x80026EA0"", ""0x800295A0"", ""0x80029F04"", ""0x8002A13C"", ""0x8002B240""]",[],LIKELY,FUN_80027098,"PSXRecomp high: jr $ra exit, reachable from entry; reachable=True; boundaries are static estimates",,False,True
DUNE.EXE,0x80027170,456,[],"[""0x8003B77C"", ""0x80072F58"", ""0x8007C4C0""]",HYPOTHESIS,FUN_80027170,"PSXRecomp medium: prologue-shaped, no proven call path; reachable=False; boundaries are static estimates",,False,True
DUNE.EXE,0x80027338,428,"[""0x800220F4""]","[""0x8003B77C"", ""0x80072F58""]",LIKELY,FUN_80027338,"PSXRecomp verified: prologue + epilogue + jr $ra, called from reachable code; reachable=True; boundaries are static estimates",,False,True
DUNE.EXE,0x800274E4,8,[],[],HYPOTHESIS,FUN_800274E4,"PSXRecomp low: no prologue, no jr $ra exit, unreachable from entry; reachable=False; boundaries are static estimates",,False,True
DUNE.EXE,0x800274EC,316,"[""0x8001F2D8""]","[""0x8003B77C"", ""0x80047CD8""]",LIKELY,FUN_800274EC,"PSXRecomp verified: prologue + epilogue + jr $ra, called from reachable code; reachable=True; boundaries are static estimates",,False,True
DUNE.EXE,0x80027628,504,"[""0x800249D0"", ""0x80027820""]","[""0x80028808"", ""0x800453E0"", ""0x800777D8"", ""0x80077B10"", ""0x80078A98""]",LIKELY,FUN_80027628,"PSXRecomp verified: prologue + epilogue + jr $ra, called from reachable code; reachable=True; boundaries are static estimates",,False,True
DUNE.EXE,0x80027820,236,[],"[""0x80027628"", ""0x8002790C"", ""0x800453E0"", ""0x8004C4A8""]",HYPOTHESIS,FUN_80027820,"PSXRecomp medium: prologue-shaped, no proven call path; reachable=False; boundaries are static estimates",,False,True
DUNE.EXE,0x8002790C,480,"[""0x800249D0"", ""0x80024CA0"", ""0x80027820""]","[""0x80027AEC"", ""0x80072F58""]",LIKELY,FUN_8002790C,"PSXRecomp verified: prologue + epilogue + jr $ra, called from reachable code; reachable=True; boundaries are static estimates",,False,True
DUNE.EXE,0x80027AEC,900,"[""0x80024CA0"", ""0x8002790C"", ""0x80028888""]","[""0x80055058""]",LIKELY,FUN_80027AEC,"PSXRecomp verified: prologue + epilogue + jr $ra, called from reachable code; reachable=True; boundaries are static estimates",,False,True
DUNE.EXE,0x80027E70,760,"[""0x80024CA0""]","[""0x80055058""]",LIKELY,FUN_80027E70,"PSXRecomp verified: prologue + epilogue + jr $ra, called from reachable code; reachable=True; boundaries are static estimates",,False,True
DUNE.EXE,0x80028168,740,"[""0x8001F818""]","[""0x80020DB0"", ""0x80021750"", ""0x80021B94"", ""0x80021CA0"", ""0x80023DF4"", ""0x8002844C"", ""0x8002951C""]",LIKELY,FUN_80028168,"PSXRecomp verified: prologue + epilogue + jr $ra, called from reachable code; reachable=True; boundaries are static estimates",,False,True
DUNE.EXE,0x8002844C,148,"[""0x80028168"", ""0x800295A0"", ""0x80029F04"", ""0x8002A13C""]",[],LIKELY,FUN_8002844C,"PSXRecomp high: jr $ra exit, reachable from entry; reachable=True; boundaries are static estimates",,False,True
DUNE.EXE,0x800284E0,136,[],[],HYPOTHESIS,FUN_800284E0,"PSXRecomp low: no prologue, no jr $ra exit, unreachable from entry; reachable=False; boundaries are static estimates",,False,True
DUNE.EXE,0x80028568,416,[],"[""0x80020CF0"", ""0x80020DB0"", ""0x80021C58"", ""0x80021CA0"", ""0x80025D8C"", ""0x8002B59C"", ""0x8003B408""]",HYPOTHESIS,FUN_80028568,"PSXRecomp medium: prologue-shaped, no proven call path; reachable=False; boundaries are static estimates",,False,True
DUNE.EXE,0x80028708,96,"[""0x800220F4"", ""0x8002AE54"", ""0x8004604C""]",[],LIKELY,FUN_80028708,"PSXRecomp high: jr $ra exit, reachable from entry; reachable=True; boundaries are static estimates",,False,True
DUNE.EXE,0x80028768,80,"[""0x80026374""]",[],LIKELY,FUN_80028768,"PSXRecomp high: jr $ra exit, reachable from entry; reachable=True; boundaries are static estimates",,False,True
DUNE.EXE,0x800287B8,8,[],[],HYPOTHESIS,FUN_800287B8,"PSXRecomp low: no prologue, no jr $ra exit, unreachable from entry; reachable=False; boundaries are static estimates",,False,False
DUNE.EXE,0x800287C0,64,"[""0x80026374""]",[],LIKELY,FUN_800287C0,"PSXRecomp high: jr $ra exit, reachable from entry; reachable=True; boundaries are static estimates",,False,True
DUNE.EXE,0x80028800,8,[],[],HYPOTHESIS,FUN_80028800,"PSXRecomp low: no prologue, no jr $ra exit, unreachable from entry; reachable=False; boundaries are static estimates",,False,False
DUNE.EXE,0x80028808,104,"[""0x80027628""]",[],LIKELY,FUN_80028808,"PSXRecomp high: jr $ra exit, reachable from entry; reachable=True; boundaries are static estimates",,False,True
DUNE.EXE,0x80028870,24,[],[],HYPOTHESIS,FUN_80028870,"PSXRecomp low: no prologue, no jr $ra exit, unreachable from entry; reachable=False; boundaries are static estimates",,False,False
DUNE.EXE,0x80028888,464,"[""0x800249D0""]","[""0x80027AEC"", ""0x80028B34""]",LIKELY,FUN_80028888,"PSXRecomp verified: prologue + epilogue + jr $ra, called from reachable code; reachable=True; boundaries are static estimates",,False,True
DUNE.EXE,0x80028A58,72,"[""0x80024CA0""]",[],LIKELY,FUN_80028A58,"PSXRecomp high: jr $ra exit, reachable from entry; reachable=True; boundaries are static estimates",,False,True
DUNE.EXE,0x80028AA0,148,[],[],HYPOTHESIS,FUN_80028AA0,"PSXRecomp low: no prologue, no jr $ra exit, unreachable from entry; reachable=False; boundaries are static estimates",,False,False
DUNE.EXE,0x80028B34,260,"[""0x80028888""]",[],LIKELY,FUN_80028B34,"PSXRecomp high: jr $ra exit, reachable from entry; reachable=True; boundaries are static estimates",,False,True
DUNE.EXE,0x80028C38,280,"[""0x8001F818""]","[""0x8003E42C"", ""0x80051064""]",LIKELY,FUN_80028C38,"PSXRecomp verified: prologue + epilogue + jr $ra, called from reachable code; reachable=True; boundaries are static estimates",,False,True
DUNE.EXE,0x80028D50,460,"[""0x8001F818""]","[""0x80028F1C"", ""0x80050ECC"", ""0x80050FA0""]",LIKELY,FUN_80028D50,"PSXRecomp high: jr $ra exit, reachable from entry; reachable=True; boundaries are static estimates",,False,True
DUNE.EXE,0x80028F1C,548,"[""0x80028D50""]","[""0x8003DC1C"", ""0x80072F58"", ""0x800777D8"", ""0x80077844"", ""0x80077A70"", ""0x80078948""]",LIKELY,FUN_80028F1C,"PSXRecomp verified: prologue + epilogue + jr $ra, called from reachable code; reachable=True; boundaries are static estimates",,False,True
DUNE.EXE,0x80029140,580,"[""0x8001F818""]","[""0x80021CA0"", ""0x8003B408"", ""0x8003D030"", ""0x8004FCAC""]",LIKELY,FUN_80029140,"PSXRecomp verified: prologue + epilogue + jr $ra, called from reachable code; reachable=True; boundaries are static estimates",,False,True
DUNE.EXE,0x80029384,400,"[""0x8001F818""]","[""0x8002A814"", ""0x8003D030"", ""0x8003E510"", ""0x800510F4""]",LIKELY,FUN_80029384,"PSXRecomp verified: prologue + epilogue + jr $ra, called from reachable code; reachable=True; boundaries are static estimates",,False,True
DUNE.EXE,0x80029514,8,[],[],HYPOTHESIS,FUN_80029514,"PSXRecomp low: no prologue, no jr $ra exit, unreachable from entry; reachable=False; boundaries are static estimates",,False,True
DUNE.EXE,0x8002951C,124,"[""0x800220F4"", ""0x80028168""]",[],LIKELY,FUN_8002951C,"PSXRecomp high: jr $ra exit, reachable from entry; reachable=True; boundaries are static estimates",,False,True
DUNE.EXE,0x80029598,8,[],[],HYPOTHESIS,FUN_80029598,"PSXRecomp low: no prologue, no jr $ra exit, unreachable from entry; reachable=False; boundaries are static estimates",,False,True
DUNE.EXE,0x800295A0,1576,"[""0x8001F818""]","[""0x800201CC"", ""0x80020CF0"", ""0x80020DB0"", ""0x80021B94"", ""0x80021CA0"", ""0x80021D04"", ""0x80025D8C"", ""0x80027098"", ""0x8002844C"", ""0x80029BC8"", ""0x80029D28"", ""0x8002A34C"", ""0x80051138"", ""0x80072F58""]",LIKELY,FUN_800295A0,"PSXRecomp verified: prologue + epilogue + jr $ra, called from reachable code; reachable=True; boundaries are static estimates",,False,True
DUNE.EXE,0x80029BC8,316,"[""0x800295A0""]",[],LIKELY,FUN_80029BC8,"PSXRecomp high: jr $ra exit, reachable from entry; reachable=True; boundaries are static estimates",,False,True
DUNE.EXE,0x80029D04,28,[],[],HYPOTHESIS,FUN_80029D04,"PSXRecomp low: no prologue, no jr $ra exit, unreachable from entry; reachable=False; boundaries are static estimates",,False,False
DUNE.EXE,0x80029D20,8,[],[],HYPOTHESIS,FUN_80029D20,"PSXRecomp low: no prologue, no jr $ra exit, unreachable from entry; reachable=False; boundaries are static estimates",,False,False
DUNE.EXE,0x80029D28,476,"[""0x800295A0""]","[""0x80072F58""]",LIKELY,FUN_80029D28,"PSXRecomp verified: prologue + epilogue + jr $ra, called from reachable code; reachable=True; boundaries are static estimates",,False,True
DUNE.EXE,0x80029F04,568,"[""0x80020E00""]","[""0x800201CC"", ""0x80020DB0"", ""0x80021B94"", ""0x80021CA0"", ""0x80021D04"", ""0x80025D8C"", ""0x80027098"", ""0x8002844C""]",LIKELY,FUN_80029F04,"PSXRecomp verified: prologue + epilogue + jr $ra, called from reachable code; reachable=True; boundaries are static estimates",,False,True
DUNE.EXE,0x8002A13C,528,"[""0x80020E00""]","[""0x800201CC"", ""0x80020CF0"", ""0x80020DB0"", ""0x80021B94"", ""0x80021CA0"", ""0x80021D04"", ""0x80025D8C"", ""0x80027098"", ""0x8002844C""]",LIKELY,FUN_8002A13C,"PSXRecomp verified: prologue + epilogue + jr $ra, called from reachable code; reachable=True; boundaries are static estimates",,False,True
DUNE.EXE,0x8002A34C,68,"[""0x800295A0""]","[""0x8003DCF4""]",LIKELY,FUN_8002A34C,"PSXRecomp verified: prologue + epilogue + jr $ra, called from reachable code; reachable=True; boundaries are static estimates",,False,True
DUNE.EXE,0x8002A390,1028,"[""0x8001F818""]","[""0x8004D274"", ""0x800777D8"", ""0x80077844"", ""0x80077A70"", ""0x80078A98""]",LIKELY,FUN_8002A390,"PSXRecomp verified: prologue + epilogue + jr $ra, called from reachable code; reachable=True; boundaries are static estimates",,False,True
DUNE.EXE,0x8002A794,108,"[""0x8001FD80""]",[],LIKELY,FUN_8002A794,"PSXRecomp high: jr $ra exit, reachable from entry; reachable=True; boundaries are static estimates",,False,True
DUNE.EXE,0x8002A800,20,[],[],HYPOTHESIS,FUN_8002A800,"PSXRecomp low: no prologue, no jr $ra exit, unreachable from entry; reachable=False; boundaries are static estimates",,False,False
DUNE.EXE,0x8002A814,488,"[""0x80029384""]","[""0x80021CA0"", ""0x8002A9FC"", ""0x8002AAF0"", ""0x8004FCAC""]",LIKELY,FUN_8002A814,"PSXRecomp verified: prologue + epilogue + jr $ra, called from reachable code; reachable=True; boundaries are static estimates",,False,True
DUNE.EXE,0x8002A9FC,192,"[""0x8002A814""]",[],LIKELY,FUN_8002A9FC,"PSXRecomp high: jr $ra exit, reachable from entry; reachable=True; boundaries are static estimates",,False,True
DUNE.EXE,0x8002AABC,44,[],[],HYPOTHESIS,FUN_8002AABC,"PSXRecomp low: no prologue, no jr $ra exit, unreachable from entry; reachable=False; boundaries are static estimates",,False,False
DUNE.EXE,0x8002AAE8,8,[],[],HYPOTHESIS,FUN_8002AAE8,"PSXRecomp low: no prologue, no jr $ra exit, unreachable from entry; reachable=False; boundaries are static estimates",,False,False
DUNE.EXE,0x8002AAF0,480,"[""0x800249D0"", ""0x8002A814""]","[""0x80021CA0"", ""0x8002ACD0"", ""0x8003D030"", ""0x8004FCAC""]",LIKELY,FUN_8002AAF0,"PSXRecomp verified: prologue + epilogue + jr $ra, called from reachable code; reachable=True; boundaries are static estimates",,False,True
DUNE.EXE,0x8002ACD0,388,"[""0x8002AAF0""]",[],LIKELY,FUN_8002ACD0,"PSXRecomp verified: prologue + epilogue + jr $ra, called from reachable code; reachable=True; boundaries are static estimates",,False,True
DUNE.EXE,0x8002AE54,400,"[""0x80020BB0"", ""0x800220F4""]","[""0x80021C58"", ""0x80021CA0"", ""0x80028708"", ""0x8004FCAC""]",LIKELY,FUN_8002AE54,"PSXRecomp verified: prologue + epilogue + jr $ra, called from reachable code; reachable=True; boundaries are static estimates",,False,True
DUNE.EXE,0x8002AFE4,336,"[""0x800220F4""]","[""0x80021C58"", ""0x80021CA0"", ""0x8005012C"", ""0x80072F58""]",LIKELY,FUN_8002AFE4,"PSXRecomp verified: prologue + epilogue + jr $ra, called from reachable code; reachable=True; boundaries are static estimates",,False,True
DUNE.EXE,0x8002B134,268,"[""0x80024CA0""]",[],LIKELY,FUN_8002B134,"PSXRecomp high: jr $ra exit, reachable from entry; reachable=True; boundaries are static estimates",,False,True
DUNE.EXE,0x8002B240,660,[],"[""0x8001F2D8"", ""0x80020CF0"", ""0x80020DB0"", ""0x80027098"", ""0x80072F58""]",HYPOTHESIS,FUN_8002B240,"PSXRecomp medium: prologue-shaped, no proven call path; reachable=False; boundaries are static estimates",,False,True
DUNE.EXE,0x8002B4D4,200,"[""0x800220F4"", ""0x80025D8C""]",[],LIKELY,FUN_8002B4D4,"PSXRecomp high: jr $ra exit, reachable from entry; reachable=True; boundaries are static estimates",,False,True
DUNE.EXE,0x8002B59C,8,"[""0x8001F818"", ""0x800208B4"", ""0x80020E00"", ""0x800220F4"", ""0x800260D0"", ""0x80028568""]",[],LIKELY,FUN_8002B59C,"PSXRecomp high: jr $ra exit, reachable from entry; reachable=True; boundaries are static estimates",,False,True
DUNE.EXE,0x8002B5A4,440,"[""0x8001F818""]",[],LIKELY,FUN_8002B5A4,"PSXRecomp high: jr $ra exit, reachable from entry; reachable=True; boundaries are static estimates",,False,True
DUNE.EXE,0x8002B75C,120,[],[],HYPOTHESIS,FUN_8002B75C,"PSXRecomp low: no prologue, no jr $ra exit, unreachable from entry; reachable=False; boundaries are static estimates",,False,True
DUNE.EXE,0x8002B7D4,60,"[""0x80025504"", ""0x80026220"", ""0x80026374""]",[],LIKELY,FUN_8002B7D4,"PSXRecomp high: jr $ra exit, reachable from entry; reachable=True; boundaries are static estimates",,False,True
DUNE.EXE,0x8002B810,292,[],"[""0x800777D8"", ""0x80077844"", ""0x80077954"", ""0x80077A70"", ""0x800789E8""]",HYPOTHESIS,FUN_8002B810,"PSXRecomp medium: prologue-shaped, no proven call path; reachable=False; boundaries are static estimates",,False,True
DUNE.EXE,0x8002B934,412,"[""0x80034014"", ""0x8004DA8C""]","[""0x8001E628"", ""0x8001EBB4""]",LIKELY,FUN_8002B934,"PSXRecomp verified: prologue + epilogue + jr $ra, called from reachable code; reachable=True; boundaries are static estimates",,False,True
DUNE.EXE,0x8002BAD0,84,"[""0x80030E54"", ""0x80031450"", ""0x8004CC54""]","[""0x8003B77C""]",LIKELY,FUN_8002BAD0,"PSXRecomp verified: prologue + epilogue + jr $ra, called from reachable code; reachable=True; boundaries are static estimates",,False,True
DUNE.EXE,0x8002BB24,100,"[""0x8002BBDC""]","[""0x8003B77C""]",HYPOTHESIS,FUN_8002BB24,"PSXRecomp medium: prologue-shaped, no proven call path; reachable=False; boundaries are static estimates",,False,True
DUNE.EXE,0x8002BB88,84,"[""0x8002ED3C"", ""0x80030634"", ""0x8004B714""]","[""0x8003B77C""]",LIKELY,FUN_8002BB88,"PSXRecomp verified: prologue + epilogue + jr $ra, called from reachable code; reachable=True; boundaries are static estimates",,False,True
DUNE.EXE,0x8002BBDC,200,"[""0x80030634""]","[""0x8001EBB4"", ""0x8002BB24""]",HYPOTHESIS,FUN_8002BBDC,"PSXRecomp medium: prologue-shaped, no proven call path; reachable=False; boundaries are static estimates",,False,True
DUNE.EXE,0x8002BCA4,64,"[""0x8002C6C4""]",[],HYPOTHESIS,FUN_8002BCA4,"PSXRecomp low: no prologue, no jr $ra exit, unreachable from entry; reachable=False; boundaries are static estimates",,False,True
DUNE.EXE,0x8002BCE4,24,[],[],HYPOTHESIS,FUN_8002BCE4,"PSXRecomp low: no prologue, no jr $ra exit, unreachable from entry; reachable=False; boundaries are static estimates",,False,False
DUNE.EXE,0x8002BCFC,60,[],[],HYPOTHESIS,FUN_8002BCFC,"PSXRecomp low: no prologue, no jr $ra exit, unreachable from entry; reachable=False; boundaries are static estimates",,False,False
DUNE.EXE,0x8002BD38,32,[],[],HYPOTHESIS,FUN_8002BD38,"PSXRecomp low: no prologue, no jr $ra exit, unreachable from entry; reachable=False; boundaries are static estimates",,False,False
DUNE.EXE,0x8002BD58,1548,"[""0x8002C6C4""]","[""0x8001E628"", ""0x8001EBB4"", ""0x8001EC80""]",HYPOTHESIS,FUN_8002BD58,"PSXRecomp medium: prologue-shaped, no proven call path; reachable=False; boundaries are static estimates",,False,True
DUNE.EXE,0x8002C364,864,"[""0x8002C6C4""]","[""0x8001E628"", ""0x8002DD68""]",HYPOTHESIS,FUN_8002C364,"PSXRecomp medium: prologue-shaped, no proven call path; reachable=False; boundaries are static estimates",,False,True
DUNE.EXE,0x8002C6C4,4860,"[""0x8002DEBC""]","[""0x80019744"", ""0x8001CD20"", ""0x8001E628"", ""0x8001ECCC"", ""0x8002BCA4"", ""0x8002BD58"", ""0x8002C364"", ""0x8002DD68""]",HYPOTHESIS,FUN_8002C6C4,"PSXRecomp medium: prologue-shaped, no proven call path; reachable=False; boundaries are static estimates",,False,True
DUNE.EXE,0x8002D9C0,936,[],"[""0x8001E628""]",HYPOTHESIS,FUN_8002D9C0,"PSXRecomp medium: prologue-shaped, no proven call path; reachable=False; boundaries are static estimates",,False,True
DUNE.EXE,0x8002DD68,212,"[""0x8002C364"", ""0x8002C6C4""]",[],HYPOTHESIS,FUN_8002DD68,"PSXRecomp low: no prologue, no jr $ra exit, unreachable from entry; reachable=False; boundaries are static estimates",,False,True
DUNE.EXE,0x8002DE3C,12,[],[],HYPOTHESIS,FUN_8002DE3C,"PSXRecomp low: no prologue, no jr $ra exit, unreachable from entry; reachable=False; boundaries are static estimates",,False,False
DUNE.EXE,0x8002DE48,104,[],[],HYPOTHESIS,FUN_8002DE48,"PSXRecomp low: no prologue, no jr $ra exit, unreachable from entry; reachable=False; boundaries are static estimates",,False,False
DUNE.EXE,0x8002DEB0,12,[],[],HYPOTHESIS,FUN_8002DEB0,"PSXRecomp low: no prologue, no jr $ra exit, unreachable from entry; reachable=False; boundaries are static estimates",,False,False
DUNE.EXE,0x8002DEBC,2100,"[""0x8002ED3C""]","[""0x8001B9A0"", ""0x8001E628"", ""0x8002C6C4"", ""0x80033534"", ""0x8003B408""]",HYPOTHESIS,FUN_8002DEBC,"PSXRecomp medium: prologue-shaped, no proven call path; reachable=False; boundaries are static estimates",,False,True
DUNE.EXE,0x8002E6F0,228,"[""0x8002ED3C"", ""0x80030634"", ""0x80030E54"", ""0x80034014""]","[""0x8002E96C""]",HYPOTHESIS,FUN_8002E6F0,"PSXRecomp medium: prologue-shaped, no proven call path; reachable=False; boundaries are static estimates",,False,True
DUNE.EXE,0x8002E7D4,32,"[""0x8002EC2C"", ""0x8002ED3C"", ""0x80030634"", ""0x80030E54""]",[],HYPOTHESIS,FUN_8002E7D4,"PSXRecomp low: no prologue, no jr $ra exit, unreachable from entry; reachable=False; boundaries are static estimates",,False,True
DUNE.EXE,0x8002E7F4,168,[],[],HYPOTHESIS,FUN_8002E7F4,"PSXRecomp low: no prologue, no jr $ra exit, unreachable from entry; reachable=False; boundaries are static estimates",,False,False
DUNE.EXE,0x8002E89C,12,[],[],HYPOTHESIS,FUN_8002E89C,"PSXRecomp low: no prologue, no jr $ra exit, unreachable from entry; reachable=False; boundaries are static estimates",,False,False
DUNE.EXE,0x8002E8A8,184,"[""0x8002ECAC"", ""0x80031450""]",[],LIKELY,FUN_8002E8A8,"PSXRecomp high: jr $ra exit, reachable from entry; reachable=True; boundaries are static estimates",,False,True
DUNE.EXE,0x8002E960,12,[],[],HYPOTHESIS,FUN_8002E960,"PSXRecomp low: no prologue, no jr $ra exit, unreachable from entry; reachable=False; boundaries are static estimates",,False,False
DUNE.EXE,0x8002E96C,216,"[""0x8002E6F0"", ""0x8002ED3C"", ""0x80030634"", ""0x80030E54"", ""0x80033610"", ""0x80034014"", ""0x80039C4C"", ""0x8003A31C"", ""0x8003D538""]",[],LIKELY,FUN_8002E96C,"PSXRecomp high: jr $ra exit, reachable from entry; reachable=True; boundaries are static estimates",,False,True
DUNE.EXE,0x8002EA44,488,"[""0x80033610""]","[""0x80030570"", ""0x80072F58""]",LIKELY,FUN_8002EA44,"PSXRecomp verified: prologue + epilogue + jr $ra, called from reachable code; reachable=True; boundaries are static estimates",,False,True
DUNE.EXE,0x8002EC2C,128,"[""0x80034014""]","[""0x8002E7D4"", ""0x80072F58""]",HYPOTHESIS,FUN_8002EC2C,"PSXRecomp medium: prologue-shaped, no proven call path; reachable=False; boundaries are static estimates",,False,True
DUNE.EXE,0x8002ECAC,144,[],"[""0x8002E8A8"", ""0x80072F58""]",HYPOTHESIS,FUN_8002ECAC,"PSXRecomp medium: prologue-shaped, no proven call path; reachable=False; boundaries are static estimates",,False,True
DUNE.EXE,0x8002ED3C,3108,"[""0x80032204"", ""0x800323D0"", ""0x800326FC"", ""0x80034014""]","[""0x8001E628"", ""0x8002BB88"", ""0x8002DEBC"", ""0x8002E6F0"", ""0x8002E7D4"", ""0x8002E96C"", ""0x80031880"", ""0x8003C358"", ""0x8003CEE4"", ""0x8003D27C"", ""0x800777D8"", ""0x80077844"", ""0x80077A70"", ""0x800787B8""]",HYPOTHESIS,FUN_8002ED3C,"PSXRecomp medium: prologue-shaped, no proven call path; reachable=False; boundaries are static estimates",,False,True
DUNE.EXE,0x8002F960,1156,"[""0x80034014""]","[""0x8004CC54"", ""0x8004D100"", ""0x80072F58""]",HYPOTHESIS,FUN_8002F960,"PSXRecomp medium: prologue-shaped, no proven call path; reachable=False; boundaries are static estimates",,False,True
DUNE.EXE,0x8002FDE4,1920,"[""0x80034014""]","[""0x80030564"", ""0x80030570"", ""0x8003B408"", ""0x8003B77C"", ""0x8003CDD0"", ""0x8003CE5C"", ""0x8004CC54"", ""0x80077C38"", ""0x80077D30"", ""0x80078098"", ""0x800786B8""]",HYPOTHESIS,FUN_8002FDE4,"PSXRecomp medium: prologue-shaped, no proven call path; reachable=False; boundaries are static estimates",,False,True
DUNE.EXE,0x80030564,12,"[""0x8002FDE4""]",[],HYPOTHESIS,FUN_80030564,"PSXRecomp low: no prologue, no jr $ra exit, unreachable from entry; reachable=False; boundaries are static estimates",,False,True
DUNE.EXE,0x80030570,188,"[""0x8002EA44"", ""0x8002FDE4"", ""0x80034014""]",[],LIKELY,FUN_80030570,"PSXRecomp high: jr $ra exit, reachable from entry; reachable=True; boundaries are static estimates",,False,True
DUNE.EXE,0x8003062C,8,[],[],HYPOTHESIS,FUN_8003062C,"PSXRecomp low: no prologue, no jr $ra exit, unreachable from entry; reachable=False; boundaries are static estimates",,False,False
DUNE.EXE,0x80030634,2080,"[""0x80034014""]","[""0x8001E628"", ""0x8002BB88"", ""0x8002BBDC"", ""0x8002E6F0"", ""0x8002E7D4"", ""0x8002E96C""]",HYPOTHESIS,FUN_80030634,"PSXRecomp medium: prologue-shaped, no proven call path; reachable=False; boundaries are static estimates",,False,True
DUNE.EXE,0x80030E54,1532,"[""0x80031880"", ""0x80032204"", ""0x800323D0"", ""0x800326FC"", ""0x80034014""]","[""0x80019638"", ""0x8002BAD0"", ""0x8002E6F0"", ""0x8002E7D4"", ""0x8002E96C"", ""0x8003C118"", ""0x8003D230"", ""0x8003D27C"", ""0x80041D04"", ""0x80044634"", ""0x8004CC54"", ""0x8004D100"", ""0x800639A4"", ""0x80072F58"", ""0x8007C4C0""]",HYPOTHESIS,FUN_80030E54,"PSXRecomp medium: prologue-shaped, no proven call path; reachable=False; boundaries are static estimates",,False,True
DUNE.EXE,0x80031450,1072,"[""0x80031CDC"", ""0x800327E8"", ""0x80032E6C"", ""0x80032FA0""]","[""0x80019638"", ""0x8002BAD0"", ""0x8002E8A8"", ""0x8003C118"", ""0x80041D04"", ""0x80044634"", ""0x8004CC54"", ""0x800639A4"", ""0x80072F58"", ""0x8007C4C0""]",LIKELY,FUN_80031450,"PSXRecomp verified: prologue + epilogue + jr $ra, called from reachable code; reachable=True; boundaries are static estimates",,False,True
DUNE.EXE,0x80031880,1116,"[""0x8002ED3C"", ""0x80034014""]","[""0x80030E54"", ""0x80032A40"", ""0x80032B6C"", ""0x80048880"", ""0x80049358"", ""0x80049750""]",HYPOTHESIS,FUN_80031880,"PSXRecomp medium: prologue-shaped, no proven call path; reachable=False; boundaries are static estimates",,False,True
DUNE.EXE,0x80031CDC,1320,"[""0x8003801C""]","[""0x80031450"", ""0x800328D8"", ""0x80032B6C"", ""0x80048880"", ""0x80049358"", ""0x80049750""]",LIKELY,FUN_80031CDC,"PSXRecomp verified: prologue + epilogue + jr $ra, called from reachable code; reachable=True; boundaries are static estimates",,False,True
DUNE.EXE,0x80032204,460,"[""0x80034014""]","[""0x8002ED3C"", ""0x80030E54"", ""0x80032A40""]",HYPOTHESIS,FUN_80032204,"PSXRecomp medium: prologue-shaped, no proven call path; reachable=False; boundaries are static estimates",,False,True
DUNE.EXE,0x800323D0,812,"[""0x80034014""]","[""0x8002ED3C"", ""0x80030E54"", ""0x80032B6C"", ""0x80032D94"", ""0x8003B408"", ""0x8003D230"", ""0x80043058"", ""0x8004874C""]",HYPOTHESIS,FUN_800323D0,"PSXRecomp medium: prologue-shaped, no proven call path; reachable=False; boundaries are static estimates",,False,True
DUNE.EXE,0x800326FC,236,"[""0x80034014""]","[""0x8002ED3C"", ""0x80030E54"", ""0x80032A40""]",HYPOTHESIS,FUN_800326FC,"PSXRecomp medium: prologue-shaped, no proven call path; reachable=False; boundaries are static estimates",,False,True
DUNE.EXE,0x800327E8,168,"[""0x8003801C""]","[""0x80031450"", ""0x800328D8""]",LIKELY,FUN_800327E8,"PSXRecomp verified: prologue + epilogue + jr $ra, called from reachable code; reachable=True; boundaries are static estimates",,False,True
DUNE.EXE,0x80032890,72,"[""0x800328D8"", ""0x80032A40"", ""0x80048880"", ""0x80049358""]",[],LIKELY,FUN_80032890,"PSXRecomp high: jr $ra exit, reachable from entry; reachable=True; boundaries are static estimates",,False,True
DUNE.EXE,0x800328D8,360,"[""0x80031CDC"", ""0x800327E8"", ""0x80032C78"", ""0x80032E6C"", ""0x8005E4A8"", ""0x8005F438""]","[""0x80032890""]",LIKELY,FUN_800328D8,"PSXRecomp verified: prologue + epilogue + jr $ra, called from reachable code; reachable=True; boundaries are static estimates",,False,True
DUNE.EXE,0x80032A40,300,"[""0x80031880"", ""0x80032204"", ""0x800326FC"", ""0x80032D94""]","[""0x80032890""]",HYPOTHESIS,FUN_80032A40,"PSXRecomp medium: prologue-shaped, no proven call path; reachable=False; boundaries are static estimates",,False,True
DUNE.EXE,0x80032B6C,268,"[""0x80031880"", ""0x80031CDC"", ""0x800323D0"", ""0x80032C78"", ""0x80032D94""]",[],LIKELY,FUN_80032B6C,"PSXRecomp high: jr $ra exit, reachable from entry; reachable=True; boundaries are static estimates",,False,True
DUNE.EXE,0x80032C78,248,"[""0x80032D70"", ""0x80032FA0""]","[""0x800328D8"", ""0x80032B6C""]",LIKELY,FUN_80032C78,"PSXRecomp verified: prologue + epilogue + jr $ra, called from reachable code; reachable=True; boundaries are static estimates",,False,True
DUNE.EXE,0x80032D70,36,"[""0x8005E4A8"", ""0x8005F438""]","[""0x80032C78""]",LIKELY,FUN_80032D70,"PSXRecomp verified: prologue + epilogue + jr $ra, called from reachable code; reachable=True; boundaries are static estimates",,False,True
DUNE.EXE,0x80032D94,180,"[""0x800323D0"", ""0x80032E48""]","[""0x80032A40"", ""0x80032B6C""]",HYPOTHESIS,FUN_80032D94,"PSXRecomp medium: prologue-shaped, no proven call path; reachable=False; boundaries are static estimates",,False,True
DUNE.EXE,0x80032E48,36,[],"[""0x80032D94""]",HYPOTHESIS,FUN_80032E48,"PSXRecomp medium: prologue-shaped, no proven call path; reachable=False; boundaries are static estimates",,False,True
DUNE.EXE,0x80032E6C,308,"[""0x8003801C""]","[""0x80031450"", ""0x800328D8""]",LIKELY,FUN_80032E6C,"PSXRecomp verified: prologue + epilogue + jr $ra, called from reachable code; reachable=True; boundaries are static estimates",,False,True
DUNE.EXE,0x80032FA0,272,"[""0x8003801C""]","[""0x80031450"", ""0x80032C78""]",LIKELY,FUN_80032FA0,"PSXRecomp verified: prologue + epilogue + jr $ra, called from reachable code; reachable=True; boundaries are static estimates",,False,True
DUNE.EXE,0x800330B0,724,"[""0x8003801C""]","[""0x80033384"", ""0x8003DC1C"", ""0x8003DC78"", ""0x8004B714"", ""0x80072F58""]",LIKELY,FUN_800330B0,"PSXRecomp verified: prologue + epilogue + jr $ra, called from reachable code; reachable=True; boundaries are static estimates",,False,True
DUNE.EXE,0x80033384,432,"[""0x800330B0""]","[""0x80072F58""]",LIKELY,FUN_80033384,"PSXRecomp verified: prologue + epilogue + jr $ra, called from reachable code; reachable=True; boundaries are static estimates",,False,True
DUNE.EXE,0x80033534,220,"[""0x8002DEBC"", ""0x80034014""]","[""0x8003B408"", ""0x8003D030"", ""0x80049750"", ""0x80049AB0""]",HYPOTHESIS,FUN_80033534,"PSXRecomp medium: prologue-shaped, no proven call path; reachable=False; boundaries are static estimates",,False,True
DUNE.EXE,0x80033610,2564,"[""0x8004F544""]","[""0x8001DAC8"", ""0x8002E96C"", ""0x8002EA44"", ""0x8003A274"", ""0x8003B408"", ""0x8003BD30"", ""0x8003D230"", ""0x8003D2BC"", ""0x8003D6E4"", ""0x80045FA4"", ""0x800466AC"", ""0x8004D100"", ""0x80072F58""]",HYPOTHESIS,FUN_80033610,"PSXRecomp medium: prologue-shaped, no proven call path; reachable=True; boundaries are static estimates",,False,True
DUNE.EXE,0x80034014,16392,[],"[""0x80019638"", ""0x8001D210"", ""0x8001D618"", ""0x8001D760"", ""0x8001E000"", ""0x8001E628"", ""0x8001EBB4"", ""0x80026818"", ""0x8002B934"", ""0x8002E6F0"", ""0x8002E96C"", ""0x8002EC2C"", ""0x8002ED3C"", ""0x8002F960"", ""0x8002FDE4"", ""0x80030570"", ""0x80030634"", ""0x80030E54"", ""0x80031880"", ""0x80032204"", ""0x800323D0"", ""0x800326FC"", ""0x80033534"", ""0x80039884"", ""0x80039C4C"", ""0x8003A274"", ""0x8003A31C"", ""0x8003B408"", ""0x8003B91C"", ""0x8003CDD0"", ""0x8003D030"", ""0x8003D230"", ""0x8003D27C"", ""0x8003D500"", ""0x8003DC1C"", ""0x8003E510"", ""0x800423F8"", ""0x800425C4"", ""0x80042724"", ""0x8004578C"", ""0x800457F4"", ""0x80045E6C"", ""0x80045EE4"", ""0x80046C24"", ""0x800484D4"", ""0x800486BC"", ""0x80048880"", ""0x80049750"", ""0x80049CC0"", ""0x8004AF2C"", ""0x8004B118"", ""0x8004C4A8"", ""0x8004D100"", ""0x80063468"", ""0x800639A4"", ""0x80072F58"", ""0x80077778"", ""0x800777D8"", ""0x80077844"", ""0x80077A70"", ""0x80077B10""]",HYPOTHESIS,FUN_80034014,"PSXRecomp low: no prologue, no jr $ra exit, unreachable from entry; reachable=False; boundaries are static estimates",,False,False
DUNE.EXE,0x8003801C,2540,"[""0x8004F544""]","[""0x80031CDC"", ""0x800327E8"", ""0x80032E6C"", ""0x80032FA0"", ""0x800330B0"", ""0x8003A31C"", ""0x8003B718"", ""0x8004118C"", ""0x80042D48"", ""0x80047050"", ""0x800486BC"", ""0x8004D100"", ""0x80072F58""]",LIKELY,FUN_8003801C,"PSXRecomp verified: prologue + epilogue + jr $ra, called from reachable code; reachable=True; boundaries are static estimates",,False,True
DUNE.EXE,0x80038A08,3708,"[""0x8004F544""]","[""0x80019638"", ""0x8001D210"", ""0x8003A31C"", ""0x8003B77C"", ""0x8004350C"", ""0x8004D100"", ""0x800639A4"", ""0x80072F58"", ""0x80077C38"", ""0x80078868""]",LIKELY,FUN_80038A08,"PSXRecomp verified: prologue + epilogue + jr $ra, called from reachable code; reachable=True; boundaries are static estimates",,False,True
DUNE.EXE,0x80039884,968,"[""0x80034014"", ""0x8003A31C"", ""0x8004805C""]","[""0x8003B718"", ""0x800486BC"", ""0x8004CC54"", ""0x8004D100"", ""0x800639A4"", ""0x80072F58""]",LIKELY,FUN_80039884,"PSXRecomp verified: prologue + epilogue + jr $ra, called from reachable code; reachable=True; boundaries are static estimates",,False,True
DUNE.EXE,0x80039C4C,1312,"[""0x80034014"", ""0x80039C4C"", ""0x8003A31C"", ""0x8003D538"", ""0x8004805C""]","[""0x8002E96C"", ""0x80039C4C"", ""0x8003A31C"", ""0x8003B408"", ""0x8004D100"", ""0x800639A4"", ""0x80072F58""]",LIKELY,FUN_80039C4C,"PSXRecomp verified: prologue + epilogue + jr $ra, called from reachable code; reachable=True; boundaries are static estimates",,False,True
DUNE.EXE,0x8003A16C,264,"[""0x8003A31C""]",[],LIKELY,FUN_8003A16C,"PSXRecomp high: jr $ra exit, reachable from entry; reachable=True; boundaries are static estimates",,False,True
DUNE.EXE,0x8003A274,80,"[""0x80033610"", ""0x80034014"", ""0x8003A31C""]",[],LIKELY,FUN_8003A274,"PSXRecomp high: jr $ra exit, reachable from entry; reachable=True; boundaries are static estimates",,False,True
DUNE.EXE,0x8003A2C4,88,[],[],HYPOTHESIS,FUN_8003A2C4,"PSXRecomp low: no prologue, no jr $ra exit, unreachable from entry; reachable=False; boundaries are static estimates",,False,False
DUNE.EXE,0x8003A31C,3908,"[""0x80034014"", ""0x8003801C"", ""0x80038A08"", ""0x80039C4C"", ""0x8003C358""]","[""0x8002E96C"", ""0x80039884"", ""0x80039C4C"", ""0x8003A16C"", ""0x8003A274"", ""0x8003D500"", ""0x80043BC8"", ""0x80044008"", ""0x80044284"", ""0x800466AC"", ""0x80063468"", ""0x80072F58"", ""0x800777D8"", ""0x80077844"", ""0x80077954"", ""0x80077A70"", ""0x80077B10"", ""0x80077CD0"", ""0x800787B8"", ""0x80078A98"", ""0x80078BE8"", ""0x80079450""]",LIKELY,FUN_8003A31C,"PSXRecomp verified: prologue + epilogue + jr $ra, called from reachable code; reachable=True; boundaries are static estimates",,False,True
DUNE.EXE,0x8003B260,100,"[""0x8004F544""]",[],LIKELY,FUN_8003B260,"PSXRecomp high: jr $ra exit, reachable from entry; reachable=True; boundaries are static estimates",,False,True
DUNE.EXE,0x8003B2C4,176,[],[],HYPOTHESIS,FUN_8003B2C4,"PSXRecomp low: no prologue, no jr $ra exit, unreachable from entry; reachable=False; boundaries are static estimates",,False,False
DUNE.EXE,0x8003B374,100,[],[],HYPOTHESIS,FUN_8003B374,"PSXRecomp low: no prologue, no jr $ra exit, unreachable from entry; reachable=False; boundaries are static estimates",,False,False
DUNE.EXE,0x8003B3D8,48,[],[],HYPOTHESIS,FUN_8003B3D8,"PSXRecomp low: no prologue, no jr $ra exit, unreachable from entry; reachable=False; boundaries are static estimates",,False,False
DUNE.EXE,0x8003B408,360,"[""0x80020E00"", ""0x80028568"", ""0x80029140"", ""0x8002DEBC"", ""0x8002FDE4"", ""0x800323D0"", ""0x80033534"", ""0x80033610"", ""0x80034014"", ""0x80039C4C"", ""0x8003B91C"", ""0x8003BE38"", ""0x8003BF90"", ""0x800464AC"", ""0x800466AC"", ""0x800477D4"", ""0x8004B714"", ""0x8004DA8C"", ""0x8004DC7C"", ""0x8004DE64""]",[],LIKELY,FUN_8003B408,"PSXRecomp high: jr $ra exit, reachable from entry; reachable=True; boundaries are static estimates",,False,True
DUNE.EXE,0x8003B570,188,[],[],HYPOTHESIS,FUN_8003B570,"PSXRecomp low: no prologue, no jr $ra exit, unreachable from entry; reachable=False; boundaries are static estimates",,False,False
DUNE.EXE,0x8003B62C,236,[],[],HYPOTHESIS,FUN_8003B62C,"PSXRecomp low: no prologue, no jr $ra exit, unreachable from entry; reachable=False; boundaries are static estimates",,False,False
DUNE.EXE,0x8003B718,24,"[""0x8003801C"", ""0x80039884"", ""0x8004118C"", ""0x80046C24"", ""0x8004DD3C"", ""0x8004DE64""]",[],LIKELY,FUN_8003B718,"PSXRecomp high: jr $ra exit, reachable from entry; reachable=True; boundaries are static estimates",,False,True
DUNE.EXE,0x8003B730,8,[],[],HYPOTHESIS,FUN_8003B730,"PSXRecomp low: no prologue, no jr $ra exit, unreachable from entry; reachable=False; boundaries are static estimates",,False,False
DUNE.EXE,0x8003B738,52,"[""0x8001E628""]",[],LIKELY,FUN_8003B738,"PSXRecomp high: jr $ra exit, reachable from entry; reachable=True; boundaries are static estimates",,False,True
DUNE.EXE,0x8003B76C,8,[],[],HYPOTHESIS,FUN_8003B76C,"PSXRecomp low: no prologue, no jr $ra exit, unreachable from entry; reachable=False; boundaries are static estimates",,False,False
DUNE.EXE,0x8003B774,8,[],[],HYPOTHESIS,FUN_8003B774,"PSXRecomp low: no prologue, no jr $ra exit, unreachable from entry; reachable=False; boundaries are static estimates",,False,False
DUNE.EXE,0x8003B77C,368,"[""0x80027170"", ""0x80027338"", ""0x800274EC"", ""0x8002BAD0"", ""0x8002BB24"", ""0x8002BB88"", ""0x8002FDE4"", ""0x80038A08""]",[],LIKELY,FUN_8003B77C,"PSXRecomp high: jr $ra exit, reachable from entry; reachable=True; boundaries are static estimates",,False,True
DUNE.EXE,0x8003B8EC,8,[],[],HYPOTHESIS,FUN_8003B8EC,"PSXRecomp low: no prologue, no jr $ra exit, unreachable from entry; reachable=False; boundaries are static estimates",,False,False
DUNE.EXE,0x8003B8F4,12,[],[],HYPOTHESIS,FUN_8003B8F4,"PSXRecomp low: no prologue, no jr $ra exit, unreachable from entry; reachable=False; boundaries are static estimates",,False,False
DUNE.EXE,0x8003B900,12,[],[],HYPOTHESIS,FUN_8003B900,"PSXRecomp low: no prologue, no jr $ra exit, unreachable from entry; reachable=False; boundaries are static estimates",,False,False
DUNE.EXE,0x8003B90C,8,[],[],HYPOTHESIS,FUN_8003B90C,"PSXRecomp low: no prologue, no jr $ra exit, unreachable from entry; reachable=False; boundaries are static estimates",,False,False
DUNE.EXE,0x8003B914,8,[],[],HYPOTHESIS,FUN_8003B914,"PSXRecomp low: no prologue, no jr $ra exit, unreachable from entry; reachable=False; boundaries are static estimates",,False,False
DUNE.EXE,0x8003B91C,1044,"[""0x80034014""]","[""0x8001D760"", ""0x8003B408"", ""0x8004AD14"", ""0x8004AF2C"", ""0x8004B714""]",HYPOTHESIS,FUN_8003B91C,"PSXRecomp medium: prologue-shaped, no proven call path; reachable=False; boundaries are static estimates",,False,True
DUNE.EXE,0x8003BD30,264,"[""0x80033610"", ""0x8003BE38"", ""0x800477D4"", ""0x8004B714""]",[],LIKELY,FUN_8003BD30,"PSXRecomp high: jr $ra exit, reachable from entry; reachable=True; boundaries are static estimates",,False,True
DUNE.EXE,0x8003BE38,344,"[""0x8004DE64""]","[""0x8003B408"", ""0x8003BD30"", ""0x8004B714""]",LIKELY,FUN_8003BE38,"PSXRecomp verified: prologue + epilogue + jr $ra, called from reachable code; reachable=True; boundaries are static estimates",,False,True
DUNE.EXE,0x8003BF90,392,"[""0x8004DE64""]","[""0x8003B408"", ""0x8004B714"", ""0x80063468""]",LIKELY,FUN_8003BF90,"PSXRecomp verified: prologue + epilogue + jr $ra, called from reachable code; reachable=True; boundaries are static estimates",,False,True
DUNE.EXE,0x8003C118,288,"[""0x80030E54"", ""0x80031450""]",[],LIKELY,FUN_8003C118,"PSXRecomp high: jr $ra exit, reachable from entry; reachable=True; boundaries are static estimates",,False,True
DUNE.EXE,0x8003C238,224,[],[],HYPOTHESIS,FUN_8003C238,"PSXRecomp low: no prologue, no jr $ra exit, unreachable from entry; reachable=False; boundaries are static estimates",,False,False
DUNE.EXE,0x8003C318,8,[],[],HYPOTHESIS,FUN_8003C318,"PSXRecomp low: no prologue, no jr $ra exit, unreachable from entry; reachable=False; boundaries are static estimates",,False,False
DUNE.EXE,0x8003C320,28,[],[],HYPOTHESIS,FUN_8003C320,"PSXRecomp low: no prologue, no jr $ra exit, unreachable from entry; reachable=False; boundaries are static estimates",,False,False
DUNE.EXE,0x8003C348,16,[],[],HYPOTHESIS,FUN_8003C348,"PSXRecomp low: no prologue, no jr $ra exit, unreachable from entry; reachable=False; boundaries are static estimates",,False,False
DUNE.EXE,0x8003C358,2020,"[""0x8002ED3C""]","[""0x8003A31C"", ""0x8003CB3C"", ""0x8003D094"", ""0x80041784"", ""0x80043C38"", ""0x80044008"", ""0x80044634"", ""0x800454E4"", ""0x8004580C"", ""0x8004B714"", ""0x8004D100"", ""0x800639A4"", ""0x80065558"", ""0x80072F58""]",HYPOTHESIS,FUN_8003C358,"PSXRecomp medium: prologue-shaped, no proven call path; reachable=False; boundaries are static estimates",,False,True
DUNE.EXE,0x8003CB3C,280,"[""0x8003C358""]","[""0x8003D27C""]",HYPOTHESIS,FUN_8003CB3C,"PSXRecomp medium: prologue-shaped, no proven call path; reachable=False; boundaries are static estimates",,False,True
DUNE.EXE,0x8003CC54,356,"[""0x8005E414"", ""0x8005E4A8"", ""0x8005ECF0"", ""0x8005EDF8""]","[""0x80063A60""]",LIKELY,FUN_8003CC54,"PSXRecomp verified: prologue + epilogue + jr $ra, called from reachable code; reachable=True; boundaries are static estimates",,False,True
DUNE.EXE,0x8003CDB8,12,"[""0x8005E4A8""]",[],LIKELY,FUN_8003CDB8,"PSXRecomp high: jr $ra exit, reachable from entry; reachable=True; boundaries are static estimates",,False,True
DUNE.EXE,0x8003CDC4,12,"[""0x8005E4A8""]",[],LIKELY,FUN_8003CDC4,"PSXRecomp high: jr $ra exit, reachable from entry; reachable=True; boundaries are static estimates",,False,True
DUNE.EXE,0x8003CDD0,132,"[""0x8002FDE4"", ""0x80034014""]",[],HYPOTHESIS,FUN_8003CDD0,"PSXRecomp low: no prologue, no jr $ra exit, unreachable from entry; reachable=False; boundaries are static estimates",,False,True
DUNE.EXE,0x8003CE54,8,[],[],HYPOTHESIS,FUN_8003CE54,"PSXRecomp low: no prologue, no jr $ra exit, unreachable from entry; reachable=False; boundaries are static estimates",,False,False
DUNE.EXE,0x8003CE5C,128,"[""0x8002FDE4""]",[],HYPOTHESIS,FUN_8003CE5C,"PSXRecomp low: no prologue, no jr $ra exit, unreachable from entry; reachable=False; boundaries are static estimates",,False,True
DUNE.EXE,0x8003CEDC,8,[],[],HYPOTHESIS,FUN_8003CEDC,"PSXRecomp low: no prologue, no jr $ra exit, unreachable from entry; reachable=False; boundaries are static estimates",,False,False
DUNE.EXE,0x8003CEE4,332,"[""0x8002ED3C""]","[""0x800777D8"", ""0x80077844"", ""0x80077A70"", ""0x80077C38"", ""0x80077D30"", ""0x80078098"", ""0x800786B8"", ""0x800787B8""]",HYPOTHESIS,FUN_8003CEE4,"PSXRecomp medium: prologue-shaped, no proven call path; reachable=False; boundaries are static estimates",,False,True
DUNE.EXE,0x8003D030,100,"[""0x80029140"", ""0x80029384"", ""0x8002AAF0"", ""0x80033534"", ""0x80034014"", ""0x8004DE64""]",[],LIKELY,FUN_8003D030,"PSXRecomp high: jr $ra exit, reachable from entry; reachable=True; boundaries are static estimates",,False,True
DUNE.EXE,0x8003D094,332,"[""0x8003C358"", ""0x8003F544""]","[""0x800420F0"", ""0x800432AC"", ""0x80044634""]",LIKELY,FUN_8003D094,"PSXRecomp verified: prologue + epilogue + jr $ra, called from reachable code; reachable=True; boundaries are static estimates",,False,True
DUNE.EXE,0x8003D1E0,72,"[""0x8003D2BC""]",[],LIKELY,FUN_8003D1E0,"PSXRecomp high: jr $ra exit, reachable from entry; reachable=True; boundaries are static estimates",,False,True
DUNE.EXE,0x8003D228,8,[],[],HYPOTHESIS,FUN_8003D228,"PSXRecomp low: no prologue, no jr $ra exit, unreachable from entry; reachable=False; boundaries are static estimates",,False,False
DUNE.EXE,0x8003D230,32,"[""0x80030E54"", ""0x800323D0"", ""0x80033610"", ""0x80034014"", ""0x8003D2BC"", ""0x800547E4""]",[],LIKELY,FUN_8003D230,"PSXRecomp high: jr $ra exit, reachable from entry; reachable=True; boundaries are static estimates",,False,True
DUNE.EXE,0x8003D250,44,[],[],HYPOTHESIS,FUN_8003D250,"PSXRecomp low: no prologue, no jr $ra exit, unreachable from entry; reachable=False; boundaries are static estimates",,False,False
DUNE.EXE,0x8003D27C,28,"[""0x8002ED3C"", ""0x80030E54"", ""0x80034014"", ""0x8003CB3C"", ""0x8003D2BC""]",[],LIKELY,FUN_8003D27C,"PSXRecomp high: jr $ra exit, reachable from entry; reachable=True; boundaries are static estimates",,False,True
DUNE.EXE,0x8003D298,28,[],[],HYPOTHESIS,FUN_8003D298,"PSXRecomp low: no prologue, no jr $ra exit, unreachable from entry; reachable=False; boundaries are static estimates",,False,False
DUNE.EXE,0x8003D2B4,8,[],[],HYPOTHESIS,FUN_8003D2B4,"PSXRecomp low: no prologue, no jr $ra exit, unreachable from entry; reachable=False; boundaries are static estimates",,False,False
DUNE.EXE,0x8003D2BC,580,"[""0x80033610""]","[""0x8001D90C"", ""0x8003D1E0"", ""0x8003D230"", ""0x8003D27C""]",LIKELY,FUN_8003D2BC,"PSXRecomp verified: prologue + epilogue + jr $ra, called from reachable code; reachable=True; boundaries are static estimates",,False,True
DUNE.EXE,0x8003D500,56,"[""0x80034014"", ""0x8003A31C""]",[],LIKELY,FUN_8003D500,"PSXRecomp high: jr $ra exit, reachable from entry; reachable=True; boundaries are static estimates",,False,True
DUNE.EXE,0x8003D538,428,"[""0x8001DAC8""]","[""0x8002E96C"", ""0x80039C4C"", ""0x800639A4""]",LIKELY,FUN_8003D538,"PSXRecomp verified: prologue + epilogue + jr $ra, called from reachable code; reachable=True; boundaries are static estimates",,False,True
DUNE.EXE,0x8003D6E4,28,"[""0x80033610""]",[],LIKELY,FUN_8003D6E4,"PSXRecomp high: jr $ra exit, reachable from entry; reachable=True; boundaries are static estimates",,False,True
DUNE.EXE,0x8003D700,68,[],[],HYPOTHESIS,FUN_8003D700,"PSXRecomp low: no prologue, no jr $ra exit, unreachable from entry; reachable=False; boundaries are static estimates",,False,False
DUNE.EXE,0x8003D744,8,[],[],HYPOTHESIS,FUN_8003D744,"PSXRecomp low: no prologue, no jr $ra exit, unreachable from entry; reachable=False; boundaries are static estimates",,False,False
DUNE.EXE,0x8003D74C,8,"[""0x8003F544""]",[],LIKELY,FUN_8003D74C,"PSXRecomp high: jr $ra exit, reachable from entry; reachable=True; boundaries are static estimates",,False,True
DUNE.EXE,0x8003D754,8,"[""0x8003F544""]",[],LIKELY,FUN_8003D754,"PSXRecomp high: jr $ra exit, reachable from entry; reachable=True; boundaries are static estimates",,False,True
DUNE.EXE,0x8003D75C,8,"[""0x8003F544""]",[],LIKELY,FUN_8003D75C,"PSXRecomp high: jr $ra exit, reachable from entry; reachable=True; boundaries are static estimates",,False,True
DUNE.EXE,0x8003D764,8,"[""0x8003F544""]",[],LIKELY,FUN_8003D764,"PSXRecomp high: jr $ra exit, reachable from entry; reachable=True; boundaries are static estimates",,False,True
DUNE.EXE,0x8003D76C,8,[],[],HYPOTHESIS,FUN_8003D76C,"PSXRecomp low: no prologue, no jr $ra exit, unreachable from entry; reachable=False; boundaries are static estimates",,False,True
DUNE.EXE,0x8003D774,8,[],[],HYPOTHESIS,FUN_8003D774,"PSXRecomp low: no prologue, no jr $ra exit, unreachable from entry; reachable=False; boundaries are static estimates",,False,True
DUNE.EXE,0x8003D77C,148,"[""0x80040C94"", ""0x8005E0E0"", ""0x8005F438"", ""0x8006EC14""]",[],LIKELY,FUN_8003D77C,"PSXRecomp high: jr $ra exit, reachable from entry; reachable=True; boundaries are static estimates",,False,True
DUNE.EXE,0x8003D810,8,[],[],HYPOTHESIS,FUN_8003D810,"PSXRecomp low: no prologue, no jr $ra exit, unreachable from entry; reachable=False; boundaries are static estimates",,False,False
DUNE.EXE,0x8003D818,120,"[""0x8003D920"", ""0x8003DADC""]",[],LIKELY,FUN_8003D818,"PSXRecomp high: jr $ra exit, reachable from entry; reachable=True; boundaries are static estimates",,False,True
DUNE.EXE,0x8003D890,12,[],[],HYPOTHESIS,FUN_8003D890,"PSXRecomp low: no prologue, no jr $ra exit, unreachable from entry; reachable=False; boundaries are static estimates",,False,False
DUNE.EXE,0x8003D89C,120,"[""0x8003DC1C"", ""0x8003DC78""]",[],LIKELY,FUN_8003D89C,"PSXRecomp high: jr $ra exit, reachable from entry; reachable=True; boundaries are static estimates",,False,True
DUNE.EXE,0x8003D914,12,[],[],HYPOTHESIS,FUN_8003D914,"PSXRecomp low: no prologue, no jr $ra exit, unreachable from entry; reachable=False; boundaries are static estimates",,False,False
DUNE.EXE,0x8003D920,444,"[""0x8003EA0C""]","[""0x8003D818""]",LIKELY,FUN_8003D920,"PSXRecomp verified: prologue + epilogue + jr $ra, called from reachable code; reachable=True; boundaries are static estimates",,False,True
DUNE.EXE,0x8003DADC,320,"[""0x8003EA0C""]","[""0x8003D818""]",LIKELY,FUN_8003DADC,"PSXRecomp verified: prologue + epilogue + jr $ra, called from reachable code; reachable=True; boundaries are static estimates",,False,True
DUNE.EXE,0x8003DC1C,92,"[""0x8001FB98"", ""0x8001FC70"", ""0x80024220"", ""0x8002664C"", ""0x80028F1C"", ""0x800330B0"", ""0x80034014"", ""0x8003EA0C"", ""0x80044BA0"", ""0x80047630"", ""0x8004B5D4"", ""0x8004F544"", ""0x8006C598""]","[""0x8003D89C""]",LIKELY,FUN_8003DC1C,"PSXRecomp verified: prologue + epilogue + jr $ra, called from reachable code; reachable=True; boundaries are static estimates",,False,True
DUNE.EXE,0x8003DC78,124,"[""0x800330B0"", ""0x8003EA0C"", ""0x80040AE4"", ""0x80044BA0"", ""0x8004C134"", ""0x8004D990"", ""0x8004F544"", ""0x8006C598""]","[""0x8003D89C""]",LIKELY,FUN_8003DC78,"PSXRecomp verified: prologue + epilogue + jr $ra, called from reachable code; reachable=True; boundaries are static estimates",,False,True
DUNE.EXE,0x8003DCF4,1552,"[""0x8001FB98"", ""0x80020804"", ""0x8002A34C"", ""0x8003EA0C"", ""0x8004DE64""]",[],LIKELY,FUN_8003DCF4,"PSXRecomp verified: prologue + epilogue + jr $ra, called from reachable code; reachable=True; boundaries are static estimates",,False,True
DUNE.EXE,0x8003E304,8,[],[],HYPOTHESIS,FUN_8003E304,"PSXRecomp low: no prologue, no jr $ra exit, unreachable from entry; reachable=False; boundaries are static estimates",,False,True
DUNE.EXE,0x8003E30C,132,"[""0x8001FC70"", ""0x8004B36C""]",[],LIKELY,FUN_8003E30C,"PSXRecomp high: jr $ra exit, reachable from entry; reachable=True; boundaries are static estimates",,False,True
DUNE.EXE,0x8003E390,8,[],[],HYPOTHESIS,FUN_8003E390,"PSXRecomp low: no prologue, no jr $ra exit, unreachable from entry; reachable=False; boundaries are static estimates",,False,False
DUNE.EXE,0x8003E398,148,[],[],HYPOTHESIS,FUN_8003E398,"PSXRecomp low: no prologue, no jr $ra exit, unreachable from entry; reachable=False; boundaries are static estimates",,False,False
DUNE.EXE,0x8003E42C,228,"[""0x80028C38"", ""0x8003E93C"", ""0x8004D858"", ""0x8006CDE4"", ""0x8006E990""]","[""0x800453E0""]",LIKELY,FUN_8003E42C,"PSXRecomp verified: prologue + epilogue + jr $ra, called from reachable code; reachable=True; boundaries are static estimates",,False,True
DUNE.EXE,0x8003E510,120,"[""0x80029384"", ""0x80034014"", ""0x8005E4A8"", ""0x8005F438""]",[],LIKELY,FUN_8003E510,"PSXRecomp high: jr $ra exit, reachable from entry; reachable=True; boundaries are static estimates",,False,True
DUNE.EXE,0x8003E588,92,[],[],HYPOTHESIS,FUN_8003E588,"PSXRecomp low: no prologue, no jr $ra exit, unreachable from entry; reachable=False; boundaries are static estimates",,False,False
DUNE.EXE,0x8003E5EC,176,"[""0x8005E4A8"", ""0x8005F438""]","[""0x8003E69C""]",LIKELY,FUN_8003E5EC,"PSXRecomp high: jr $ra exit, reachable from entry; reachable=True; boundaries are static estimates",,False,True
DUNE.EXE,0x8003E69C,8,"[""0x8003E5EC""]",[],LIKELY,FUN_8003E69C,"PSXRecomp high: jr $ra exit, reachable from entry; reachable=True; boundaries are static estimates",,False,False
DUNE.EXE,0x8003E6A4,80,"[""0x8006CD8C""]",[],HYPOTHESIS,FUN_8003E6A4,"PSXRecomp low: no prologue, no jr $ra exit, unreachable from entry; reachable=False; boundaries are static estimates",,False,True
DUNE.EXE,0x8003E6F4,20,[],[],HYPOTHESIS,FUN_8003E6F4,"PSXRecomp low: no prologue, no jr $ra exit, unreachable from entry; reachable=False; boundaries are static estimates",,False,False
DUNE.EXE,0x8003E708,8,[],[],HYPOTHESIS,FUN_8003E708,"PSXRecomp low: no prologue, no jr $ra exit, unreachable from entry; reachable=False; boundaries are static estimates",,False,True
DUNE.EXE,0x8003E710,4,"[""0x8003F544""]",[],HYPOTHESIS,FUN_8003E710,PSXRecomp low: reachable but no prologue and no jr $ra exit; reachable=True; boundaries are static estimates,,False,True
DUNE.EXE,0x8003E714,108,[],"[""0x80072F58""]",HYPOTHESIS,FUN_8003E714,"PSXRecomp medium: prologue-shaped, no proven call path; reachable=False; boundaries are static estimates",,False,False
DUNE.EXE,0x8003E780,288,"[""0x8003F544""]","[""0x8004B36C""]",LIKELY,FUN_8003E780,"PSXRecomp verified: prologue + epilogue + jr $ra, called from reachable code; reachable=True; boundaries are static estimates",,False,True
DUNE.EXE,0x8003E8A0,148,[],[],HYPOTHESIS,FUN_8003E8A0,"PSXRecomp low: no prologue, no jr $ra exit, unreachable from entry; reachable=False; boundaries are static estimates",,False,True
DUNE.EXE,0x8003E934,8,[],[],HYPOTHESIS,FUN_8003E934,"PSXRecomp low: no prologue, no jr $ra exit, unreachable from entry; reachable=False; boundaries are static estimates",,False,False
DUNE.EXE,0x8003E93C,208,[],"[""0x8003E42C""]",HYPOTHESIS,FUN_8003E93C,"PSXRecomp medium: prologue-shaped, no proven call path; reachable=False; boundaries are static estimates",,False,True
DUNE.EXE,0x8003EA0C,2600,"[""0x8003F544""]","[""0x8003D920"", ""0x8003DADC"", ""0x8003DC1C"", ""0x8003DC78"", ""0x8003DCF4"", ""0x80044BA0"", ""0x800453E0"", ""0x8004578C"", ""0x8004580C"", ""0x8004B714"", ""0x8005A540"", ""0x80063468"", ""0x80063AD0"", ""0x800777D8"", ""0x80077844"", ""0x80077A70"", ""0x800787B8""]",LIKELY,FUN_8003EA0C,"PSXRecomp verified: prologue + epilogue + jr $ra, called from reachable code; reachable=True; boundaries are static estimates",,False,True
DUNE.EXE,0x8003F434,180,"[""0x8003F544""]",[],LIKELY,FUN_8003F434,"PSXRecomp high: jr $ra exit, reachable from entry; reachable=True; boundaries are static estimates",,False,True
DUNE.EXE,0x8003F4E8,8,[],[],HYPOTHESIS,FUN_8003F4E8,"PSXRecomp low: no prologue, no jr $ra exit, unreachable from entry; reachable=False; boundaries are static estimates",,False,True
DUNE.EXE,0x8003F4F0,32,[],"[""0x80072F58""]",HYPOTHESIS,FUN_8003F4F0,"PSXRecomp medium: prologue-shaped, no proven call path; reachable=False; boundaries are static estimates",,False,True
DUNE.EXE,0x8003F510,44,"[""0x8003F544""]",[],LIKELY,FUN_8003F510,"PSXRecomp high: jr $ra exit, reachable from entry; reachable=True; boundaries are static estimates",,False,True
DUNE.EXE,0x8003F53C,8,[],[],HYPOTHESIS,FUN_8003F53C,"PSXRecomp low: no prologue, no jr $ra exit, unreachable from entry; reachable=False; boundaries are static estimates",,False,True
DUNE.EXE,0x8003F544,4680,"[""0x8004078C""]","[""0x8001F000"", ""0x8001F2D8"", ""0x8001F818"", ""0x8003D094"", ""0x8003D74C"", ""0x8003D754"", ""0x8003D75C"", ""0x8003D764"", ""0x8003E710"", ""0x8003E780"", ""0x8003EA0C"", ""0x8003F434"", ""0x8003F510"", ""0x80040FB0"", ""0x80041784"", ""0x800418E0"", ""0x80041974"", ""0x800420F0"", ""0x800438B4"", ""0x80043D30"", ""0x80044A08"", ""0x80044BA0"", ""0x800455C0"", ""0x80046148"", ""0x800464AC"", ""0x80047630"", ""0x800477D4"", ""0x800481E4"", ""0x8004B34C"", ""0x80051190"", ""0x80051EC0"", ""0x80052CC0"", ""0x80052CEC"", ""0x8005366C"", ""0x800536B0"", ""0x800539CC"", ""0x800547E4"", ""0x800548F4"", ""0x800548FC"", ""0x80054904"", ""0x8005490C"", ""0x80054F4C"", ""0x80055360"", ""0x8005A450"", ""0x8005F084"", ""0x80062BA4"", ""0x80062CE4"", ""0x8006338C"", ""0x80063AD0"", ""0x80069F70"", ""0x8006FAD8"", ""0x8006FC4C"", ""0x80072604"", ""0x800728DC"", ""0x80072D40"", ""0x80072F58"", ""0x80073008"", ""0x80073098"", ""0x80079B60"", ""0x80079E74"", ""0x8007D6A0"", ""0x80081EE4"", ""0x80083050""]",LIKELY,FUN_8003F544,"PSXRecomp verified: prologue + epilogue + jr $ra, called from reachable code; reachable=True; boundaries are static estimates",,False,True
DUNE.EXE,0x8004078C,856,"[""0x8005A888""]","[""0x8003F544"", ""0x80040FF8"", ""0x80052C94"", ""0x800552C0"", ""0x8005A970"", ""0x8005AAA0"", ""0x8005AC20"", ""0x80062944"", ""0x80062A08"", ""0x80063C88"", ""0x800643D0"", ""0x8006FAD8"", ""0x80072F1C"", ""0x80072F88"", ""0x80073098"", ""0x80073A28"", ""0x80079D80"", ""0x8007A8F0"", ""0x8007A920"", ""0x8007B480"", ""0x8007B520"", ""0x8007D6A0"", ""0x80081EA0""]",LIKELY,FUN_8004078C,"PSXRecomp verified: prologue + epilogue + jr $ra, called from reachable code; reachable=True; boundaries are static estimates",,False,True
DUNE.EXE,0x80040AE4,432,"[""0x80040FB0""]","[""0x8003DC78"", ""0x8004578C""]",LIKELY,FUN_80040AE4,"PSXRecomp verified: prologue + epilogue + jr $ra, called from reachable code; reachable=True; boundaries are static estimates",,False,True
DUNE.EXE,0x80040C94,444,"[""0x80040FB0""]","[""0x8003D77C"", ""0x80045A90"", ""0x80063AD0""]",LIKELY,FUN_80040C94,"PSXRecomp verified: prologue + epilogue + jr $ra, called from reachable code; reachable=True; boundaries are static estimates",,False,True
DUNE.EXE,0x80040E50,352,"[""0x80040FB0"", ""0x80046C24""]","[""0x80045820""]",LIKELY,FUN_80040E50,"PSXRecomp verified: prologue + epilogue + jr $ra, called from reachable code; reachable=True; boundaries are static estimates",,False,True
DUNE.EXE,0x80040FB0,64,"[""0x8003F544""]","[""0x80040AE4"", ""0x80040C94"", ""0x80040E50"", ""0x8004F544"", ""0x80054A80""]",LIKELY,FUN_80040FB0,"PSXRecomp verified: prologue + epilogue + jr $ra, called from reachable code; reachable=True; boundaries are static estimates",,False,True
DUNE.EXE,0x80040FF0,8,[],[],HYPOTHESIS,FUN_80040FF0,"PSXRecomp low: no prologue, no jr $ra exit, unreachable from entry; reachable=False; boundaries are static estimates",,False,True
DUNE.EXE,0x80040FF8,8,"[""0x8004078C""]",[],LIKELY,FUN_80040FF8,"PSXRecomp high: jr $ra exit, reachable from entry; reachable=True; boundaries are static estimates",,False,True
DUNE.EXE,0x80041000,148,"[""0x8006D0BC""]",[],LIKELY,FUN_80041000,"PSXRecomp high: jr $ra exit, reachable from entry; reachable=True; boundaries are static estimates",,False,True
DUNE.EXE,0x80041094,248,[],[],HYPOTHESIS,FUN_80041094,"PSXRecomp low: no prologue, no jr $ra exit, unreachable from entry; reachable=False; boundaries are static estimates",,False,True
DUNE.EXE,0x8004118C,56,"[""0x8003801C""]","[""0x8003B718""]",LIKELY,FUN_8004118C,"PSXRecomp verified: prologue + epilogue + jr $ra, called from reachable code; reachable=True; boundaries are static estimates",,False,True
DUNE.EXE,0x800411C4,132,[],[],HYPOTHESIS,FUN_800411C4,"PSXRecomp low: no prologue, no jr $ra exit, unreachable from entry; reachable=False; boundaries are static estimates",,False,True
DUNE.EXE,0x80041248,796,"[""0x8004DE64""]","[""0x800486BC""]",LIKELY,FUN_80041248,"PSXRecomp verified: prologue + epilogue + jr $ra, called from reachable code; reachable=True; boundaries are static estimates",,False,True
DUNE.EXE,0x80041564,8,[],[],HYPOTHESIS,FUN_80041564,"PSXRecomp low: no prologue, no jr $ra exit, unreachable from entry; reachable=False; boundaries are static estimates",,False,True
DUNE.EXE,0x8004156C,8,[],[],HYPOTHESIS,FUN_8004156C,"PSXRecomp low: no prologue, no jr $ra exit, unreachable from entry; reachable=False; boundaries are static estimates",,False,True
DUNE.EXE,0x80041574,8,[],[],HYPOTHESIS,FUN_80041574,"PSXRecomp low: no prologue, no jr $ra exit, unreachable from entry; reachable=False; boundaries are static estimates",,False,True
DUNE.EXE,0x8004157C,8,[],[],HYPOTHESIS,FUN_8004157C,"PSXRecomp low: no prologue, no jr $ra exit, unreachable from entry; reachable=False; boundaries are static estimates",,False,True
DUNE.EXE,0x80041584,100,[],[],HYPOTHESIS,FUN_80041584,"PSXRecomp low: no prologue, no jr $ra exit, unreachable from entry; reachable=False; boundaries are static estimates",,False,True
DUNE.EXE,0x800415E8,8,[],[],HYPOTHESIS,FUN_800415E8,"PSXRecomp low: no prologue, no jr $ra exit, unreachable from entry; reachable=False; boundaries are static estimates",,False,True
DUNE.EXE,0x800415F0,220,[],[],HYPOTHESIS,FUN_800415F0,"PSXRecomp medium: prologue-shaped, no proven call path; reachable=False; boundaries are static estimates",,False,True
DUNE.EXE,0x800416CC,184,[],[],HYPOTHESIS,FUN_800416CC,"PSXRecomp medium: prologue-shaped, no proven call path; reachable=False; boundaries are static estimates",,False,True
DUNE.EXE,0x80041784,276,"[""0x8003C358"", ""0x8003F544""]","[""0x80044634"", ""0x800653EC""]",LIKELY,FUN_80041784,"PSXRecomp verified: prologue + epilogue + jr $ra, called from reachable code; reachable=True; boundaries are static estimates",,False,True
DUNE.EXE,0x80041898,64,[],[],HYPOTHESIS,FUN_80041898,"PSXRecomp low: no prologue, no jr $ra exit, unreachable from entry; reachable=False; boundaries are static estimates",,False,True
DUNE.EXE,0x800418D8,8,"[""0x800418E0"", ""0x8004DE64""]",[],LIKELY,FUN_800418D8,"PSXRecomp high: jr $ra exit, reachable from entry; reachable=True; boundaries are static estimates",,False,True
DUNE.EXE,0x800418E0,132,"[""0x8003F544""]","[""0x800418D8""]",LIKELY,FUN_800418E0,"PSXRecomp verified: prologue + epilogue + jr $ra, called from reachable code; reachable=True; boundaries are static estimates",,False,True
DUNE.EXE,0x80041964,8,[],[],HYPOTHESIS,FUN_80041964,"PSXRecomp low: no prologue, no jr $ra exit, unreachable from entry; reachable=False; boundaries are static estimates",,False,True
DUNE.EXE,0x8004196C,8,[],[],HYPOTHESIS,FUN_8004196C,"PSXRecomp low: no prologue, no jr $ra exit, unreachable from entry; reachable=False; boundaries are static estimates",,False,True
DUNE.EXE,0x80041974,912,"[""0x8003F544""]","[""0x8005A718"", ""0x8005A738"", ""0x800636EC"", ""0x80063D9C"", ""0x8006430C"", ""0x80065558"", ""0x8006786C"", ""0x8006A53C"", ""0x8006A60C"", ""0x8006A704"", ""0x80073A28""]",LIKELY,FUN_80041974,"PSXRecomp verified: prologue + epilogue + jr $ra, called from reachable code; reachable=True; boundaries are static estimates",,False,True
DUNE.EXE,0x80041D04,1004,"[""0x80030E54"", ""0x80031450"", ""0x80043370""]","[""0x800653EC""]",LIKELY,FUN_80041D04,"PSXRecomp verified: prologue + epilogue + jr $ra, called from reachable code; reachable=True; boundaries are static estimates",,False,True
DUNE.EXE,0x800420F0,396,"[""0x8003D094"", ""0x8003F544""]","[""0x80043370"", ""0x80044634""]",LIKELY,FUN_800420F0,"PSXRecomp verified: prologue + epilogue + jr $ra, called from reachable code; reachable=True; boundaries are static estimates",,False,True
DUNE.EXE,0x8004227C,108,[],"[""0x800422E8"", ""0x80042334""]",HYPOTHESIS,FUN_8004227C,"PSXRecomp medium: prologue-shaped, no proven call path; reachable=False; boundaries are static estimates",,False,True
DUNE.EXE,0x800422E8,76,"[""0x8004227C""]",[],HYPOTHESIS,FUN_800422E8,"PSXRecomp low: no prologue, no jr $ra exit, unreachable from entry; reachable=False; boundaries are static estimates",,False,True
DUNE.EXE,0x80042334,196,"[""0x8004227C""]",[],HYPOTHESIS,FUN_80042334,"PSXRecomp low: no prologue, no jr $ra exit, unreachable from entry; reachable=False; boundaries are static estimates",,False,True
DUNE.EXE,0x800423F8,460,"[""0x80034014""]","[""0x80049750""]",HYPOTHESIS,FUN_800423F8,"PSXRecomp medium: prologue-shaped, no proven call path; reachable=False; boundaries are static estimates",,False,True
DUNE.EXE,0x800425C4,92,"[""0x8001E000"", ""0x80034014""]",[],HYPOTHESIS,FUN_800425C4,"PSXRecomp low: no prologue, no jr $ra exit, unreachable from entry; reachable=False; boundaries are static estimates",,False,True
DUNE.EXE,0x80042620,260,[],[],HYPOTHESIS,FUN_80042620,"PSXRecomp low: no prologue, no jr $ra exit, unreachable from entry; reachable=False; boundaries are static estimates",,False,False
DUNE.EXE,0x80042724,72,"[""0x8001E628"", ""0x80034014""]",[],LIKELY,FUN_80042724,"PSXRecomp high: jr $ra exit, reachable from entry; reachable=True; boundaries are static estimates",,False,True
DUNE.EXE,0x8004276C,256,"[""0x8004C4A8""]",[],LIKELY,FUN_8004276C,"PSXRecomp high: jr $ra exit, reachable from entry; reachable=True; boundaries are static estimates",,False,True
DUNE.EXE,0x8004286C,488,"[""0x8004C4A8""]","[""0x80049750"", ""0x80049AB0""]",HYPOTHESIS,FUN_8004286C,"PSXRecomp medium: prologue-shaped, no proven call path; reachable=True; boundaries are static estimates",,False,True
DUNE.EXE,0x80042A54,60,[],"[""0x800466AC""]",HYPOTHESIS,FUN_80042A54,"PSXRecomp low: no prologue, no jr $ra exit, unreachable from entry; reachable=False; boundaries are static estimates",,False,True
DUNE.EXE,0x80042D48,216,"[""0x8003801C"", ""0x80046C24""]","[""0x80042E20"", ""0x8004449C""]",LIKELY,FUN_80042D48,"PSXRecomp verified: prologue + epilogue + jr $ra, called from reachable code; reachable=True; boundaries are static estimates",,False,True
DUNE.EXE,0x80042E20,568,"[""0x80042D48""]","[""0x80043784""]",LIKELY,FUN_80042E20,"PSXRecomp verified: prologue + epilogue + jr $ra, called from reachable code; reachable=True; boundaries are static estimates",,False,True
DUNE.EXE,0x80043058,192,"[""0x800323D0""]",[],HYPOTHESIS,FUN_80043058,"PSXRecomp low: no prologue, no jr $ra exit, unreachable from entry; reachable=False; boundaries are static estimates",,False,True
DUNE.EXE,0x80043118,404,[],[],HYPOTHESIS,FUN_80043118,"PSXRecomp low: no prologue, no jr $ra exit, unreachable from entry; reachable=False; boundaries are static estimates",,False,False
DUNE.EXE,0x800432AC,196,"[""0x8003D094"", ""0x8004C238"", ""0x8004C4A8""]","[""0x80043370"", ""0x80044634""]",LIKELY,FUN_800432AC,"PSXRecomp verified: prologue + epilogue + jr $ra, called from reachable code; reachable=True; boundaries are static estimates",,False,True
DUNE.EXE,0x80043370,412,"[""0x800420F0"", ""0x800432AC""]","[""0x80019638"", ""0x80041D04""]",LIKELY,FUN_80043370,"PSXRecomp verified: prologue + epilogue + jr $ra, called from reachable code; reachable=True; boundaries are static estimates",,False,True
DUNE.EXE,0x8004350C,124,"[""0x80038A08""]","[""0x80043588""]",LIKELY,FUN_8004350C,"PSXRecomp verified: prologue + epilogue + jr $ra, called from reachable code; reachable=True; boundaries are static estimates",,False,True
DUNE.EXE,0x80043588,64,"[""0x8004350C"", ""0x800435D0""]",[],LIKELY,FUN_80043588,"PSXRecomp high: jr $ra exit, reachable from entry; reachable=True; boundaries are static estimates",,False,True
DUNE.EXE,0x800435C8,8,[],[],HYPOTHESIS,FUN_800435C8,"PSXRecomp low: no prologue, no jr $ra exit, unreachable from entry; reachable=False; boundaries are static estimates",,False,False
DUNE.EXE,0x800435D0,120,"[""0x80043648"", ""0x80043784""]","[""0x80043588""]",LIKELY,FUN_800435D0,"PSXRecomp verified: prologue + epilogue + jr $ra, called from reachable code; reachable=True; boundaries are static estimates",,False,True
DUNE.EXE,0x80043648,316,"[""0x80043784"", ""0x8004C4A8""]","[""0x800435D0""]",LIKELY,FUN_80043648,"PSXRecomp verified: prologue + epilogue + jr $ra, called from reachable code; reachable=True; boundaries are static estimates",,False,True
DUNE.EXE,0x80043784,296,"[""0x80042E20"", ""0x8004C4A8""]","[""0x800435D0"", ""0x80043648"", ""0x80049CC0""]",LIKELY,FUN_80043784,"PSXRecomp verified: prologue + epilogue + jr $ra, called from reachable code; reachable=True; boundaries are static estimates",,False,True
DUNE.EXE,0x800438AC,8,[],[],HYPOTHESIS,FUN_800438AC,"PSXRecomp low: no prologue, no jr $ra exit, unreachable from entry; reachable=False; boundaries are static estimates",,False,True
DUNE.EXE,0x800438B4,40,"[""0x8003F544""]",[],LIKELY,FUN_800438B4,"PSXRecomp high: jr $ra exit, reachable from entry; reachable=True; boundaries are static estimates",,False,True
DUNE.EXE,0x800438DC,56,"[""0x80043ACC""]",[],LIKELY,FUN_800438DC,"PSXRecomp high: jr $ra exit, reachable from entry; reachable=True; boundaries are static estimates",,False,True
DUNE.EXE,0x80043914,24,[],[],HYPOTHESIS,FUN_80043914,"PSXRecomp low: no prologue, no jr $ra exit, unreachable from entry; reachable=False; boundaries are static estimates",,False,False
DUNE.EXE,0x8004392C,68,"[""0x80043D30""]","[""0x80043970"", ""0x80043ACC""]",LIKELY,FUN_8004392C,"PSXRecomp verified: prologue + epilogue + jr $ra, called from reachable code; reachable=True; boundaries are static estimates",,False,True
DUNE.EXE,0x80043970,348,"[""0x8004392C""]","[""0x80072F58""]",LIKELY,FUN_80043970,"PSXRecomp verified: prologue + epilogue + jr $ra, called from reachable code; reachable=True; boundaries are static estimates",,False,True
DUNE.EXE,0x80043ACC,252,"[""0x8004392C"", ""0x80051EC0""]","[""0x800438DC""]",LIKELY,FUN_80043ACC,"PSXRecomp verified: prologue + epilogue + jr $ra, called from reachable code; reachable=True; boundaries are static estimates",,False,True
DUNE.EXE,0x80043BC8,88,"[""0x8003A31C""]",[],LIKELY,FUN_80043BC8,"PSXRecomp high: jr $ra exit, reachable from entry; reachable=True; boundaries are static estimates",,False,True
DUNE.EXE,0x80043C20,24,[],[],HYPOTHESIS,FUN_80043C20,"PSXRecomp low: no prologue, no jr $ra exit, unreachable from entry; reachable=False; boundaries are static estimates",,False,False
DUNE.EXE,0x80043C38,248,"[""0x80025504"", ""0x8003C358""]","[""0x80044284""]",LIKELY,FUN_80043C38,"PSXRecomp verified: prologue + epilogue + jr $ra, called from reachable code; reachable=True; boundaries are static estimates",,False,True
DUNE.EXE,0x80043D30,728,"[""0x8003F544""]","[""0x8004392C"", ""0x80044008"", ""0x80044284"", ""0x8004D100"", ""0x80072F58""]",LIKELY,FUN_80043D30,"PSXRecomp verified: prologue + epilogue + jr $ra, called from reachable code; reachable=True; boundaries are static estimates",,False,True
DUNE.EXE,0x80044008,636,"[""0x8003A31C"", ""0x8003C358"", ""0x80043D30""]","[""0x8004CC54"", ""0x800639A4"", ""0x80072F58""]",LIKELY,FUN_80044008,"PSXRecomp verified: prologue + epilogue + jr $ra, called from reachable code; reachable=True; boundaries are static estimates",,False,True
DUNE.EXE,0x80044284,220,"[""0x8003A31C"", ""0x80043C38"", ""0x80043D30""]","[""0x80072F58""]",LIKELY,FUN_80044284,"PSXRecomp verified: prologue + epilogue + jr $ra, called from reachable code; reachable=True; boundaries are static estimates",,False,True
DUNE.EXE,0x80044360,84,"[""0x8004C4A8""]",[],LIKELY,FUN_80044360,"PSXRecomp high: jr $ra exit, reachable from entry; reachable=True; boundaries are static estimates",,False,True
DUNE.EXE,0x800443B4,232,[],[],HYPOTHESIS,FUN_800443B4,"PSXRecomp low: no prologue, no jr $ra exit, unreachable from entry; reachable=False; boundaries are static estimates",,False,False
DUNE.EXE,0x8004449C,408,"[""0x80042D48""]","[""0x80072F58""]",LIKELY,FUN_8004449C,"PSXRecomp verified: prologue + epilogue + jr $ra, called from reachable code; reachable=True; boundaries are static estimates",,False,True
DUNE.EXE,0x80044634,128,"[""0x80030E54"", ""0x80031450"", ""0x8003C358"", ""0x8003D094"", ""0x80041784"", ""0x800420F0"", ""0x800432AC""]",[],LIKELY,FUN_80044634,"PSXRecomp high: jr $ra exit, reachable from entry; reachable=True; boundaries are static estimates",,False,True
DUNE.EXE,0x800446B4,852,"[""0x800485B4""]","[""0x80019638"", ""0x800455C0"", ""0x800484D4""]",LIKELY,FUN_800446B4,"PSXRecomp verified: prologue + epilogue + jr $ra, called from reachable code; reachable=True; boundaries are static estimates",,False,True
DUNE.EXE,0x80044A08,32,"[""0x8003F544""]",[],LIKELY,FUN_80044A08,"PSXRecomp high: jr $ra exit, reachable from entry; reachable=True; boundaries are static estimates",,False,True
DUNE.EXE,0x80044A28,48,"[""0x8004B714"", ""0x8004C4A8"", ""0x8004CC54"", ""0x8004D100""]",[],LIKELY,FUN_80044A28,"PSXRecomp high: jr $ra exit, reachable from entry; reachable=True; boundaries are static estimates",,False,True
DUNE.EXE,0x80044A58,100,"[""0x8004B714"", ""0x8004C4A8"", ""0x8004CC54"", ""0x8004D100""]",[],LIKELY,FUN_80044A58,"PSXRecomp high: jr $ra exit, reachable from entry; reachable=True; boundaries are static estimates",,False,True
DUNE.EXE,0x80044ABC,196,"[""0x8004F544""]","[""0x80019638""]",LIKELY,FUN_80044ABC,"PSXRecomp verified: prologue + epilogue + jr $ra, called from reachable code; reachable=True; boundaries are static estimates",,False,True
DUNE.EXE,0x80044B80,32,[],[],HYPOTHESIS,FUN_80044B80,"PSXRecomp low: no prologue, no jr $ra exit, unreachable from entry; reachable=False; boundaries are static estimates",,False,True
DUNE.EXE,0x80044BA0,2112,"[""0x8003EA0C"", ""0x8003F544"", ""0x8004C4A8"", ""0x8004F544""]","[""0x8003DC1C"", ""0x8003DC78"", ""0x800453E0"", ""0x800454E4"", ""0x800455C0"", ""0x8004566C"", ""0x800456FC"", ""0x8004580C"", ""0x80063468""]",LIKELY,FUN_80044BA0,"PSXRecomp verified: prologue + epilogue + jr $ra, called from reachable code; reachable=True; boundaries are static estimates",,False,True
DUNE.EXE,0x800453E0,24,"[""0x800249D0"", ""0x80027628"", ""0x80027820"", ""0x8003E42C"", ""0x8003EA0C"", ""0x80044BA0"", ""0x800481E4"", ""0x8004D858"", ""0x80051EC0"", ""0x8006C598""]",[],LIKELY,FUN_800453E0,"PSXRecomp high: jr $ra exit, reachable from entry; reachable=True; boundaries are static estimates",,False,True
DUNE.EXE,0x800453F8,8,[],[],HYPOTHESIS,FUN_800453F8,"PSXRecomp low: no prologue, no jr $ra exit, unreachable from entry; reachable=False; boundaries are static estimates",,False,False
DUNE.EXE,0x80045400,228,[],[],HYPOTHESIS,FUN_80045400,"PSXRecomp low: no prologue, no jr $ra exit, unreachable from entry; reachable=False; boundaries are static estimates",,False,False
DUNE.EXE,0x800454E4,88,"[""0x80026700"", ""0x8003C358"", ""0x80044BA0"", ""0x800481E4"", ""0x80051EC0""]",[],LIKELY,FUN_800454E4,"PSXRecomp high: jr $ra exit, reachable from entry; reachable=True; boundaries are static estimates",,False,True
DUNE.EXE,0x8004553C,132,[],[],HYPOTHESIS,FUN_8004553C,"PSXRecomp low: no prologue, no jr $ra exit, unreachable from entry; reachable=False; boundaries are static estimates",,False,False
DUNE.EXE,0x800455C0,172,"[""0x8003F544"", ""0x800446B4"", ""0x80044BA0""]","[""0x8006E070""]",LIKELY,FUN_800455C0,"PSXRecomp verified: prologue + epilogue + jr $ra, called from reachable code; reachable=True; boundaries are static estimates",,False,True
DUNE.EXE,0x8004566C,144,"[""0x80044BA0""]","[""0x8006E18C""]",LIKELY,FUN_8004566C,"PSXRecomp verified: prologue + epilogue + jr $ra, called from reachable code; reachable=True; boundaries are static estimates",,False,True
DUNE.EXE,0x800456FC,144,"[""0x80044BA0""]","[""0x8006E1CC""]",LIKELY,FUN_800456FC,"PSXRecomp verified: prologue + epilogue + jr $ra, called from reachable code; reachable=True; boundaries are static estimates",,False,True
DUNE.EXE,0x8004578C,48,"[""0x8001FB98"", ""0x80034014"", ""0x8003EA0C"", ""0x80040AE4"", ""0x80046C24"", ""0x8004D3E4""]",[],LIKELY,FUN_8004578C,"PSXRecomp high: jr $ra exit, reachable from entry; reachable=True; boundaries are static estimates",,False,True
DUNE.EXE,0x800457BC,56,[],[],HYPOTHESIS,FUN_800457BC,"PSXRecomp low: no prologue, no jr $ra exit, unreachable from entry; reachable=False; boundaries are static estimates",,False,False
DUNE.EXE,0x800457F4,24,"[""0x80034014"", ""0x80046C24""]",[],HYPOTHESIS,FUN_800457F4,"PSXRecomp low: no prologue, no jr $ra exit, unreachable from entry; reachable=False; boundaries are static estimates",,False,True
DUNE.EXE,0x8004580C,20,"[""0x8003C358"", ""0x8003EA0C"", ""0x80044BA0"", ""0x80048490"", ""0x8004B5D4"", ""0x8004C134"", ""0x8004D51C"", ""0x8004D7A4"", ""0x8004D990"", ""0x8004F544""]",[],LIKELY,FUN_8004580C,"PSXRecomp high: jr $ra exit, reachable from entry; reachable=True; boundaries are static estimates",,False,True
DUNE.EXE,0x80045820,624,"[""0x80040E50""]","[""0x80063AD0""]",LIKELY,FUN_80045820,"PSXRecomp verified: prologue + epilogue + jr $ra, called from reachable code; reachable=True; boundaries are static estimates",,False,True
DUNE.EXE,0x80045A90,304,"[""0x80040C94""]",[],LIKELY,FUN_80045A90,"PSXRecomp high: jr $ra exit, reachable from entry; reachable=True; boundaries are static estimates",,False,True
DUNE.EXE,0x80045BC0,12,[],[],HYPOTHESIS,FUN_80045BC0,"PSXRecomp low: no prologue, no jr $ra exit, unreachable from entry; reachable=False; boundaries are static estimates",,False,False
DUNE.EXE,0x80045BCC,44,"[""0x8006D0BC""]",[],LIKELY,FUN_80045BCC,"PSXRecomp high: jr $ra exit, reachable from entry; reachable=True; boundaries are static estimates",,False,True
DUNE.EXE,0x80045BF8,44,"[""0x8006D0BC""]",[],LIKELY,FUN_80045BF8,"PSXRecomp high: jr $ra exit, reachable from entry; reachable=True; boundaries are static estimates",,False,True
DUNE.EXE,0x80045C24,256,"[""0x8006D0BC""]",[],LIKELY,FUN_80045C24,"PSXRecomp high: jr $ra exit, reachable from entry; reachable=True; boundaries are static estimates",,False,True
DUNE.EXE,0x80045D24,8,[],[],HYPOTHESIS,FUN_80045D24,"PSXRecomp low: no prologue, no jr $ra exit, unreachable from entry; reachable=False; boundaries are static estimates",,False,False
DUNE.EXE,0x80045D2C,320,"[""0x8005FF04"", ""0x800600D4""]",[],LIKELY,FUN_80045D2C,"PSXRecomp high: jr $ra exit, reachable from entry; reachable=True; boundaries are static estimates",,False,True
DUNE.EXE,0x80045E6C,40,"[""0x800208B4"", ""0x80034014""]",[],LIKELY,FUN_80045E6C,"PSXRecomp high: jr $ra exit, reachable from entry; reachable=True; boundaries are static estimates",,False,True
DUNE.EXE,0x80045E94,8,[],[],HYPOTHESIS,FUN_80045E94,"PSXRecomp low: no prologue, no jr $ra exit, unreachable from entry; reachable=False; boundaries are static estimates",,False,False
DUNE.EXE,0x80045E9C,72,[],[],HYPOTHESIS,FUN_80045E9C,"PSXRecomp low: no prologue, no jr $ra exit, unreachable from entry; reachable=False; boundaries are static estimates",,False,False
DUNE.EXE,0x80045EE4,184,"[""0x800208B4"", ""0x80034014""]",[],LIKELY,FUN_80045EE4,"PSXRecomp high: jr $ra exit, reachable from entry; reachable=True; boundaries are static estimates",,False,True
DUNE.EXE,0x80045F9C,8,[],[],HYPOTHESIS,FUN_80045F9C,"PSXRecomp low: no prologue, no jr $ra exit, unreachable from entry; reachable=False; boundaries are static estimates",,False,False
DUNE.EXE,0x80045FA4,168,"[""0x80033610""]","[""0x8004604C""]",LIKELY,FUN_80045FA4,"PSXRecomp verified: prologue + epilogue + jr $ra, called from reachable code; reachable=True; boundaries are static estimates",,False,True
DUNE.EXE,0x8004604C,252,"[""0x80045FA4""]","[""0x80028708""]",LIKELY,FUN_8004604C,"PSXRecomp verified: prologue + epilogue + jr $ra, called from reachable code; reachable=True; boundaries are static estimates",,False,True
DUNE.EXE,0x80046148,868,"[""0x8003F544"", ""0x8004DE64"", ""0x8005FF04"", ""0x800600D4""]","[""0x80049E20""]",LIKELY,FUN_80046148,"PSXRecomp verified: prologue + epilogue + jr $ra, called from reachable code; reachable=True; boundaries are static estimates",,False,True
DUNE.EXE,0x800464AC,512,"[""0x8003F544""]","[""0x8003B408""]",LIKELY,FUN_800464AC,"PSXRecomp verified: prologue + epilogue + jr $ra, called from reachable code; reachable=True; boundaries are static estimates",,False,True
DUNE.EXE,0x800466AC,1400,"[""0x80033610"", ""0x8003A31C"", ""0x80042A54"", ""0x80046C24""]","[""0x8003B408"", ""0x8004B714""]",LIKELY,FUN_800466AC,"PSXRecomp verified: prologue + epilogue + jr $ra, called from reachable code; reachable=True; boundaries are static estimates",,False,True
DUNE.EXE,0x80046C24,1068,"[""0x80034014""]","[""0x8003B718"", ""0x80040E50"", ""0x80042D48"", ""0x8004578C"", ""0x800457F4"", ""0x800466AC"", ""0x80049EA4"", ""0x8004C4A8""]",HYPOTHESIS,FUN_80046C24,"PSXRecomp medium: prologue-shaped, no proven call path; reachable=False; boundaries are static estimates",,False,True
DUNE.EXE,0x80047050,1504,"[""0x8003801C""]","[""0x80048138"", ""0x80048490""]",LIKELY,FUN_80047050,"PSXRecomp verified: prologue + epilogue + jr $ra, called from reachable code; reachable=True; boundaries are static estimates",,False,True
DUNE.EXE,0x80047630,420,"[""0x8003F544""]","[""0x8003DC1C"", ""0x80072F58""]",LIKELY,FUN_80047630,"PSXRecomp verified: prologue + epilogue + jr $ra, called from reachable code; reachable=True; boundaries are static estimates",,False,True
DUNE.EXE,0x800477D4,1284,"[""0x8003F544""]","[""0x8003B408"", ""0x8003BD30"", ""0x80048490"", ""0x8004B714"", ""0x80063468""]",LIKELY,FUN_800477D4,"PSXRecomp verified: prologue + epilogue + jr $ra, called from reachable code; reachable=True; boundaries are static estimates",,False,True
DUNE.EXE,0x80047CD8,804,"[""0x8001F2D8"", ""0x80023A30"", ""0x800274EC"", ""0x8006D2F4""]",[],LIKELY,FUN_80047CD8,"PSXRecomp verified: prologue + epilogue + jr $ra, called from reachable code; reachable=True; boundaries are static estimates",,False,True
DUNE.EXE,0x80047FFC,96,[],[],HYPOTHESIS,FUN_80047FFC,"PSXRecomp low: no prologue, no jr $ra exit, unreachable from entry; reachable=False; boundaries are static estimates",,False,True
DUNE.EXE,0x8004805C,220,"[""0x8004DE64""]","[""0x80039884"", ""0x80039C4C""]",LIKELY,FUN_8004805C,"PSXRecomp verified: prologue + epilogue + jr $ra, called from reachable code; reachable=True; boundaries are static estimates",,False,True
DUNE.EXE,0x80048138,172,"[""0x80047050""]",[],LIKELY,FUN_80048138,"PSXRecomp high: jr $ra exit, reachable from entry; reachable=True; boundaries are static estimates",,False,True
DUNE.EXE,0x800481E4,668,"[""0x8003F544""]","[""0x800453E0"", ""0x800454E4""]",LIKELY,FUN_800481E4,"PSXRecomp verified: prologue + epilogue + jr $ra, called from reachable code; reachable=True; boundaries are static estimates",,False,True
DUNE.EXE,0x80048480,8,"[""0x8004DE64""]",[],LIKELY,FUN_80048480,"PSXRecomp high: jr $ra exit, reachable from entry; reachable=True; boundaries are static estimates",,False,True
DUNE.EXE,0x80048488,8,[],[],HYPOTHESIS,FUN_80048488,"PSXRecomp low: no prologue, no jr $ra exit, unreachable from entry; reachable=False; boundaries are static estimates",,False,True
DUNE.EXE,0x80048490,68,"[""0x80047050"", ""0x800477D4"", ""0x8004D5C0""]","[""0x8004580C"", ""0x800484D4""]",LIKELY,FUN_80048490,"PSXRecomp verified: prologue + epilogue + jr $ra, called from reachable code; reachable=True; boundaries are static estimates",,False,True
DUNE.EXE,0x800484D4,8,"[""0x80034014"", ""0x800446B4"", ""0x80048490""]",[],LIKELY,FUN_800484D4,"PSXRecomp high: jr $ra exit, reachable from entry; reachable=True; boundaries are static estimates",,False,True
DUNE.EXE,0x800484DC,172,"[""0x8004DE64"", ""0x8005432C""]",[],LIKELY,FUN_800484DC,"PSXRecomp high: jr $ra exit, reachable from entry; reachable=True; boundaries are static estimates",,False,True
DUNE.EXE,0x80048588,44,[],[],HYPOTHESIS,FUN_80048588,"PSXRecomp low: no prologue, no jr $ra exit, unreachable from entry; reachable=False; boundaries are static estimates",,False,True
DUNE.EXE,0x800485B4,168,"[""0x8004B34C""]","[""0x800446B4""]",LIKELY,FUN_800485B4,"PSXRecomp verified: prologue + epilogue + jr $ra, called from reachable code; reachable=True; boundaries are static estimates",,False,True
DUNE.EXE,0x8004865C,56,[],[],HYPOTHESIS,FUN_8004865C,"PSXRecomp low: no prologue, no jr $ra exit, unreachable from entry; reachable=False; boundaries are static estimates",,False,True
DUNE.EXE,0x80048694,40,[],[],HYPOTHESIS,FUN_80048694,"PSXRecomp low: no prologue, no jr $ra exit, unreachable from entry; reachable=False; boundaries are static estimates",,False,True
DUNE.EXE,0x800486BC,24,"[""0x8001E000"", ""0x8001E628"", ""0x80034014"", ""0x8003801C"", ""0x80039884"", ""0x80041248"", ""0x8004A5E4"", ""0x8004AD14"", ""0x8004D274"", ""0x8004D3A4"", ""0x8004DD3C""]",[],LIKELY,FUN_800486BC,"PSXRecomp high: jr $ra exit, reachable from entry; reachable=True; boundaries are static estimates",,False,True
DUNE.EXE,0x800486D4,108,[],[],HYPOTHESIS,FUN_800486D4,"PSXRecomp low: no prologue, no jr $ra exit, unreachable from entry; reachable=False; boundaries are static estimates",,False,False
DUNE.EXE,0x80048740,12,[],[],HYPOTHESIS,FUN_80048740,"PSXRecomp low: no prologue, no jr $ra exit, unreachable from entry; reachable=False; boundaries are static estimates",,False,False
DUNE.EXE,0x8004874C,276,"[""0x800323D0""]",[],HYPOTHESIS,FUN_8004874C,"PSXRecomp low: no prologue, no jr $ra exit, unreachable from entry; reachable=False; boundaries are static estimates",,False,True
DUNE.EXE,0x80048860,16,[],[],HYPOTHESIS,FUN_80048860,"PSXRecomp low: no prologue, no jr $ra exit, unreachable from entry; reachable=False; boundaries are static estimates",,False,False
DUNE.EXE,0x80048880,2776,"[""0x800220F4"", ""0x80031880"", ""0x80031CDC"", ""0x80034014""]","[""0x80032890"", ""0x80049750""]",LIKELY,FUN_80048880,"PSXRecomp verified: prologue + epilogue + jr $ra, called from reachable code; reachable=True; boundaries are static estimates",,False,True
DUNE.EXE,0x80049358,824,"[""0x80031880"", ""0x80031CDC""]","[""0x80032890"", ""0x80049CC0""]",LIKELY,FUN_80049358,"PSXRecomp verified: prologue + epilogue + jr $ra, called from reachable code; reachable=True; boundaries are static estimates",,False,True
DUNE.EXE,0x80049690,192,"[""0x8001E628""]",[],LIKELY,FUN_80049690,"PSXRecomp high: jr $ra exit, reachable from entry; reachable=True; boundaries are static estimates",,False,True
DUNE.EXE,0x80049750,432,"[""0x8001E628"", ""0x800220F4"", ""0x80031880"", ""0x80031CDC"", ""0x80033534"", ""0x80034014"", ""0x800423F8"", ""0x8004286C"", ""0x80048880"", ""0x8005E0E0"", ""0x8005E4A8"", ""0x8005EDF8"", ""0x8005F148"", ""0x8005F438""]",[],LIKELY,FUN_80049750,"PSXRecomp high: jr $ra exit, reachable from entry; reachable=True; boundaries are static estimates",,False,True
DUNE.EXE,0x80049900,12,[],[],HYPOTHESIS,FUN_80049900,"PSXRecomp low: no prologue, no jr $ra exit, unreachable from entry; reachable=False; boundaries are static estimates",,False,False
DUNE.EXE,0x80049A6C,52,[],[],HYPOTHESIS,FUN_80049A6C,"PSXRecomp low: no prologue, no jr $ra exit, unreachable from entry; reachable=False; boundaries are static estimates",,False,False
DUNE.EXE,0x80049AA0,16,[],[],HYPOTHESIS,FUN_80049AA0,"PSXRecomp low: no prologue, no jr $ra exit, unreachable from entry; reachable=False; boundaries are static estimates",,False,False
DUNE.EXE,0x80049AB0,80,"[""0x80033534"", ""0x8004286C""]",[],HYPOTHESIS,FUN_80049AB0,PSXRecomp low: reachable but no prologue and no jr $ra exit; reachable=True; boundaries are static estimates,,False,True
DUNE.EXE,0x80049B0C,208,[],[],HYPOTHESIS,FUN_80049B0C,"PSXRecomp low: no prologue, no jr $ra exit, unreachable from entry; reachable=False; boundaries are static estimates",,False,False
DUNE.EXE,0x80049BDC,88,"[""0x8001E628"", ""0x80049CC0""]",[],LIKELY,FUN_80049BDC,"PSXRecomp high: jr $ra exit, reachable from entry; reachable=True; boundaries are static estimates",,False,True
DUNE.EXE,0x80049C34,8,[],[],HYPOTHESIS,FUN_80049C34,"PSXRecomp low: no prologue, no jr $ra exit, unreachable from entry; reachable=False; boundaries are static estimates",,False,False
DUNE.EXE,0x80049C3C,132,[],[],HYPOTHESIS,FUN_80049C3C,"PSXRecomp low: no prologue, no jr $ra exit, unreachable from entry; reachable=False; boundaries are static estimates",,False,False
DUNE.EXE,0x80049CC0,352,"[""0x8001D90C"", ""0x800220F4"", ""0x80034014"", ""0x80043784"", ""0x80049358"", ""0x8005E0E0"", ""0x8005E2BC"", ""0x8005E4A8"", ""0x8005F148"", ""0x8005F438""]","[""0x80049BDC""]",LIKELY,FUN_80049CC0,"PSXRecomp verified: prologue + epilogue + jr $ra, called from reachable code; reachable=True; boundaries are static estimates",,False,True
DUNE.EXE,0x80049E20,132,"[""0x80046148"", ""0x80049EA8""]",[],LIKELY,FUN_80049E20,"PSXRecomp high: jr $ra exit, reachable from entry; reachable=True; boundaries are static estimates",,False,True
DUNE.EXE,0x80049EA4,4,"[""0x80046C24"", ""0x8004A520"", ""0x8004A5E4"", ""0x8004A654"", ""0x8004AB8C"", ""0x8005DEDC""]",[],HYPOTHESIS,FUN_80049EA4,PSXRecomp low: reachable but no prologue and no jr $ra exit; reachable=True; boundaries are static estimates,,False,True
DUNE.EXE,0x80049EA8,68,[],"[""0x80049E20""]",HYPOTHESIS,FUN_80049EA8,"PSXRecomp medium: prologue-shaped, no proven call path; reachable=False; boundaries are static estimates",,False,False
DUNE.EXE,0x80049EEC,116,"[""0x8005E4A8"", ""0x8005EDF8"", ""0x8005F438"", ""0x8006D2F4""]",[],LIKELY,FUN_80049EEC,"PSXRecomp high: jr $ra exit, reachable from entry; reachable=True; boundaries are static estimates",,False,True
DUNE.EXE,0x80049F60,8,[],[],HYPOTHESIS,FUN_80049F60,"PSXRecomp low: no prologue, no jr $ra exit, unreachable from entry; reachable=False; boundaries are static estimates",,False,False
DUNE.EXE,0x80049F68,160,"[""0x8005F438""]",[],HYPOTHESIS,FUN_80049F68,"PSXRecomp low: no prologue, no jr $ra exit, unreachable from entry; reachable=False; boundaries are static estimates",,False,True
DUNE.EXE,0x8004A008,8,[],[],HYPOTHESIS,FUN_8004A008,"PSXRecomp low: no prologue, no jr $ra exit, unreachable from entry; reachable=False; boundaries are static estimates",,False,False
DUNE.EXE,0x8004A010,116,"[""0x8005F438""]",[],HYPOTHESIS,FUN_8004A010,"PSXRecomp low: no prologue, no jr $ra exit, unreachable from entry; reachable=False; boundaries are static estimates",,False,True
DUNE.EXE,0x8004A084,8,[],[],HYPOTHESIS,FUN_8004A084,"PSXRecomp low: no prologue, no jr $ra exit, unreachable from entry; reachable=False; boundaries are static estimates",,False,False
DUNE.EXE,0x8004A08C,172,"[""0x8005E4A8"", ""0x8005F438""]",[],LIKELY,FUN_8004A08C,"PSXRecomp high: jr $ra exit, reachable from entry; reachable=True; boundaries are static estimates",,False,True
DUNE.EXE,0x8004A138,8,[],[],HYPOTHESIS,FUN_8004A138,"PSXRecomp low: no prologue, no jr $ra exit, unreachable from entry; reachable=False; boundaries are static estimates",,False,False
DUNE.EXE,0x8004A140,156,"[""0x8005C05C"", ""0x8005CD30"", ""0x8005D798"", ""0x8005E4A8"", ""0x8005ECF0"", ""0x8005F438"", ""0x8006D2A4""]",[],LIKELY,FUN_8004A140,"PSXRecomp high: jr $ra exit, reachable from entry; reachable=True; boundaries are static estimates",,False,True
DUNE.EXE,0x8004A1DC,8,[],[],HYPOTHESIS,FUN_8004A1DC,"PSXRecomp low: no prologue, no jr $ra exit, unreachable from entry; reachable=False; boundaries are static estimates",,False,False
DUNE.EXE,0x8004A1E4,168,"[""0x8005F438""]",[],HYPOTHESIS,FUN_8004A1E4,"PSXRecomp low: no prologue, no jr $ra exit, unreachable from entry; reachable=False; boundaries are static estimates",,False,True
DUNE.EXE,0x8004A28C,8,[],[],HYPOTHESIS,FUN_8004A28C,"PSXRecomp low: no prologue, no jr $ra exit, unreachable from entry; reachable=False; boundaries are static estimates",,False,False
DUNE.EXE,0x8004A294,152,"[""0x8005E4A8"", ""0x8005F438""]",[],LIKELY,FUN_8004A294,"PSXRecomp high: jr $ra exit, reachable from entry; reachable=True; boundaries are static estimates",,False,True
DUNE.EXE,0x8004A32C,8,[],[],HYPOTHESIS,FUN_8004A32C,"PSXRecomp low: no prologue, no jr $ra exit, unreachable from entry; reachable=False; boundaries are static estimates",,False,False
DUNE.EXE,0x8004A334,152,"[""0x8005F438""]",[],HYPOTHESIS,FUN_8004A334,"PSXRecomp low: no prologue, no jr $ra exit, unreachable from entry; reachable=False; boundaries are static estimates",,False,True
DUNE.EXE,0x8004A3CC,8,[],[],HYPOTHESIS,FUN_8004A3CC,"PSXRecomp low: no prologue, no jr $ra exit, unreachable from entry; reachable=False; boundaries are static estimates",,False,False
DUNE.EXE,0x8004A3D4,148,"[""0x8005E4A8"", ""0x8005F438""]",[],LIKELY,FUN_8004A3D4,"PSXRecomp high: jr $ra exit, reachable from entry; reachable=True; boundaries are static estimates",,False,True
DUNE.EXE,0x8004A468,24,[],[],HYPOTHESIS,FUN_8004A468,"PSXRecomp low: no prologue, no jr $ra exit, unreachable from entry; reachable=False; boundaries are static estimates",,False,False
DUNE.EXE,0x8004A480,152,"[""0x8005EDF8""]",[],LIKELY,FUN_8004A480,"PSXRecomp high: jr $ra exit, reachable from entry; reachable=True; boundaries are static estimates",,False,True
DUNE.EXE,0x8004A518,8,[],[],HYPOTHESIS,FUN_8004A518,"PSXRecomp low: no prologue, no jr $ra exit, unreachable from entry; reachable=False; boundaries are static estimates",,False,False
DUNE.EXE,0x8004A520,196,"[""0x8005E4A8""]","[""0x80049EA4""]",LIKELY,FUN_8004A520,"PSXRecomp verified: prologue + epilogue + jr $ra, called from reachable code; reachable=True; boundaries are static estimates",,False,True
DUNE.EXE,0x8004A5E4,112,"[""0x8005E4A8""]","[""0x800486BC"", ""0x80049EA4""]",LIKELY,FUN_8004A5E4,"PSXRecomp verified: prologue + epilogue + jr $ra, called from reachable code; reachable=True; boundaries are static estimates",,False,True
DUNE.EXE,0x8004A654,556,"[""0x8005E414""]","[""0x80049EA4""]",LIKELY,FUN_8004A654,"PSXRecomp verified: prologue + epilogue + jr $ra, called from reachable code; reachable=True; boundaries are static estimates",,False,True
DUNE.EXE,0x8004A880,352,[],[],HYPOTHESIS,FUN_8004A880,"PSXRecomp low: no prologue, no jr $ra exit, unreachable from entry; reachable=False; boundaries are static estimates",,False,True
DUNE.EXE,0x8004A9E0,8,[],[],HYPOTHESIS,FUN_8004A9E0,"PSXRecomp low: no prologue, no jr $ra exit, unreachable from entry; reachable=False; boundaries are static estimates",,False,False
DUNE.EXE,0x8004A9E8,412,[],[],HYPOTHESIS,FUN_8004A9E8,"PSXRecomp low: no prologue, no jr $ra exit, unreachable from entry; reachable=False; boundaries are static estimates",,False,True
DUNE.EXE,0x8004AB84,8,[],[],HYPOTHESIS,FUN_8004AB84,"PSXRecomp low: no prologue, no jr $ra exit, unreachable from entry; reachable=False; boundaries are static estimates",,False,False
DUNE.EXE,0x8004AB8C,392,[],"[""0x80049EA4""]",HYPOTHESIS,FUN_8004AB8C,"PSXRecomp low: no prologue, no jr $ra exit, unreachable from entry; reachable=False; boundaries are static estimates",,False,True
DUNE.EXE,0x8004AD14,536,"[""0x8003B91C"", ""0x8004B714""]","[""0x800486BC""]",LIKELY,FUN_8004AD14,"PSXRecomp verified: prologue + epilogue + jr $ra, called from reachable code; reachable=True; boundaries are static estimates",,False,True
DUNE.EXE,0x8004AF2C,364,"[""0x80034014"", ""0x8003B91C""]",[],HYPOTHESIS,FUN_8004AF2C,"PSXRecomp low: no prologue, no jr $ra exit, unreachable from entry; reachable=False; boundaries are static estimates",,False,True
DUNE.EXE,0x8004B098,100,"[""0x8001F2D8""]",[],LIKELY,FUN_8004B098,"PSXRecomp high: jr $ra exit, reachable from entry; reachable=True; boundaries are static estimates",,False,True
DUNE.EXE,0x8004B0FC,28,[],[],HYPOTHESIS,FUN_8004B0FC,"PSXRecomp low: no prologue, no jr $ra exit, unreachable from entry; reachable=False; boundaries are static estimates",,False,False
DUNE.EXE,0x8004B118,220,"[""0x80034014"", ""0x80051EC0"", ""0x8005432C""]",[],LIKELY,FUN_8004B118,"PSXRecomp high: jr $ra exit, reachable from entry; reachable=True; boundaries are static estimates",,False,True
DUNE.EXE,0x8004B1F4,72,[],[],HYPOTHESIS,FUN_8004B1F4,"PSXRecomp low: no prologue, no jr $ra exit, unreachable from entry; reachable=False; boundaries are static estimates",,False,False
DUNE.EXE,0x8004B23C,204,[],[],HYPOTHESIS,FUN_8004B23C,"PSXRecomp low: no prologue, no jr $ra exit, unreachable from entry; reachable=False; boundaries are static estimates",,False,True
DUNE.EXE,0x8004B308,24,[],[],HYPOTHESIS,FUN_8004B308,"PSXRecomp low: no prologue, no jr $ra exit, unreachable from entry; reachable=False; boundaries are static estimates",,False,True
DUNE.EXE,0x8004B320,44,[],[],HYPOTHESIS,FUN_8004B320,"PSXRecomp low: no prologue, no jr $ra exit, unreachable from entry; reachable=False; boundaries are static estimates",,False,True
DUNE.EXE,0x8004B34C,32,"[""0x8003F544""]","[""0x800485B4""]",LIKELY,FUN_8004B34C,"PSXRecomp verified: prologue + epilogue + jr $ra, called from reachable code; reachable=True; boundaries are static estimates",,False,True
DUNE.EXE,0x8004B36C,616,"[""0x8003E780"", ""0x8004DE64""]","[""0x8003E30C"", ""0x80063468""]",LIKELY,FUN_8004B36C,"PSXRecomp verified: prologue + epilogue + jr $ra, called from reachable code; reachable=True; boundaries are static estimates",,False,True
DUNE.EXE,0x8004B5D4,320,"[""0x8004DE64""]","[""0x8003DC1C"", ""0x8004580C"", ""0x80063468""]",LIKELY,FUN_8004B5D4,"PSXRecomp verified: prologue + epilogue + jr $ra, called from reachable code; reachable=True; boundaries are static estimates",,False,True
DUNE.EXE,0x8004B714,2344,"[""0x800330B0"", ""0x8003B91C"", ""0x8003BE38"", ""0x8003BF90"", ""0x8003C358"", ""0x8003EA0C"", ""0x800466AC"", ""0x800477D4"", ""0x8004DE64"", ""0x80051EC0"", ""0x8005432C""]","[""0x8002BB88"", ""0x8003B408"", ""0x8003BD30"", ""0x80044A28"", ""0x80044A58"", ""0x8004AD14""]",LIKELY,FUN_8004B714,"PSXRecomp verified: prologue + epilogue + jr $ra, called from reachable code; reachable=True; boundaries are static estimates",,False,True
DUNE.EXE,0x8004C03C,248,"[""0x8004DE64""]","[""0x80063468""]",LIKELY,FUN_8004C03C,"PSXRecomp verified: prologue + epilogue + jr $ra, called from reachable code; reachable=True; boundaries are static estimates",,False,True
DUNE.EXE,0x8004C134,260,"[""0x8004DE64""]","[""0x8003DC78"", ""0x8004580C"", ""0x80063468""]",LIKELY,FUN_8004C134,"PSXRecomp verified: prologue + epilogue + jr $ra, called from reachable code; reachable=True; boundaries are static estimates",,False,True
DUNE.EXE,0x8004C238,624,"[""0x8004C4A8"", ""0x8004DE64"", ""0x80051EC0""]","[""0x800432AC"", ""0x80072F58""]",LIKELY,FUN_8004C238,"PSXRecomp verified: prologue + epilogue + jr $ra, called from reachable code; reachable=True; boundaries are static estimates",,False,True
DUNE.EXE,0x8004C4A8,1964,"[""0x80027820"", ""0x80034014"", ""0x80046C24"", ""0x8004DE64"", ""0x80051EC0""]","[""0x8004276C"", ""0x8004286C"", ""0x800432AC"", ""0x80043648"", ""0x80043784"", ""0x80044360"", ""0x80044A28"", ""0x80044A58"", ""0x80044BA0"", ""0x8004C238""]",LIKELY,FUN_8004C4A8,"PSXRecomp verified: prologue + epilogue + jr $ra, called from reachable code; reachable=True; boundaries are static estimates",,False,True
DUNE.EXE,0x8004CC54,996,"[""0x8002F960"", ""0x8002FDE4"", ""0x80030E54"", ""0x80031450"", ""0x80039884"", ""0x80044008""]","[""0x8002BAD0"", ""0x80044A28"", ""0x80044A58"", ""0x80077C38"", ""0x800785B8"", ""0x80079450""]",LIKELY,FUN_8004CC54,"PSXRecomp verified: prologue + epilogue + jr $ra, called from reachable code; reachable=True; boundaries are static estimates",,False,True
DUNE.EXE,0x8004D038,80,"[""0x8005E4A8"", ""0x8005ECF0"", ""0x8005EDF8""]",[],LIKELY,FUN_8004D038,"PSXRecomp high: jr $ra exit, reachable from entry; reachable=True; boundaries are static estimates",,False,True
DUNE.EXE,0x8004D088,120,[],[],HYPOTHESIS,FUN_8004D088,"PSXRecomp low: no prologue, no jr $ra exit, unreachable from entry; reachable=False; boundaries are static estimates",,False,False
DUNE.EXE,0x8004D100,372,"[""0x8002F960"", ""0x80030E54"", ""0x80033610"", ""0x80034014"", ""0x8003801C"", ""0x80038A08"", ""0x80039884"", ""0x80039C4C"", ""0x8003C358"", ""0x80043D30""]","[""0x80044A28"", ""0x80044A58""]",LIKELY,FUN_8004D100,"PSXRecomp verified: prologue + epilogue + jr $ra, called from reachable code; reachable=True; boundaries are static estimates",,False,True
DUNE.EXE,0x8004D274,304,"[""0x80024840"", ""0x8002A390"", ""0x8004DE64""]","[""0x800486BC"", ""0x80063468""]",LIKELY,FUN_8004D274,"PSXRecomp verified: prologue + epilogue + jr $ra, called from reachable code; reachable=True; boundaries are static estimates",,False,True
DUNE.EXE,0x8004D3A4,64,"[""0x8004DE64""]","[""0x800486BC""]",LIKELY,FUN_8004D3A4,"PSXRecomp verified: prologue + epilogue + jr $ra, called from reachable code; reachable=True; boundaries are static estimates",,False,True
DUNE.EXE,0x8004D3E4,312,"[""0x8004DE64""]","[""0x8004578C"", ""0x80063468""]",LIKELY,FUN_8004D3E4,"PSXRecomp verified: prologue + epilogue + jr $ra, called from reachable code; reachable=True; boundaries are static estimates",,False,True
DUNE.EXE,0x8004D51C,164,"[""0x8004DE64""]","[""0x8004580C""]",LIKELY,FUN_8004D51C,"PSXRecomp verified: prologue + epilogue + jr $ra, called from reachable code; reachable=True; boundaries are static estimates",,False,True
DUNE.EXE,0x8004D5C0,484,"[""0x8004DE64""]","[""0x80048490""]",LIKELY,FUN_8004D5C0,"PSXRecomp verified: prologue + epilogue + jr $ra, called from reachable code; reachable=True; boundaries are static estimates",,False,True
DUNE.EXE,0x8004D7A4,180,"[""0x8004DE64""]","[""0x8004580C""]",LIKELY,FUN_8004D7A4,"PSXRecomp verified: prologue + epilogue + jr $ra, called from reachable code; reachable=True; boundaries are static estimates",,False,True
DUNE.EXE,0x8004D858,312,"[""0x8004DE64""]","[""0x8003E42C"", ""0x800453E0"", ""0x80063468""]",LIKELY,FUN_8004D858,"PSXRecomp verified: prologue + epilogue + jr $ra, called from reachable code; reachable=True; boundaries are static estimates",,False,True
DUNE.EXE,0x8004D990,252,"[""0x8004DE64""]","[""0x8003DC78"", ""0x8004580C"", ""0x80063468""]",LIKELY,FUN_8004D990,"PSXRecomp verified: prologue + epilogue + jr $ra, called from reachable code; reachable=True; boundaries are static estimates",,False,True
DUNE.EXE,0x8004DA8C,496,"[""0x8004DE64""]","[""0x8001E628"", ""0x8001EBB4"", ""0x8002B934"", ""0x8003B408"", ""0x80072F58""]",LIKELY,FUN_8004DA8C,"PSXRecomp verified: prologue + epilogue + jr $ra, called from reachable code; reachable=True; boundaries are static estimates",,False,True
DUNE.EXE,0x8004DC7C,192,"[""0x8004DE64""]","[""0x8003B408""]",LIKELY,FUN_8004DC7C,"PSXRecomp verified: prologue + epilogue + jr $ra, called from reachable code; reachable=True; boundaries are static estimates",,False,True
DUNE.EXE,0x8004DD3C,52,"[""0x8004DE64""]","[""0x8003B718"", ""0x800486BC""]",LIKELY,FUN_8004DD3C,"PSXRecomp verified: prologue + epilogue + jr $ra, called from reachable code; reachable=True; boundaries are static estimates",,False,True
DUNE.EXE,0x8004DD70,196,"[""0x8004DE64""]",[],LIKELY,FUN_8004DD70,"PSXRecomp high: jr $ra exit, reachable from entry; reachable=True; boundaries are static estimates",,False,True
DUNE.EXE,0x8004DE34,48,[],[],HYPOTHESIS,FUN_8004DE34,"PSXRecomp low: no prologue, no jr $ra exit, unreachable from entry; reachable=False; boundaries are static estimates",,False,False
DUNE.EXE,0x8004DE64,5856,"[""0x80054924""]","[""0x8003B408"", ""0x8003B718"", ""0x8003BE38"", ""0x8003BF90"", ""0x8003D030"", ""0x8003DCF4"", ""0x80041248"", ""0x800418D8"", ""0x80046148"", ""0x8004805C"", ""0x80048480"", ""0x800484DC"", ""0x8004B36C"", ""0x8004B5D4"", ""0x8004B714"", ""0x8004C03C"", ""0x8004C134"", ""0x8004C238"", ""0x8004C4A8"", ""0x8004D274"", ""0x8004D3A4"", ""0x8004D3E4"", ""0x8004D51C"", ""0x8004D5C0"", ""0x8004D7A4"", ""0x8004D858"", ""0x8004D990"", ""0x8004DA8C"", ""0x8004DC7C"", ""0x8004DD3C"", ""0x8004DD70"", ""0x800538B4"", ""0x8005A540"", ""0x800639A4"", ""0x80072F58"", ""0x80073A28""]",LIKELY,FUN_8004DE64,"PSXRecomp verified: prologue + epilogue + jr $ra, called from reachable code; reachable=True; boundaries are static estimates",,False,True
DUNE.EXE,0x8004F544,1896,"[""0x80040FB0""]","[""0x80033610"", ""0x8003801C"", ""0x80038A08"", ""0x8003B260"", ""0x8003DC1C"", ""0x8003DC78"", ""0x80044ABC"", ""0x80044BA0"", ""0x8004580C"", ""0x800548EC"", ""0x80073A28""]",LIKELY,FUN_8004F544,"PSXRecomp verified: prologue + epilogue + jr $ra, called from reachable code; reachable=True; boundaries are static estimates",,False,True
DUNE.EXE,0x8004FCAC,256,"[""0x800220F4"", ""0x80023DF4"", ""0x80025504"", ""0x80025D8C"", ""0x80026220"", ""0x80029140"", ""0x8002A814"", ""0x8002AAF0"", ""0x8002AE54"", ""0x8005E4A8"", ""0x8005EDF8""]","[""0x80054B58""]",LIKELY,FUN_8004FCAC,"PSXRecomp verified: prologue + epilogue + jr $ra, called from reachable code; reachable=True; boundaries are static estimates",,False,True
DUNE.EXE,0x8004FDAC,244,"[""0x8005E4A8""]","[""0x80054B58""]",LIKELY,FUN_8004FDAC,"PSXRecomp verified: prologue + epilogue + jr $ra, called from reachable code; reachable=True; boundaries are static estimates",,False,True
DUNE.EXE,0x8004FEA0,284,"[""0x80024220"", ""0x8005E4A8""]","[""0x80054B58""]",LIKELY,FUN_8004FEA0,"PSXRecomp verified: prologue + epilogue + jr $ra, called from reachable code; reachable=True; boundaries are static estimates",,False,True
DUNE.EXE,0x8004FFBC,80,"[""0x8005E0E0""]","[""0x80054B58""]",LIKELY,FUN_8004FFBC,"PSXRecomp verified: prologue + epilogue + jr $ra, called from reachable code; reachable=True; boundaries are static estimates",,False,True
DUNE.EXE,0x8005000C,288,"[""0x800220F4"", ""0x80025D8C"", ""0x80026220"", ""0x80026928"", ""0x8005E4A8"", ""0x8005EDF8""]","[""0x80054B58""]",LIKELY,FUN_8005000C,"PSXRecomp verified: prologue + epilogue + jr $ra, called from reachable code; reachable=True; boundaries are static estimates",,False,True
DUNE.EXE,0x8005012C,336,"[""0x800220F4"", ""0x80025D8C"", ""0x80026220"", ""0x8002AFE4"", ""0x8005E4A8""]","[""0x80054B58""]",LIKELY,FUN_8005012C,"PSXRecomp verified: prologue + epilogue + jr $ra, called from reachable code; reachable=True; boundaries are static estimates",,False,True
DUNE.EXE,0x8005027C,288,"[""0x8005ECF0""]","[""0x80054B58""]",LIKELY,FUN_8005027C,"PSXRecomp verified: prologue + epilogue + jr $ra, called from reachable code; reachable=True; boundaries are static estimates",,False,True
DUNE.EXE,0x8005039C,280,"[""0x80020E00"", ""0x80023F94"", ""0x80025C1C"", ""0x80026080"", ""0x8005C05C"", ""0x8005CD30"", ""0x8005D798"", ""0x8006D2A4""]","[""0x80054B58""]",LIKELY,FUN_8005039C,"PSXRecomp verified: prologue + epilogue + jr $ra, called from reachable code; reachable=True; boundaries are static estimates",,False,True
DUNE.EXE,0x800504B4,236,"[""0x8005C05C"", ""0x8005CD30"", ""0x8005D798""]","[""0x80054B58""]",LIKELY,FUN_800504B4,"PSXRecomp verified: prologue + epilogue + jr $ra, called from reachable code; reachable=True; boundaries are static estimates",,False,True
DUNE.EXE,0x800505A0,256,"[""0x8006D2F4""]","[""0x80054B58""]",HYPOTHESIS,FUN_800505A0,"PSXRecomp medium: prologue-shaped, no proven call path; reachable=False; boundaries are static estimates",,False,True
DUNE.EXE,0x800506A0,316,"[""0x8005C05C"", ""0x8005CD30"", ""0x8005D798""]","[""0x80054B58""]",LIKELY,FUN_800506A0,"PSXRecomp verified: prologue + epilogue + jr $ra, called from reachable code; reachable=True; boundaries are static estimates",,False,True
DUNE.EXE,0x800507DC,384,[],"[""0x80054B58""]",HYPOTHESIS,FUN_800507DC,"PSXRecomp medium: prologue-shaped, no proven call path; reachable=False; boundaries are static estimates",,False,True
DUNE.EXE,0x8005095C,304,"[""0x8005E4A8""]","[""0x80054B58""]",LIKELY,FUN_8005095C,"PSXRecomp verified: prologue + epilogue + jr $ra, called from reachable code; reachable=True; boundaries are static estimates",,False,True
DUNE.EXE,0x80050A8C,304,"[""0x8005E4A8""]","[""0x80054B58""]",LIKELY,FUN_80050A8C,"PSXRecomp verified: prologue + epilogue + jr $ra, called from reachable code; reachable=True; boundaries are static estimates",,False,True
DUNE.EXE,0x80050BBC,236,"[""0x8005E4A8""]","[""0x80054B58""]",LIKELY,FUN_80050BBC,"PSXRecomp verified: prologue + epilogue + jr $ra, called from reachable code; reachable=True; boundaries are static estimates",,False,True
DUNE.EXE,0x80050CA8,72,"[""0x800249D0"", ""0x8002531C"", ""0x8006D3A0"", ""0x8006DD3C""]","[""0x80054B58""]",LIKELY,FUN_80050CA8,"PSXRecomp verified: prologue + epilogue + jr $ra, called from reachable code; reachable=True; boundaries are static estimates",,False,True
DUNE.EXE,0x80050CF0,72,"[""0x80024CA0"", ""0x80025394"", ""0x8006D3A0""]","[""0x80054B58""]",LIKELY,FUN_80050CF0,"PSXRecomp verified: prologue + epilogue + jr $ra, called from reachable code; reachable=True; boundaries are static estimates",,False,True
DUNE.EXE,0x80050D38,88,"[""0x80024CA0"", ""0x8005E384""]","[""0x80054B58""]",LIKELY,FUN_80050D38,"PSXRecomp verified: prologue + epilogue + jr $ra, called from reachable code; reachable=True; boundaries are static estimates",,False,True
DUNE.EXE,0x80050D90,72,"[""0x8001FB98"", ""0x80020804"", ""0x80026700"", ""0x8006D658"", ""0x8006D860"", ""0x8006DA68"", ""0x8006DD3C""]","[""0x80054B58""]",LIKELY,FUN_80050D90,"PSXRecomp verified: prologue + epilogue + jr $ra, called from reachable code; reachable=True; boundaries are static estimates",,False,True
DUNE.EXE,0x80050DD8,72,"[""0x8006D658"", ""0x8006D860"", ""0x8006DA68""]","[""0x80054B58""]",HYPOTHESIS,FUN_80050DD8,"PSXRecomp medium: prologue-shaped, no proven call path; reachable=False; boundaries are static estimates",,False,True
DUNE.EXE,0x80050E20,68,"[""0x8005E0E0""]","[""0x80054B58""]",LIKELY,FUN_80050E20,"PSXRecomp verified: prologue + epilogue + jr $ra, called from reachable code; reachable=True; boundaries are static estimates",,False,True
DUNE.EXE,0x80050E64,104,"[""0x8001F818"", ""0x8005E2BC""]","[""0x80054B58""]",LIKELY,FUN_80050E64,"PSXRecomp verified: prologue + epilogue + jr $ra, called from reachable code; reachable=True; boundaries are static estimates",,False,True
DUNE.EXE,0x80050ECC,140,"[""0x80028D50"", ""0x8006CD10""]","[""0x80054B58""]",LIKELY,FUN_80050ECC,"PSXRecomp verified: prologue + epilogue + jr $ra, called from reachable code; reachable=True; boundaries are static estimates",,False,True
DUNE.EXE,0x80050F58,72,"[""0x8006CD10""]","[""0x80054B58""]",HYPOTHESIS,FUN_80050F58,"PSXRecomp medium: prologue-shaped, no proven call path; reachable=False; boundaries are static estimates",,False,True
DUNE.EXE,0x80050FA0,136,"[""0x80028D50"", ""0x8006CD8C""]","[""0x80054B58""]",LIKELY,FUN_80050FA0,"PSXRecomp verified: prologue + epilogue + jr $ra, called from reachable code; reachable=True; boundaries are static estimates",,False,True
DUNE.EXE,0x80051028,60,[],"[""0x80054B58""]",HYPOTHESIS,FUN_80051028,"PSXRecomp medium: prologue-shaped, no proven call path; reachable=False; boundaries are static estimates",,False,True
DUNE.EXE,0x80051064,72,"[""0x80028C38"", ""0x8006CDE4""]","[""0x80054B58""]",LIKELY,FUN_80051064,"PSXRecomp verified: prologue + epilogue + jr $ra, called from reachable code; reachable=True; boundaries are static estimates",,False,True
DUNE.EXE,0x800510AC,72,"[""0x8006CDE4""]","[""0x80054B58""]",HYPOTHESIS,FUN_800510AC,"PSXRecomp medium: prologue-shaped, no proven call path; reachable=False; boundaries are static estimates",,False,True
DUNE.EXE,0x800510F4,68,"[""0x80020E00"", ""0x80029384"", ""0x8005E4A8""]","[""0x80054B58""]",LIKELY,FUN_800510F4,"PSXRecomp verified: prologue + epilogue + jr $ra, called from reachable code; reachable=True; boundaries are static estimates",,False,True
DUNE.EXE,0x80051138,88,"[""0x800295A0"", ""0x8005DF50"", ""0x8006DC6C""]","[""0x80054B58""]",LIKELY,FUN_80051138,"PSXRecomp verified: prologue + epilogue + jr $ra, called from reachable code; reachable=True; boundaries are static estimates",,False,True
DUNE.EXE,0x80051190,3376,"[""0x8003F544""]","[""0x8005A718"", ""0x8005A738"", ""0x80063D9C"", ""0x8006430C"", ""0x80072F58""]",LIKELY,FUN_80051190,"PSXRecomp verified: prologue + epilogue + jr $ra, called from reachable code; reachable=True; boundaries are static estimates",,False,True
DUNE.EXE,0x80051EC0,3492,"[""0x8003F544""]","[""0x80019638"", ""0x8001D210"", ""0x80043ACC"", ""0x800453E0"", ""0x800454E4"", ""0x8004B118"", ""0x8004B714"", ""0x8004C238"", ""0x8004C4A8"", ""0x80072F58"", ""0x80077C38"", ""0x800786B8"", ""0x80079450""]",LIKELY,FUN_80051EC0,"PSXRecomp verified: prologue + epilogue + jr $ra, called from reachable code; reachable=True; boundaries are static estimates",,False,True
DUNE.EXE,0x80052C64,48,"[""0x8005A970""]",[],LIKELY,FUN_80052C64,"PSXRecomp high: jr $ra exit, reachable from entry; reachable=True; boundaries are static estimates",,False,True
DUNE.EXE,0x80052C94,44,"[""0x8004078C""]","[""0x80063D9C""]",LIKELY,FUN_80052C94,"PSXRecomp verified: prologue + epilogue + jr $ra, called from reachable code; reachable=True; boundaries are static estimates",,False,True
DUNE.EXE,0x80052CC0,44,"[""0x8003F544""]","[""0x80063D9C""]",LIKELY,FUN_80052CC0,"PSXRecomp verified: prologue + epilogue + jr $ra, called from reachable code; reachable=True; boundaries are static estimates",,False,True
DUNE.EXE,0x80052CEC,2432,"[""0x8003F544""]","[""0x8005A718"", ""0x8005A738"", ""0x80063D9C"", ""0x8006430C"", ""0x80073008"", ""0x80073A28""]",LIKELY,FUN_80052CEC,"PSXRecomp verified: prologue + epilogue + jr $ra, called from reachable code; reachable=True; boundaries are static estimates",,False,True
DUNE.EXE,0x8005366C,68,"[""0x8003F544""]","[""0x800536B0""]",LIKELY,FUN_8005366C,"PSXRecomp verified: prologue + epilogue + jr $ra, called from reachable code; reachable=True; boundaries are static estimates",,False,True
DUNE.EXE,0x800536B0,384,"[""0x8003F544"", ""0x8005366C"", ""0x800539CC""]",[],LIKELY,FUN_800536B0,"PSXRecomp high: jr $ra exit, reachable from entry; reachable=True; boundaries are static estimates",,False,True
DUNE.EXE,0x80053830,132,[],[],HYPOTHESIS,FUN_80053830,"PSXRecomp low: no prologue, no jr $ra exit, unreachable from entry; reachable=False; boundaries are static estimates",,False,False
DUNE.EXE,0x800538B4,280,"[""0x8004DE64""]",[],LIKELY,FUN_800538B4,"PSXRecomp high: jr $ra exit, reachable from entry; reachable=True; boundaries are static estimates",,False,True
DUNE.EXE,0x800539CC,2400,"[""0x8003F544""]","[""0x800536B0"", ""0x8005432C"", ""0x800777D8"", ""0x80077844"", ""0x80077A70"", ""0x80078948""]",LIKELY,FUN_800539CC,"PSXRecomp high: jr $ra exit, reachable from entry; reachable=True; boundaries are static estimates",,False,True
DUNE.EXE,0x8005432C,1208,"[""0x800539CC""]","[""0x800484DC"", ""0x8004B118"", ""0x8004B714"", ""0x8005A540"", ""0x80064670""]",LIKELY,FUN_8005432C,"PSXRecomp verified: prologue + epilogue + jr $ra, called from reachable code; reachable=True; boundaries are static estimates",,False,True
DUNE.EXE,0x800547E4,264,"[""0x8003F544""]","[""0x8003D230""]",LIKELY,FUN_800547E4,"PSXRecomp verified: prologue + epilogue + jr $ra, called from reachable code; reachable=True; boundaries are static estimates",,False,True
DUNE.EXE,0x800548EC,8,"[""0x8004F544""]",[],LIKELY,FUN_800548EC,"PSXRecomp high: jr $ra exit, reachable from entry; reachable=True; boundaries are static estimates",,False,True
DUNE.EXE,0x800548F4,8,"[""0x8003F544""]",[],LIKELY,FUN_800548F4,"PSXRecomp high: jr $ra exit, reachable from entry; reachable=True; boundaries are static estimates",,False,True
DUNE.EXE,0x800548FC,8,"[""0x8003F544""]",[],LIKELY,FUN_800548FC,"PSXRecomp high: jr $ra exit, reachable from entry; reachable=True; boundaries are static estimates",,False,True
DUNE.EXE,0x80054904,8,"[""0x8003F544""]",[],LIKELY,FUN_80054904,"PSXRecomp high: jr $ra exit, reachable from entry; reachable=True; boundaries are static estimates",,False,True
DUNE.EXE,0x8005490C,8,"[""0x8003F544""]",[],LIKELY,FUN_8005490C,"PSXRecomp high: jr $ra exit, reachable from entry; reachable=True; boundaries are static estimates",,False,True
DUNE.EXE,0x80054914,8,"[""0x80054A80""]",[],LIKELY,FUN_80054914,"PSXRecomp high: jr $ra exit, reachable from entry; reachable=True; boundaries are static estimates",,False,True
DUNE.EXE,0x8005491C,8,"[""0x80054924"", ""0x80054A80""]",[],LIKELY,FUN_8005491C,"PSXRecomp high: jr $ra exit, reachable from entry; reachable=True; boundaries are static estimates",,False,True
DUNE.EXE,0x80054924,348,"[""0x80054A80""]","[""0x8004DE64"", ""0x8005491C"", ""0x8005A718""]",LIKELY,FUN_80054924,"PSXRecomp verified: prologue + epilogue + jr $ra, called from reachable code; reachable=True; boundaries are static estimates",,False,True
DUNE.EXE,0x80054A80,216,"[""0x80040FB0""]","[""0x80054914"", ""0x8005491C"", ""0x80054924""]",LIKELY,FUN_80054A80,"PSXRecomp verified: prologue + epilogue + jr $ra, called from reachable code; reachable=True; boundaries are static estimates",,False,True
DUNE.EXE,0x80054B58,4,"[""0x8004FCAC"", ""0x8004FDAC"", ""0x8004FEA0"", ""0x8004FFBC"", ""0x8005000C"", ""0x8005012C"", ""0x8005027C"", ""0x8005039C"", ""0x800504B4"", ""0x800505A0"", ""0x800506A0"", ""0x800507DC"", ""0x8005095C"", ""0x80050A8C"", ""0x80050BBC"", ""0x80050CA8"", ""0x80050CF0"", ""0x80050D38"", ""0x80050D90"", ""0x80050DD8"", ""0x80050E20"", ""0x80050E64"", ""0x80050ECC"", ""0x80050F58"", ""0x80050FA0"", ""0x80051028"", ""0x80051064"", ""0x800510AC"", ""0x800510F4"", ""0x80051138""]",[],HYPOTHESIS,FUN_80054B58,PSXRecomp low: reachable but no prologue and no jr $ra exit; reachable=True; boundaries are static estimates,,False,True
DUNE.EXE,0x80054B5C,288,[],"[""0x80054C8C"", ""0x80072074""]",HYPOTHESIS,FUN_80054B5C,"PSXRecomp low: no prologue, no jr $ra exit, unreachable from entry; reachable=False; boundaries are static estimates",,False,False
DUNE.EXE,0x80054C7C,8,"[""0x80054C8C""]",[],HYPOTHESIS,FUN_80054C7C,"PSXRecomp low: no prologue, no jr $ra exit, unreachable from entry; reachable=False; boundaries are static estimates",,False,True
DUNE.EXE,0x80054C84,8,"[""0x80054C8C""]",[],HYPOTHESIS,FUN_80054C84,"PSXRecomp low: no prologue, no jr $ra exit, unreachable from entry; reachable=False; boundaries are static estimates",,False,True
DUNE.EXE,0x80054C8C,704,"[""0x80054B5C""]","[""0x80054C7C"", ""0x80054C84"", ""0x8005A6B0""]",HYPOTHESIS,FUN_80054C8C,"PSXRecomp low: no prologue, no jr $ra exit, unreachable from entry; reachable=False; boundaries are static estimates",,False,True
DUNE.EXE,0x80054F4C,4,"[""0x8003F544""]",[],HYPOTHESIS,FUN_80054F4C,PSXRecomp low: reachable but no prologue and no jr $ra exit; reachable=True; boundaries are static estimates,,False,True
DUNE.EXE,0x80054F50,120,[],"[""0x800796B0""]",HYPOTHESIS,FUN_80054F50,"PSXRecomp medium: prologue-shaped, no proven call path; reachable=False; boundaries are static estimates",,False,False
DUNE.EXE,0x80054FC8,144,[],"[""0x8005A718""]",HYPOTHESIS,FUN_80054FC8,"PSXRecomp medium: prologue-shaped, no proven call path; reachable=False; boundaries are static estimates",,False,True
DUNE.EXE,0x80055058,188,"[""0x80027AEC"", ""0x80027E70"", ""0x80059B1C"", ""0x80059F54""]",[],LIKELY,FUN_80055058,"PSXRecomp high: jr $ra exit, reachable from entry; reachable=True; boundaries are static estimates",,False,True
DUNE.EXE,0x80055114,96,[],"[""0x80073098""]",HYPOTHESIS,FUN_80055114,"PSXRecomp medium: prologue-shaped, no proven call path; reachable=False; boundaries are static estimates",,False,True
DUNE.EXE,0x80055174,332,"[""0x80055360""]","[""0x80069DA0""]",LIKELY,FUN_80055174,"PSXRecomp high: jr $ra exit, reachable from entry; reachable=True; boundaries are static estimates",,False,True
DUNE.EXE,0x800552C0,160,"[""0x8004078C""]","[""0x8001D1F8"", ""0x800608FC"", ""0x8007086C"", ""0x80070A24"", ""0x8007170C"", ""0x8007B21C"", ""0x8007B5A0"", ""0x8007BB10"", ""0x8007BB90""]",LIKELY,FUN_800552C0,"PSXRecomp verified: prologue + epilogue + jr $ra, called from reachable code; reachable=True; boundaries are static estimates",,False,True
DUNE.EXE,0x80055360,1972,"[""0x8003F544""]","[""0x8001B060"", ""0x8001D1F8"", ""0x80055174"", ""0x8005A468"", ""0x8005A738"", ""0x8005B31C"", ""0x8005F148"", ""0x8005F434"", ""0x80060C2C"", ""0x80062ED0"", ""0x800646C4"", ""0x80064B6C"", ""0x800677AC"", ""0x80068078"", ""0x80068EA8"", ""0x8006927C"", ""0x8006A038"", ""0x8006A0D4"", ""0x8006A2F8"", ""0x8006A940"", ""0x8006BAEC"", ""0x8006BFFC"", ""0x8006EC14"", ""0x80073A28"", ""0x8007AE70"", ""0x8007B15C"", ""0x8007BF20""]",HYPOTHESIS,FUN_80055360,"PSXRecomp medium: prologue-shaped, no proven call path; reachable=True; boundaries are static estimates",,True,True
DUNE.EXE,0x80055B14,192,[],"[""0x80060270""]",HYPOTHESIS,FUN_80055B14,"PSXRecomp low: no prologue, no jr $ra exit, unreachable from entry; reachable=False; boundaries are static estimates",,False,False
DUNE.EXE,0x80059B1C,1080,"[""0x8006EE28""]","[""0x80055058"", ""0x800672BC""]",LIKELY,FUN_80059B1C,"PSXRecomp verified: prologue + epilogue + jr $ra, called from reachable code; reachable=True; boundaries are static estimates",,False,True
DUNE.EXE,0x80059F54,1276,"[""0x8006EE28""]","[""0x80055058"", ""0x800672BC""]",LIKELY,FUN_80059F54,"PSXRecomp verified: prologue + epilogue + jr $ra, called from reachable code; reachable=True; boundaries are static estimates",,False,True
DUNE.EXE,0x8005A450,24,"[""0x8003F544""]",[],LIKELY,FUN_8005A450,"PSXRecomp high: jr $ra exit, reachable from entry; reachable=True; boundaries are static estimates",,False,True
DUNE.EXE,0x8005A468,216,"[""0x80055360""]","[""0x8005A648"", ""0x80064A14""]",LIKELY,FUN_8005A468,"PSXRecomp verified: prologue + epilogue + jr $ra, called from reachable code; reachable=True; boundaries are static estimates",,False,True
DUNE.EXE,0x8005A540,264,"[""0x8003EA0C"", ""0x8004DE64"", ""0x8005432C"", ""0x8006F068""]","[""0x800196C8"", ""0x80063AD0"", ""0x80073058""]",LIKELY,FUN_8005A540,"PSXRecomp verified: prologue + epilogue + jr $ra, called from reachable code; reachable=True; boundaries are static estimates",,False,True
DUNE.EXE,0x8005A648,80,"[""0x8005A468""]",[],LIKELY,FUN_8005A648,"PSXRecomp high: jr $ra exit, reachable from entry; reachable=True; boundaries are static estimates",,False,True
DUNE.EXE,0x8005A698,24,[],[],LIKELY,FUN_8005A698,"PSXRecomp high: jr $ra exit, reachable from entry; reachable=True; boundaries are static estimates",,False,True
DUNE.EXE,0x8005A6B0,104,"[""0x80054C8C"", ""0x80072180""]","[""0x8006FAD8"", ""0x80073098"", ""0x800796B0""]",LIKELY,FUN_8005A6B0,"PSXRecomp verified: prologue + epilogue + jr $ra, called from reachable code; reachable=True; boundaries are static estimates",,False,True
DUNE.EXE,0x8005A718,32,"[""0x80041974"", ""0x80051190"", ""0x80052CEC"", ""0x80054924"", ""0x80054FC8"", ""0x8007199C""]","[""0x800798D0""]",LIKELY,FUN_8005A718,"PSXRecomp verified: prologue + epilogue + jr $ra, called from reachable code; reachable=True; boundaries are static estimates",,False,True
DUNE.EXE,0x8005A738,104,"[""0x80041974"", ""0x80051190"", ""0x80052CEC"", ""0x80055360"", ""0x800636EC"", ""0x800643D0"", ""0x8006786C"", ""0x8006A704"", ""0x8006FADC""]","[""0x8006FAD8"", ""0x80073098"", ""0x800796B0""]",LIKELY,FUN_8005A738,"PSXRecomp verified: prologue + epilogue + jr $ra, called from reachable code; reachable=True; boundaries are static estimates",,False,True
DUNE.EXE,0x8005A7A0,32,"[""0x800636EC"", ""0x80063970"", ""0x800643D0"", ""0x8006786C"", ""0x80068024"", ""0x8006A704"", ""0x8006FC50""]","[""0x800798D0""]",LIKELY,FUN_8005A7A0,"PSXRecomp verified: prologue + epilogue + jr $ra, called from reachable code; reachable=True; boundaries are static estimates",,False,True
DUNE.EXE,0x8005A7C0,104,[],"[""0x8006FAD8"", ""0x80073098"", ""0x800796B0""]",HYPOTHESIS,FUN_8005A7C0,"PSXRecomp medium: prologue-shaped, no proven call path; reachable=False; boundaries are static estimates",,False,True
DUNE.EXE,0x8005A828,32,[],"[""0x800798D0""]",HYPOTHESIS,FUN_8005A828,"PSXRecomp medium: prologue-shaped, no proven call path; reachable=False; boundaries are static estimates",,False,True
DUNE.EXE,0x8005A848,64,[],"[""0x80073098"", ""0x80079910""]",HYPOTHESIS,FUN_8005A848,"PSXRecomp medium: prologue-shaped, no proven call path; reachable=False; boundaries are static estimates",,False,True
DUNE.EXE,0x8005A888,232,[],"[""0x8004078C"", ""0x8005A9E0"", ""0x80079660""]",CONFIRMED,FUN_8005A888,"PSXRecomp high: jr $ra exit, reachable from entry; reachable=True; boundaries are static estimates",,False,True
DUNE.EXE,0x8005A970,112,"[""0x8004078C""]","[""0x80052C64""]",LIKELY,FUN_8005A970,"PSXRecomp high: jr $ra exit, reachable from entry; reachable=True; boundaries are static estimates",,False,True
DUNE.EXE,0x8005A9E0,104,"[""0x8005A888""]",[],LIKELY,FUN_8005A9E0,"PSXRecomp high: jr $ra exit, reachable from entry; reachable=True; boundaries are static estimates",,False,True
DUNE.EXE,0x8005AA48,36,[],[],HYPOTHESIS,FUN_8005AA48,"PSXRecomp low: no prologue, no jr $ra exit, unreachable from entry; reachable=False; boundaries are static estimates",,False,True
DUNE.EXE,0x8005AA6C,16,[],[],HYPOTHESIS,FUN_8005AA6C,"PSXRecomp low: no prologue, no jr $ra exit, unreachable from entry; reachable=False; boundaries are static estimates",,False,False
DUNE.EXE,0x8005AA7C,36,[],[],HYPOTHESIS,FUN_8005AA7C,"PSXRecomp low: no prologue, no jr $ra exit, unreachable from entry; reachable=False; boundaries are static estimates",,False,False
DUNE.EXE,0x8005AAA0,120,"[""0x8004078C""]",[],LIKELY,FUN_8005AAA0,"PSXRecomp high: jr $ra exit, reachable from entry; reachable=True; boundaries are static estimates",,False,True
DUNE.EXE,0x8005AB18,204,"[""0x8006786C""]",[],LIKELY,FUN_8005AB18,"PSXRecomp high: jr $ra exit, reachable from entry; reachable=True; boundaries are static estimates",,False,True
DUNE.EXE,0x8005ABE4,60,[],"[""0x80019638""]",HYPOTHESIS,FUN_8005ABE4,"PSXRecomp medium: prologue-shaped, no proven call path; reachable=False; boundaries are static estimates",,False,True
DUNE.EXE,0x8005AC20,368,"[""0x8004078C""]","[""0x80019638"", ""0x8005ADCC"", ""0x8006F1F4"", ""0x8006F25C"", ""0x8006F28C"", ""0x8006F2D0"", ""0x80079650"", ""0x80079B60"", ""0x80083030"", ""0x800830BC"", ""0x80083434"", ""0x8008347C"", ""0x800854D0""]",LIKELY,FUN_8005AC20,"PSXRecomp verified: prologue + epilogue + jr $ra, called from reachable code; reachable=True; boundaries are static estimates",,False,True
DUNE.EXE,0x8005AD90,48,[],[],HYPOTHESIS,FUN_8005AD90,"PSXRecomp low: no prologue, no jr $ra exit, unreachable from entry; reachable=False; boundaries are static estimates",,False,True
DUNE.EXE,0x8005ADC0,12,[],[],HYPOTHESIS,FUN_8005ADC0,"PSXRecomp low: no prologue, no jr $ra exit, unreachable from entry; reachable=False; boundaries are static estimates",,False,False
DUNE.EXE,0x8005ADCC,444,"[""0x8005AC20""]","[""0x80069DA0"", ""0x800830BC"", ""0x80083188"", ""0x800833FC""]",LIKELY,FUN_8005ADCC,"PSXRecomp verified: prologue + epilogue + jr $ra, called from reachable code; reachable=True; boundaries are static estimates",,False,True
DUNE.EXE,0x8005AF88,268,"[""0x8005B098"", ""0x8005B114"", ""0x8005B208"", ""0x800643D0"", ""0x8006FADC""]","[""0x80069DA0"", ""0x80083188""]",LIKELY,FUN_8005AF88,"PSXRecomp verified: prologue + epilogue + jr $ra, called from reachable code; reachable=True; boundaries are static estimates",,False,True
DUNE.EXE,0x8005B098,124,[],"[""0x8005AF88""]",HYPOTHESIS,FUN_8005B098,"PSXRecomp medium: prologue-shaped, no proven call path; reachable=False; boundaries are static estimates",,False,False
DUNE.EXE,0x8005B114,244,[],"[""0x8005AF88"", ""0x80069DA0"", ""0x8006F33C"", ""0x80083188""]",LIKELY,FUN_8005B114,"PSXRecomp high: jr $ra exit, reachable from entry; reachable=True; boundaries are static estimates",,False,True
DUNE.EXE,0x8005B208,276,[],"[""0x8005AF88"", ""0x80069DA0"", ""0x80083188""]",LIKELY,FUN_8005B208,"PSXRecomp high: jr $ra exit, reachable from entry; reachable=True; boundaries are static estimates",,False,True
DUNE.EXE,0x8005B31C,604,"[""0x80055360""]","[""0x8007AE70"", ""0x8007BF20"", ""0x8007BF30""]",LIKELY,FUN_8005B31C,"PSXRecomp verified: prologue + epilogue + jr $ra, called from reachable code; reachable=True; boundaries are static estimates",,False,True
DUNE.EXE,0x8005B578,380,[],[],LIKELY,FUN_8005B578,"PSXRecomp high: jr $ra exit, reachable from entry; reachable=True; boundaries are static estimates",,False,True
DUNE.EXE,0x8005B6F4,432,[],[],LIKELY,FUN_8005B6F4,"PSXRecomp high: jr $ra exit, reachable from entry; reachable=True; boundaries are static estimates",,False,True
DUNE.EXE,0x8005B8A4,1064,[],[],LIKELY,FUN_8005B8A4,"PSXRecomp high: jr $ra exit, reachable from entry; reachable=True; boundaries are static estimates",,False,True
DUNE.EXE,0x8005BCD0,368,[],"[""0x80063AD0""]",HYPOTHESIS,FUN_8005BCD0,"PSXRecomp medium: prologue-shaped, no proven call path; reachable=False; boundaries are static estimates",,False,False
DUNE.EXE,0x8005BE40,540,[],"[""0x8005FF04"", ""0x80063AD0"", ""0x80069DA0"", ""0x8006DEAC"", ""0x8006DF90""]",HYPOTHESIS,FUN_8005BE40,"PSXRecomp medium: prologue-shaped, no proven call path; reachable=False; boundaries are static estimates",,False,True
DUNE.EXE,0x8005C05C,1400,[],"[""0x8004A140"", ""0x8005039C"", ""0x800504B4"", ""0x800506A0"", ""0x8005DE58"", ""0x8005DEDC"", ""0x8005DF20"", ""0x8005DF50"", ""0x8005ECF0"", ""0x8005EDF8"", ""0x800600D4"", ""0x80063AD0"", ""0x80069DA0"", ""0x8006D0BC"", ""0x8006DE38""]",LIKELY,FUN_8005C05C,"PSXRecomp high: jr $ra exit, reachable from entry; reachable=True; boundaries are static estimates",,False,True
DUNE.EXE,0x8005C5D4,228,[],"[""0x80063AD0""]",HYPOTHESIS,FUN_8005C5D4,"PSXRecomp low: no prologue, no jr $ra exit, unreachable from entry; reachable=False; boundaries are static estimates",,False,True
DUNE.EXE,0x8005C6C4,208,[],"[""0x80063AD0"", ""0x80069E7C"", ""0x80069F2C""]",HYPOTHESIS,FUN_8005C6C4,"PSXRecomp medium: prologue-shaped, no proven call path; reachable=False; boundaries are static estimates",,False,False
DUNE.EXE,0x8005C794,864,[],"[""0x80063AD0""]",LIKELY,FUN_8005C794,"PSXRecomp high: jr $ra exit, reachable from entry; reachable=True; boundaries are static estimates",,False,True
DUNE.EXE,0x8005CAF4,572,[],"[""0x8005FF04"", ""0x80063AD0"", ""0x80069DA0"", ""0x8006DEAC"", ""0x8006DF90"", ""0x8006EC04"", ""0x8006F004""]",LIKELY,FUN_8005CAF4,"PSXRecomp high: jr $ra exit, reachable from entry; reachable=True; boundaries are static estimates",,False,True
DUNE.EXE,0x8005CD30,1524,[],"[""0x8004A140"", ""0x8005039C"", ""0x800504B4"", ""0x800506A0"", ""0x8005DE58"", ""0x8005DEDC"", ""0x8005DF20"", ""0x8005DF50"", ""0x8005ECF0"", ""0x8005EDF8"", ""0x800600D4"", ""0x80063AD0"", ""0x80069DA0"", ""0x8006D0BC"", ""0x8006DE38"", ""0x8006EC04"", ""0x8006F004""]",LIKELY,FUN_8005CD30,"PSXRecomp high: jr $ra exit, reachable from entry; reachable=True; boundaries are static estimates",,False,True
DUNE.EXE,0x8005D324,288,[],"[""0x80063AD0""]",LIKELY,FUN_8005D324,"PSXRecomp high: jr $ra exit, reachable from entry; reachable=True; boundaries are static estimates",,False,True
DUNE.EXE,0x8005D444,244,[],"[""0x80063AD0"", ""0x80069E7C"", ""0x80069F2C""]",LIKELY,FUN_8005D444,"PSXRecomp high: jr $ra exit, reachable from entry; reachable=True; boundaries are static estimates",,False,True
DUNE.EXE,0x8005D538,608,[],"[""0x8005FF04"", ""0x80063AD0"", ""0x80069DA0""]",LIKELY,FUN_8005D538,"PSXRecomp high: jr $ra exit, reachable from entry; reachable=True; boundaries are static estimates",,False,True
DUNE.EXE,0x8005D798,512,[],"[""0x8004A140"", ""0x8005039C"", ""0x800504B4"", ""0x800506A0"", ""0x8005DE58"", ""0x8005DEDC"", ""0x8005DF20"", ""0x8005DF50"", ""0x8005ECF0"", ""0x8005EDF8"", ""0x80063AD0"", ""0x80069DA0""]",LIKELY,FUN_8005D798,"PSXRecomp high: jr $ra exit, reachable from entry; reachable=True; boundaries are static estimates",,False,True
DUNE.EXE,0x8005D998,284,[],[],LIKELY,FUN_8005D998,"PSXRecomp high: jr $ra exit, reachable from entry; reachable=True; boundaries are static estimates",,False,True
DUNE.EXE,0x8005DACC,260,[],"[""0x80063AD0"", ""0x80069E7C"", ""0x80069F2C""]",HYPOTHESIS,FUN_8005DACC,"PSXRecomp medium: prologue-shaped, no proven call path; reachable=False; boundaries are static estimates",,False,False
DUNE.EXE,0x8005DBD0,108,"[""0x80069F74""]",[],HYPOTHESIS,FUN_8005DBD0,"PSXRecomp low: no prologue, no jr $ra exit, unreachable from entry; reachable=False; boundaries are static estimates",,False,True
DUNE.EXE,0x8005DC3C,156,"[""0x80069F74""]",[],HYPOTHESIS,FUN_8005DC3C,"PSXRecomp low: no prologue, no jr $ra exit, unreachable from entry; reachable=False; boundaries are static estimates",,False,True
DUNE.EXE,0x8005DCD8,384,"[""0x80069F74""]",[],HYPOTHESIS,FUN_8005DCD8,"PSXRecomp low: no prologue, no jr $ra exit, unreachable from entry; reachable=False; boundaries are static estimates",,False,True
DUNE.EXE,0x8005DE58,132,"[""0x8005C05C"", ""0x8005CD30"", ""0x8005D798""]",[],LIKELY,FUN_8005DE58,"PSXRecomp high: jr $ra exit, reachable from entry; reachable=True; boundaries are static estimates",,False,True
DUNE.EXE,0x8005DEDC,68,"[""0x8005C05C"", ""0x8005CD30"", ""0x8005D798""]","[""0x80049EA4""]",LIKELY,FUN_8005DEDC,"PSXRecomp verified: prologue + epilogue + jr $ra, called from reachable code; reachable=True; boundaries are static estimates",,False,True
DUNE.EXE,0x8005DF20,48,"[""0x8005C05C"", ""0x8005CD30"", ""0x8005D798""]",[],LIKELY,FUN_8005DF20,"PSXRecomp high: jr $ra exit, reachable from entry; reachable=True; boundaries are static estimates",,False,True
DUNE.EXE,0x8005DF50,400,"[""0x8005C05C"", ""0x8005CD30"", ""0x8005D798""]","[""0x80051138"", ""0x8005E0E0"", ""0x8005E2BC"", ""0x8005E384"", ""0x8005E414"", ""0x8005E4A8"", ""0x8006EF50""]",LIKELY,FUN_8005DF50,"PSXRecomp verified: prologue + epilogue + jr $ra, called from reachable code; reachable=True; boundaries are static estimates",,False,True
DUNE.EXE,0x8005E0E0,476,"[""0x8005DF50""]","[""0x8003D77C"", ""0x80049750"", ""0x80049CC0"", ""0x8004FFBC"", ""0x80050E20""]",LIKELY,FUN_8005E0E0,"PSXRecomp verified: prologue + epilogue + jr $ra, called from reachable code; reachable=True; boundaries are static estimates",,False,True
DUNE.EXE,0x8005E2BC,200,"[""0x8005DF50""]","[""0x80049CC0"", ""0x80050E64""]",LIKELY,FUN_8005E2BC,"PSXRecomp verified: prologue + epilogue + jr $ra, called from reachable code; reachable=True; boundaries are static estimates",,False,True
DUNE.EXE,0x8005E384,144,"[""0x8005DF50""]","[""0x80050D38"", ""0x8006EEF0""]",LIKELY,FUN_8005E384,"PSXRecomp high: jr $ra exit, reachable from entry; reachable=True; boundaries are static estimates",,False,True
DUNE.EXE,0x8005E414,148,"[""0x8005DF50""]","[""0x8003CC54"", ""0x8004A654""]",LIKELY,FUN_8005E414,"PSXRecomp verified: prologue + epilogue + jr $ra, called from reachable code; reachable=True; boundaries are static estimates",,False,True
DUNE.EXE,0x8005E4A8,2120,"[""0x8005DF50""]","[""0x800328D8"", ""0x80032D70"", ""0x8003CC54"", ""0x8003CDB8"", ""0x8003CDC4"", ""0x8003E510"", ""0x8003E5EC"", ""0x80049750"", ""0x80049CC0"", ""0x80049EEC"", ""0x8004A08C"", ""0x8004A140"", ""0x8004A294"", ""0x8004A3D4"", ""0x8004A520"", ""0x8004A5E4"", ""0x8004D038"", ""0x8004FCAC"", ""0x8004FDAC"", ""0x8004FEA0"", ""0x8005000C"", ""0x8005012C"", ""0x8005095C"", ""0x80050A8C"", ""0x80050BBC"", ""0x800510F4"", ""0x80063468""]",LIKELY,FUN_8005E4A8,"PSXRecomp verified: prologue + epilogue + jr $ra, called from reachable code; reachable=True; boundaries are static estimates",,False,True
DUNE.EXE,0x8005ECF0,264,"[""0x8005C05C"", ""0x8005CD30"", ""0x8005D798""]","[""0x8003CC54"", ""0x8004A140"", ""0x8004D038"", ""0x8005027C""]",LIKELY,FUN_8005ECF0,"PSXRecomp verified: prologue + epilogue + jr $ra, called from reachable code; reachable=True; boundaries are static estimates",,False,True
DUNE.EXE,0x8005EDF8,652,"[""0x8005C05C"", ""0x8005CD30"", ""0x8005D798""]","[""0x8003CC54"", ""0x80049750"", ""0x80049EEC"", ""0x8004A480"", ""0x8004D038"", ""0x8004FCAC"", ""0x8005000C""]",LIKELY,FUN_8005EDF8,"PSXRecomp verified: prologue + epilogue + jr $ra, called from reachable code; reachable=True; boundaries are static estimates",,False,True
DUNE.EXE,0x8005F084,140,"[""0x8003F544"", ""0x8005FF04"", ""0x800600D4"", ""0x8006CF94""]",[],LIKELY,FUN_8005F084,"PSXRecomp high: jr $ra exit, reachable from entry; reachable=True; boundaries are static estimates",,False,True
DUNE.EXE,0x8005F110,44,[],[],HYPOTHESIS,FUN_8005F110,"PSXRecomp low: no prologue, no jr $ra exit, unreachable from entry; reachable=False; boundaries are static estimates",,False,False
DUNE.EXE,0x8005F13C,12,"[""0x8005F438""]",[],HYPOTHESIS,FUN_8005F13C,"PSXRecomp low: no prologue, no jr $ra exit, unreachable from entry; reachable=False; boundaries are static estimates",,False,True
DUNE.EXE,0x8005F148,748,"[""0x80055360""]","[""0x80049750"", ""0x80049CC0"", ""0x800646C4""]",LIKELY,FUN_8005F148,"PSXRecomp verified: prologue + epilogue + jr $ra, called from reachable code; reachable=True; boundaries are static estimates",,False,True
DUNE.EXE,0x8005F434,4,"[""0x80055360""]",[],HYPOTHESIS,FUN_8005F434,PSXRecomp low: reachable but no prologue and no jr $ra exit; reachable=True; boundaries are static estimates,,False,True
DUNE.EXE,0x8005F438,2764,[],"[""0x800328D8"", ""0x80032D70"", ""0x8003D77C"", ""0x8003E510"", ""0x8003E5EC"", ""0x80049750"", ""0x80049CC0"", ""0x80049EEC"", ""0x80049F68"", ""0x8004A010"", ""0x8004A08C"", ""0x8004A140"", ""0x8004A1E4"", ""0x8004A294"", ""0x8004A334"", ""0x8004A3D4"", ""0x8005F13C""]",HYPOTHESIS,FUN_8005F438,"PSXRecomp medium: prologue-shaped, no proven call path; reachable=False; boundaries are static estimates",,False,False
DUNE.EXE,0x8005FF04,464,"[""0x8005BE40"", ""0x8005CAF4"", ""0x8005D538""]","[""0x80045D2C"", ""0x80046148"", ""0x8005F084""]",LIKELY,FUN_8005FF04,"PSXRecomp verified: prologue + epilogue + jr $ra, called from reachable code; reachable=True; boundaries are static estimates",,False,True
DUNE.EXE,0x800600D4,412,"[""0x8005C05C"", ""0x8005CD30""]","[""0x80045D2C"", ""0x80046148"", ""0x8005F084"", ""0x8006D0BC""]",LIKELY,FUN_800600D4,"PSXRecomp verified: prologue + epilogue + jr $ra, called from reachable code; reachable=True; boundaries are static estimates",,False,True
DUNE.EXE,0x80060270,248,"[""0x80055B14""]","[""0x8001B060"", ""0x8001D1F8"", ""0x80062498"", ""0x8007B15C"", ""0x8007CF50"", ""0x8007D0F0"", ""0x8007D290""]",HYPOTHESIS,FUN_80060270,"PSXRecomp medium: prologue-shaped, no proven call path; reachable=False; boundaries are static estimates",,False,True
DUNE.EXE,0x80060368,248,[],"[""0x8001B060"", ""0x8001D1F8"", ""0x80062794"", ""0x8007B15C"", ""0x8007CF50"", ""0x8007D0F0"", ""0x8007D290""]",HYPOTHESIS,FUN_80060368,"PSXRecomp medium: prologue-shaped, no proven call path; reachable=False; boundaries are static estimates",,False,True
DUNE.EXE,0x80060460,248,[],"[""0x8001B060"", ""0x8001D1F8"", ""0x80062498"", ""0x8007B15C"", ""0x8007CF50"", ""0x8007D0F0"", ""0x8007D290""]",HYPOTHESIS,FUN_80060460,"PSXRecomp medium: prologue-shaped, no proven call path; reachable=False; boundaries are static estimates",,False,True
DUNE.EXE,0x80060558,248,[],"[""0x8001B060"", ""0x8001D1F8"", ""0x80062794"", ""0x8007B15C"", ""0x8007CF50"", ""0x8007D0F0"", ""0x8007D290""]",HYPOTHESIS,FUN_80060558,"PSXRecomp medium: prologue-shaped, no proven call path; reachable=False; boundaries are static estimates",,False,True
DUNE.EXE,0x80060650,248,[],"[""0x8001B060"", ""0x8001D1F8"", ""0x80062498"", ""0x8007B15C"", ""0x8007CF50"", ""0x8007D0F0"", ""0x8007D290""]",HYPOTHESIS,FUN_80060650,"PSXRecomp medium: prologue-shaped, no proven call path; reachable=False; boundaries are static estimates",,False,True
DUNE.EXE,0x80060748,248,[],"[""0x8001B060"", ""0x8001D1F8"", ""0x80062498"", ""0x8007B15C"", ""0x8007CF50"", ""0x8007D0F0"", ""0x8007D290""]",HYPOTHESIS,FUN_80060748,"PSXRecomp medium: prologue-shaped, no proven call path; reachable=False; boundaries are static estimates",,False,True
DUNE.EXE,0x80060840,188,[],"[""0x8001B060"", ""0x8001D1F8"", ""0x80062648"", ""0x8007B15C"", ""0x8007CF50""]",HYPOTHESIS,FUN_80060840,"PSXRecomp medium: prologue-shaped, no proven call path; reachable=False; boundaries are static estimates",,False,True
DUNE.EXE,0x800608FC,652,"[""0x800552C0""]","[""0x80077D30"", ""0x80077EDC"", ""0x800785B8"", ""0x80078F10"", ""0x8007BBF0""]",LIKELY,FUN_800608FC,"PSXRecomp verified: prologue + epilogue + jr $ra, called from reachable code; reachable=True; boundaries are static estimates",,False,True
DUNE.EXE,0x80060B88,164,[],"[""0x8007CC80""]",HYPOTHESIS,FUN_80060B88,"PSXRecomp medium: prologue-shaped, no proven call path; reachable=False; boundaries are static estimates",,False,True
DUNE.EXE,0x80060C2C,1020,"[""0x80055360""]","[""0x80061838"", ""0x80068D90"", ""0x8007AE70"", ""0x8007BBF0"", ""0x8007BF40"", ""0x8007C4C0"", ""0x8007C660"", ""0x8007CC20"", ""0x8007CC40"", ""0x8007CF50"", ""0x8007D430""]",LIKELY,FUN_80060C2C,"PSXRecomp verified: prologue + epilogue + jr $ra, called from reachable code; reachable=True; boundaries are static estimates",,False,True
DUNE.EXE,0x80061028,196,[],"[""0x8007AD38"", ""0x8007AE70"", ""0x8007BBC0"", ""0x8007BC50""]",HYPOTHESIS,FUN_80061028,"PSXRecomp medium: prologue-shaped, no proven call path; reachable=False; boundaries are static estimates",,False,True
DUNE.EXE,0x800610EC,108,"[""0x8007170C""]","[""0x80061578"", ""0x8006175C"", ""0x800618F8"", ""0x80062354""]",LIKELY,FUN_800610EC,"PSXRecomp verified: prologue + epilogue + jr $ra, called from reachable code; reachable=True; boundaries are static estimates",,False,True
DUNE.EXE,0x80061158,192,[],"[""0x8001B060"", ""0x8001CBE0"", ""0x8007AE70"", ""0x8007B15C""]",HYPOTHESIS,FUN_80061158,"PSXRecomp medium: prologue-shaped, no proven call path; reachable=False; boundaries are static estimates",,False,True
DUNE.EXE,0x80061218,192,[],"[""0x8001B060"", ""0x8001CBE0"", ""0x8007AE70"", ""0x8007B15C""]",HYPOTHESIS,FUN_80061218,"PSXRecomp medium: prologue-shaped, no proven call path; reachable=False; boundaries are static estimates",,False,True
DUNE.EXE,0x800612D8,192,[],"[""0x8001B060"", ""0x8001CBE0"", ""0x8007AE70"", ""0x8007B15C""]",HYPOTHESIS,FUN_800612D8,"PSXRecomp medium: prologue-shaped, no proven call path; reachable=False; boundaries are static estimates",,False,True
DUNE.EXE,0x80061398,160,[],"[""0x8001B060"", ""0x8001CBE0"", ""0x8007AE70"", ""0x8007B15C""]",HYPOTHESIS,FUN_80061398,"PSXRecomp medium: prologue-shaped, no proven call path; reachable=False; boundaries are static estimates",,False,True
DUNE.EXE,0x80061438,160,[],"[""0x8001B060"", ""0x8001CBE0"", ""0x8007AE70"", ""0x8007B15C""]",HYPOTHESIS,FUN_80061438,"PSXRecomp medium: prologue-shaped, no proven call path; reachable=False; boundaries are static estimates",,False,True
DUNE.EXE,0x800614D8,160,[],"[""0x8001B060"", ""0x8001CBE0"", ""0x8007AE70"", ""0x8007B15C""]",HYPOTHESIS,FUN_800614D8,"PSXRecomp medium: prologue-shaped, no proven call path; reachable=False; boundaries are static estimates",,False,True
DUNE.EXE,0x80061578,484,"[""0x800610EC""]","[""0x80019638""]",LIKELY,FUN_80061578,"PSXRecomp verified: prologue + epilogue + jr $ra, called from reachable code; reachable=True; boundaries are static estimates",,False,True
DUNE.EXE,0x8006175C,220,"[""0x800610EC""]","[""0x8001D1F8"", ""0x8007CF50"", ""0x8007D0F0"", ""0x8007D290""]",LIKELY,FUN_8006175C,"PSXRecomp verified: prologue + epilogue + jr $ra, called from reachable code; reachable=True; boundaries are static estimates",,False,True
DUNE.EXE,0x80061838,192,"[""0x80060C2C""]","[""0x8007CB30"", ""0x8007CBC0"", ""0x8007CC50"", ""0x8007CCC0""]",LIKELY,FUN_80061838,"PSXRecomp verified: prologue + epilogue + jr $ra, called from reachable code; reachable=True; boundaries are static estimates",,False,True
DUNE.EXE,0x800618F8,836,"[""0x800610EC""]","[""0x8001B330"", ""0x8001B4D0"", ""0x80061C3C"", ""0x80061DE0"", ""0x80061F7C"", ""0x8006216C""]",LIKELY,FUN_800618F8,"PSXRecomp verified: prologue + epilogue + jr $ra, called from reachable code; reachable=True; boundaries are static estimates",,False,True
DUNE.EXE,0x80061C3C,420,"[""0x800618F8""]",[],LIKELY,FUN_80061C3C,"PSXRecomp high: jr $ra exit, reachable from entry; reachable=True; boundaries are static estimates",,False,True
DUNE.EXE,0x80061DE0,412,"[""0x800618F8""]",[],LIKELY,FUN_80061DE0,"PSXRecomp high: jr $ra exit, reachable from entry; reachable=True; boundaries are static estimates",,False,True
DUNE.EXE,0x80061F7C,496,"[""0x800618F8""]",[],LIKELY,FUN_80061F7C,"PSXRecomp high: jr $ra exit, reachable from entry; reachable=True; boundaries are static estimates",,False,True
DUNE.EXE,0x8006216C,488,"[""0x800618F8""]",[],LIKELY,FUN_8006216C,"PSXRecomp high: jr $ra exit, reachable from entry; reachable=True; boundaries are static estimates",,False,True
DUNE.EXE,0x80062354,324,"[""0x800610EC""]","[""0x8007BD60"", ""0x8007DA1C"", ""0x8007DCC8""]",LIKELY,FUN_80062354,"PSXRecomp verified: prologue + epilogue + jr $ra, called from reachable code; reachable=True; boundaries are static estimates",,False,True
DUNE.EXE,0x80062498,432,"[""0x80060270"", ""0x80060460"", ""0x80060650"", ""0x80060748""]","[""0x8007BF20"", ""0x8007BF30""]",HYPOTHESIS,FUN_80062498,"PSXRecomp low: no prologue, no jr $ra exit, unreachable from entry; reachable=False; boundaries are static estimates",,True,True
DUNE.EXE,0x80062648,332,"[""0x80060840""]","[""0x8007BF20"", ""0x8007BF30""]",HYPOTHESIS,FUN_80062648,"PSXRecomp low: no prologue, no jr $ra exit, unreachable from entry; reachable=False; boundaries are static estimates",,True,True
DUNE.EXE,0x80062794,432,"[""0x80060368"", ""0x80060558""]","[""0x8007BF20"", ""0x8007BF30""]",HYPOTHESIS,FUN_80062794,"PSXRecomp low: no prologue, no jr $ra exit, unreachable from entry; reachable=False; boundaries are static estimates",,True,True
DUNE.EXE,0x80062944,36,"[""0x8004078C""]","[""0x80062A90""]",LIKELY,FUN_80062944,"PSXRecomp verified: prologue + epilogue + jr $ra, called from reachable code; reachable=True; boundaries are static estimates",,False,True
DUNE.EXE,0x80062968,160,"[""0x800636EC""]","[""0x8006430C"", ""0x80073A28""]",LIKELY,FUN_80062968,"PSXRecomp verified: prologue + epilogue + jr $ra, called from reachable code; reachable=True; boundaries are static estimates",,False,True
DUNE.EXE,0x80062A08,88,"[""0x8004078C""]","[""0x80019638"", ""0x80062A60"", ""0x800860E0"", ""0x80086DF0"", ""0x800877E0""]",LIKELY,FUN_80062A08,"PSXRecomp verified: prologue + epilogue + jr $ra, called from reachable code; reachable=True; boundaries are static estimates",,False,True
DUNE.EXE,0x80062A60,48,"[""0x80062A08"", ""0x80062DB8"", ""0x80069DA0"", ""0x80069E7C""]","[""0x800878D0""]",LIKELY,FUN_80062A60,"PSXRecomp verified: prologue + epilogue + jr $ra, called from reachable code; reachable=True; boundaries are static estimates",,False,True
DUNE.EXE,0x80062A90,184,"[""0x80062944""]","[""0x80064214""]",LIKELY,FUN_80062A90,"PSXRecomp verified: prologue + epilogue + jr $ra, called from reachable code; reachable=True; boundaries are static estimates",,False,True
DUNE.EXE,0x80062B48,80,[],"[""0x80062BA4""]",HYPOTHESIS,FUN_80062B48,"PSXRecomp medium: prologue-shaped, no proven call path; reachable=False; boundaries are static estimates",,False,True
DUNE.EXE,0x80062B98,12,[],[],HYPOTHESIS,FUN_80062B98,"PSXRecomp low: no prologue, no jr $ra exit, unreachable from entry; reachable=False; boundaries are static estimates",,False,True
DUNE.EXE,0x80062BA4,4,"[""0x8003F544"", ""0x80062B48"", ""0x80062DB8"", ""0x80062ED0"", ""0x80063038""]",[],HYPOTHESIS,FUN_80062BA4,PSXRecomp low: reachable but no prologue and no jr $ra exit; reachable=True; boundaries are static estimates,,False,True
DUNE.EXE,0x80062BA8,316,[],"[""0x80063224"", ""0x80074884"", ""0x80074A74"", ""0x80079B60""]",HYPOTHESIS,FUN_80062BA8,"PSXRecomp medium: prologue-shaped, no proven call path; reachable=False; boundaries are static estimates",,False,False
DUNE.EXE,0x80062CE4,56,"[""0x8003F544""]","[""0x80063224"", ""0x80074884""]",LIKELY,FUN_80062CE4,"PSXRecomp verified: prologue + epilogue + jr $ra, called from reachable code; reachable=True; boundaries are static estimates",,False,True
DUNE.EXE,0x80062D1C,156,"[""0x80069DA0""]","[""0x80063224"", ""0x80074884"", ""0x80079B60""]",LIKELY,FUN_80062D1C,"PSXRecomp verified: prologue + epilogue + jr $ra, called from reachable code; reachable=True; boundaries are static estimates",,False,True
DUNE.EXE,0x80062DB8,280,"[""0x80069E7C""]","[""0x80062A60"", ""0x80062BA4"", ""0x80063224"", ""0x80074884"", ""0x80079B60""]",LIKELY,FUN_80062DB8,"PSXRecomp verified: prologue + epilogue + jr $ra, called from reachable code; reachable=True; boundaries are static estimates",,False,True
DUNE.EXE,0x80062ED0,308,"[""0x80055360""]","[""0x80062BA4"", ""0x80063224"", ""0x80063468"", ""0x80079B60""]",LIKELY,FUN_80062ED0,"PSXRecomp verified: prologue + epilogue + jr $ra, called from reachable code; reachable=True; boundaries are static estimates",,False,True
DUNE.EXE,0x80063004,52,[],[],HYPOTHESIS,FUN_80063004,"PSXRecomp low: no prologue, no jr $ra exit, unreachable from entry; reachable=False; boundaries are static estimates",,False,True
DUNE.EXE,0x80063038,148,[],"[""0x80062BA4"", ""0x80063224"", ""0x800745AC"", ""0x80074884"", ""0x80074B78""]",HYPOTHESIS,FUN_80063038,"PSXRecomp medium: prologue-shaped, no proven call path; reachable=False; boundaries are static estimates",,False,True
DUNE.EXE,0x800630CC,96,"[""0x80063270"", ""0x80063634""]","[""0x80087C50""]",LIKELY,FUN_800630CC,"PSXRecomp verified: prologue + epilogue + jr $ra, called from reachable code; reachable=True; boundaries are static estimates",,False,True
DUNE.EXE,0x8006312C,248,"[""0x80063270"", ""0x80063634""]","[""0x800876F0""]",LIKELY,FUN_8006312C,"PSXRecomp verified: prologue + epilogue + jr $ra, called from reachable code; reachable=True; boundaries are static estimates",,False,True
DUNE.EXE,0x80063224,76,"[""0x80062BA8"", ""0x80062CE4"", ""0x80062D1C"", ""0x80062DB8"", ""0x80062ED0"", ""0x80063038""]","[""0x800878D0""]",LIKELY,FUN_80063224,"PSXRecomp verified: prologue + epilogue + jr $ra, called from reachable code; reachable=True; boundaries are static estimates",,False,True
DUNE.EXE,0x80063270,284,"[""0x800639A4"", ""0x80063A60"", ""0x80063AD0""]","[""0x800630CC"", ""0x8006312C""]",LIKELY,FUN_80063270,"PSXRecomp verified: prologue + epilogue + jr $ra, called from reachable code; reachable=True; boundaries are static estimates",,False,True
DUNE.EXE,0x8006338C,40,"[""0x8003F544"", ""0x80069DA0""]","[""0x800874A0""]",LIKELY,FUN_8006338C,"PSXRecomp verified: prologue + epilogue + jr $ra, called from reachable code; reachable=True; boundaries are static estimates",,False,True
DUNE.EXE,0x800633B4,56,"[""0x80063634""]","[""0x80087720""]",LIKELY,FUN_800633B4,"PSXRecomp verified: prologue + epilogue + jr $ra, called from reachable code; reachable=True; boundaries are static estimates",,False,True
DUNE.EXE,0x800633EC,124,[],"[""0x80079B60"", ""0x80087660""]",HYPOTHESIS,FUN_800633EC,"PSXRecomp medium: prologue-shaped, no proven call path; reachable=False; boundaries are static estimates",,False,True
DUNE.EXE,0x80063468,340,"[""0x80034014"", ""0x8003A31C"", ""0x8003BF90"", ""0x8003EA0C"", ""0x80044BA0"", ""0x800477D4"", ""0x8004B36C"", ""0x8004B5D4"", ""0x8004C03C"", ""0x8004C134"", ""0x8004D274"", ""0x8004D3E4"", ""0x8004D858"", ""0x8004D990"", ""0x8005E4A8"", ""0x80062ED0"", ""0x800635BC"", ""0x8006CD8C""]","[""0x80063634"", ""0x80079B60"", ""0x80087660""]",LIKELY,FUN_80063468,"PSXRecomp verified: prologue + epilogue + jr $ra, called from reachable code; reachable=True; boundaries are static estimates",,False,True
DUNE.EXE,0x800635BC,72,[],"[""0x80063468""]",HYPOTHESIS,FUN_800635BC,"PSXRecomp medium: prologue-shaped, no proven call path; reachable=False; boundaries are static estimates",,False,True
DUNE.EXE,0x80063604,48,[],"[""0x800874A0""]",HYPOTHESIS,FUN_80063604,"PSXRecomp medium: prologue-shaped, no proven call path; reachable=False; boundaries are static estimates",,False,True
DUNE.EXE,0x80063634,184,"[""0x80063468""]","[""0x800630CC"", ""0x8006312C"", ""0x800633B4""]",LIKELY,FUN_80063634,"PSXRecomp verified: prologue + epilogue + jr $ra, called from reachable code; reachable=True; boundaries are static estimates",,False,True
DUNE.EXE,0x800636EC,640,"[""0x80041974""]","[""0x8005A738"", ""0x8005A7A0"", ""0x80062968"", ""0x80063D9C"", ""0x8006430C"", ""0x80073A28"", ""0x80086E50"", ""0x80087720"", ""0x80087780"", ""0x80087810""]",LIKELY,FUN_800636EC,"PSXRecomp verified: prologue + epilogue + jr $ra, called from reachable code; reachable=True; boundaries are static estimates",,False,True
DUNE.EXE,0x80063970,52,[],"[""0x8005A7A0"", ""0x80087420""]",HYPOTHESIS,FUN_80063970,"PSXRecomp medium: prologue-shaped, no proven call path; reachable=False; boundaries are static estimates",,False,False
DUNE.EXE,0x800639A4,188,"[""0x80030E54"", ""0x80031450"", ""0x80034014"", ""0x80038A08"", ""0x80039884"", ""0x80039C4C"", ""0x8003C358"", ""0x8003D538"", ""0x80044008"", ""0x8004DE64""]","[""0x80063270""]",LIKELY,FUN_800639A4,"PSXRecomp verified: prologue + epilogue + jr $ra, called from reachable code; reachable=True; boundaries are static estimates",,False,True
DUNE.EXE,0x80063A60,112,"[""0x8003CC54""]","[""0x80063270""]",LIKELY,FUN_80063A60,"PSXRecomp verified: prologue + epilogue + jr $ra, called from reachable code; reachable=True; boundaries are static estimates",,False,True
DUNE.EXE,0x80063AD0,116,"[""0x8003EA0C"", ""0x8003F544"", ""0x80040C94"", ""0x80045820"", ""0x8005A540"", ""0x8005BCD0"", ""0x8005BE40"", ""0x8005C05C"", ""0x8005C5D4"", ""0x8005C6C4"", ""0x8005C794"", ""0x8005CAF4"", ""0x8005CD30"", ""0x8005D324"", ""0x8005D444"", ""0x8005D538"", ""0x8005D798"", ""0x8005DACC"", ""0x8006B764"", ""0x8006D2A4"", ""0x8006D2F4"", ""0x8006EC14""]","[""0x80063270""]",LIKELY,FUN_80063AD0,"PSXRecomp verified: prologue + epilogue + jr $ra, called from reachable code; reachable=True; boundaries are static estimates",,False,True
DUNE.EXE,0x80063B44,12,[],[],HYPOTHESIS,FUN_80063B44,"PSXRecomp low: no prologue, no jr $ra exit, unreachable from entry; reachable=False; boundaries are static estimates",,False,True
DUNE.EXE,0x80063B50,28,"[""0x80063DA4""]",[],HYPOTHESIS,FUN_80063B50,"PSXRecomp medium: prologue-shaped, no proven call path; reachable=False; boundaries are static estimates",,False,True
DUNE.EXE,0x80063B6C,36,"[""0x80063BCC""]",[],HYPOTHESIS,FUN_80063B6C,"PSXRecomp low: no prologue, no jr $ra exit, unreachable from entry; reachable=False; boundaries are static estimates",,False,True
DUNE.EXE,0x80063B90,12,[],[],HYPOTHESIS,FUN_80063B90,"PSXRecomp low: no prologue, no jr $ra exit, unreachable from entry; reachable=False; boundaries are static estimates",,False,False
DUNE.EXE,0x80063B9C,36,[],[],HYPOTHESIS,FUN_80063B9C,"PSXRecomp low: no prologue, no jr $ra exit, unreachable from entry; reachable=False; boundaries are static estimates",,False,True
DUNE.EXE,0x80063BC0,12,[],[],HYPOTHESIS,FUN_80063BC0,"PSXRecomp low: no prologue, no jr $ra exit, unreachable from entry; reachable=False; boundaries are static estimates",,False,False
DUNE.EXE,0x80063BCC,188,"[""0x80063DA4"", ""0x80064068"", ""0x8006421C"", ""0x80064314""]","[""0x80063B6C""]",HYPOTHESIS,FUN_80063BCC,"PSXRecomp medium: prologue-shaped, no proven call path; reachable=False; boundaries are static estimates",,False,True
DUNE.EXE,0x80063C88,276,"[""0x8004078C""]","[""0x80074318"", ""0x80074530"", ""0x80074614"", ""0x800763B8"", ""0x800774A8"", ""0x80077644""]",LIKELY,FUN_80063C88,"PSXRecomp verified: prologue + epilogue + jr $ra, called from reachable code; reachable=True; boundaries are static estimates",,False,True
DUNE.EXE,0x80063D9C,8,"[""0x80041974"", ""0x80051190"", ""0x80052C94"", ""0x80052CC0"", ""0x80052CEC"", ""0x800636EC"", ""0x800643D0"", ""0x8006786C"", ""0x8006A704""]",[],HYPOTHESIS,FUN_80063D9C,PSXRecomp low: reachable but no prologue and no jr $ra exit; reachable=True; boundaries are static estimates,,False,True
DUNE.EXE,0x80063DA4,700,[],"[""0x800196C8"", ""0x80063B50"", ""0x80063BCC"", ""0x8006FAD8"", ""0x80073008"", ""0x80074318"", ""0x80074614"", ""0x80074A74"", ""0x80074B78"", ""0x800774A8"", ""0x80077644""]",HYPOTHESIS,FUN_80063DA4,"PSXRecomp medium: prologue-shaped, no proven call path; reachable=False; boundaries are static estimates",,False,False
DUNE.EXE,0x80064068,428,[],"[""0x80063BCC"", ""0x80074318"", ""0x80074614"", ""0x80074A74"", ""0x80074B78""]",HYPOTHESIS,FUN_80064068,"PSXRecomp medium: prologue-shaped, no proven call path; reachable=False; boundaries are static estimates",,False,False
DUNE.EXE,0x80064214,8,"[""0x80062A90""]",[],HYPOTHESIS,FUN_80064214,PSXRecomp low: reachable but no prologue and no jr $ra exit; reachable=True; boundaries are static estimates,,False,True
DUNE.EXE,0x8006421C,240,[],"[""0x80063BCC"", ""0x80074B78""]",HYPOTHESIS,FUN_8006421C,"PSXRecomp medium: prologue-shaped, no proven call path; reachable=False; boundaries are static estimates",,False,False
DUNE.EXE,0x8006430C,8,"[""0x80041974"", ""0x80051190"", ""0x80052CEC"", ""0x80062968"", ""0x800636EC"", ""0x800643D0"", ""0x8006786C""]",[],HYPOTHESIS,FUN_8006430C,PSXRecomp low: reachable but no prologue and no jr $ra exit; reachable=True; boundaries are static estimates,,False,True
DUNE.EXE,0x80064314,188,[],"[""0x80063BCC"", ""0x80073008""]",HYPOTHESIS,FUN_80064314,"PSXRecomp medium: prologue-shaped, no proven call path; reachable=False; boundaries are static estimates",,False,False
DUNE.EXE,0x800643D0,672,"[""0x8004078C""]","[""0x8005A738"", ""0x8005A7A0"", ""0x8005AF88"", ""0x80063D9C"", ""0x8006430C"", ""0x80073A28"", ""0x80079B60"", ""0x8007DCC8"", ""0x800805E0"", ""0x800805F0""]",LIKELY,FUN_800643D0,"PSXRecomp verified: prologue + epilogue + jr $ra, called from reachable code; reachable=True; boundaries are static estimates",,False,True
DUNE.EXE,0x80064670,28,"[""0x8005432C""]",[],LIKELY,FUN_80064670,"PSXRecomp high: jr $ra exit, reachable from entry; reachable=True; boundaries are static estimates",,False,True
DUNE.EXE,0x8006468C,12,[],[],HYPOTHESIS,FUN_8006468C,"PSXRecomp low: no prologue, no jr $ra exit, unreachable from entry; reachable=False; boundaries are static estimates",,False,False
DUNE.EXE,0x80064698,44,[],[],HYPOTHESIS,FUN_80064698,"PSXRecomp low: no prologue, no jr $ra exit, unreachable from entry; reachable=False; boundaries are static estimates",,False,False
DUNE.EXE,0x800646C4,848,"[""0x80055360"", ""0x8005F148"", ""0x80064A14"", ""0x80064B6C"", ""0x80064C68"", ""0x8006C598"", ""0x8006E730"", ""0x80072604""]","[""0x8007AE70"", ""0x8007BF20"", ""0x8007BF30""]",LIKELY,FUN_800646C4,"PSXRecomp verified: prologue + epilogue + jr $ra, called from reachable code; reachable=True; boundaries are static estimates",,False,True
DUNE.EXE,0x80064A14,344,"[""0x8005A468""]","[""0x800646C4"", ""0x80073008""]",LIKELY,FUN_80064A14,"PSXRecomp verified: prologue + epilogue + jr $ra, called from reachable code; reachable=True; boundaries are static estimates",,False,True
DUNE.EXE,0x80064B6C,252,"[""0x80055360"", ""0x80069788"", ""0x800697F0"", ""0x800698B0"", ""0x8006997C"", ""0x80069A48"", ""0x80069AEC"", ""0x80069BAC"", ""0x80069CC0"", ""0x80069D38"", ""0x8006A0D4"", ""0x8006A2F8""]","[""0x800646C4""]",LIKELY,FUN_80064B6C,"PSXRecomp verified: prologue + epilogue + jr $ra, called from reachable code; reachable=True; boundaries are static estimates",,False,True
DUNE.EXE,0x80064C68,568,"[""0x80069BAC""]","[""0x800646C4"", ""0x80073008""]",LIKELY,FUN_80064C68,"PSXRecomp verified: prologue + epilogue + jr $ra, called from reachable code; reachable=True; boundaries are static estimates",,False,True
DUNE.EXE,0x80064EA0,876,"[""0x8006520C""]","[""0x8007AE70"", ""0x8007BF20"", ""0x8007BF30""]",HYPOTHESIS,FUN_80064EA0,"PSXRecomp medium: prologue-shaped, no proven call path; reachable=False; boundaries are static estimates",,False,True
DUNE.EXE,0x8006520C,252,[],"[""0x80064EA0""]",HYPOTHESIS,FUN_8006520C,"PSXRecomp medium: prologue-shaped, no proven call path; reachable=False; boundaries are static estimates",,False,True
DUNE.EXE,0x80065308,16,[],[],HYPOTHESIS,FUN_80065308,"PSXRecomp low: no prologue, no jr $ra exit, unreachable from entry; reachable=False; boundaries are static estimates",,False,True
DUNE.EXE,0x80065318,32,[],[],HYPOTHESIS,FUN_80065318,"PSXRecomp low: no prologue, no jr $ra exit, unreachable from entry; reachable=False; boundaries are static estimates",,False,True
DUNE.EXE,0x80065338,180,"[""0x800653EC""]",[],LIKELY,FUN_80065338,"PSXRecomp high: jr $ra exit, reachable from entry; reachable=True; boundaries are static estimates",,False,True
DUNE.EXE,0x800653EC,176,"[""0x80041784"", ""0x80041D04""]","[""0x80065338""]",LIKELY,FUN_800653EC,"PSXRecomp verified: prologue + epilogue + jr $ra, called from reachable code; reachable=True; boundaries are static estimates",,False,True
DUNE.EXE,0x8006549C,188,"[""0x800677AC""]",[],LIKELY,FUN_8006549C,"PSXRecomp high: jr $ra exit, reachable from entry; reachable=True; boundaries are static estimates",,False,True
DUNE.EXE,0x80065558,148,"[""0x8003C358"", ""0x80041974""]",[],LIKELY,FUN_80065558,"PSXRecomp high: jr $ra exit, reachable from entry; reachable=True; boundaries are static estimates",,False,True
DUNE.EXE,0x800655EC,272,"[""0x800687C8""]","[""0x8007AE70"", ""0x8007BF20"", ""0x8007BF30""]",LIKELY,FUN_800655EC,"PSXRecomp verified: prologue + epilogue + jr $ra, called from reachable code; reachable=True; boundaries are static estimates",,False,True
DUNE.EXE,0x800656FC,1972,"[""0x800677AC""]","[""0x800689C0""]",LIKELY,FUN_800656FC,"PSXRecomp high: jr $ra exit, reachable from entry; reachable=True; boundaries are static estimates",,True,True
DUNE.EXE,0x80065EB0,512,"[""0x800677AC""]",[],LIKELY,FUN_80065EB0,"PSXRecomp verified: prologue + epilogue + jr $ra, called from reachable code; reachable=True; boundaries are static estimates",,False,True
DUNE.EXE,0x800660B0,3516,"[""0x800677AC""]","[""0x80019638"", ""0x8007AE70"", ""0x8007BF20"", ""0x8007BF30""]",LIKELY,FUN_800660B0,"PSXRecomp verified: prologue + epilogue + jr $ra, called from reachable code; reachable=True; boundaries are static estimates",,False,True
DUNE.EXE,0x80066E6C,1104,"[""0x800677AC""]","[""0x8007AE70"", ""0x8007BF20"", ""0x8007BF30""]",LIKELY,FUN_80066E6C,"PSXRecomp verified: prologue + epilogue + jr $ra, called from reachable code; reachable=True; boundaries are static estimates",,False,True
DUNE.EXE,0x800672BC,496,"[""0x80059B1C"", ""0x80059F54""]","[""0x8007AE70"", ""0x8007BF20"", ""0x8007BF30""]",LIKELY,FUN_800672BC,"PSXRecomp verified: prologue + epilogue + jr $ra, called from reachable code; reachable=True; boundaries are static estimates",,False,True
DUNE.EXE,0x800674AC,4,[],[],HYPOTHESIS,FUN_800674AC,"PSXRecomp low: no prologue, no jr $ra exit, unreachable from entry; reachable=False; boundaries are static estimates",,False,True
DUNE.EXE,0x800674B0,764,[],"[""0x8007AE70"", ""0x8007BF20"", ""0x8007BF30""]",HYPOTHESIS,FUN_800674B0,"PSXRecomp medium: prologue-shaped, no proven call path; reachable=False; boundaries are static estimates",,False,False
DUNE.EXE,0x800677AC,192,"[""0x80055360""]","[""0x80019000"", ""0x8006549C"", ""0x800656FC"", ""0x80065EB0"", ""0x800660B0"", ""0x80066E6C"", ""0x80068454"", ""0x80068AF0"", ""0x8006EE28"", ""0x8006EF88""]",LIKELY,FUN_800677AC,"PSXRecomp verified: prologue + epilogue + jr $ra, called from reachable code; reachable=True; boundaries are static estimates",,False,True
DUNE.EXE,0x8006786C,1972,"[""0x80041974""]","[""0x8005A738"", ""0x8005A7A0"", ""0x8005AB18"", ""0x80063D9C"", ""0x8006430C"", ""0x80072F98"", ""0x80073A28"", ""0x8007DCC8""]",LIKELY,FUN_8006786C,"PSXRecomp verified: prologue + epilogue + jr $ra, called from reachable code; reachable=True; boundaries are static estimates",,False,True
DUNE.EXE,0x80068024,84,[],"[""0x8005A7A0""]",HYPOTHESIS,FUN_80068024,"PSXRecomp medium: prologue-shaped, no proven call path; reachable=False; boundaries are static estimates",,False,False
DUNE.EXE,0x80068078,988,"[""0x80055360""]","[""0x8007C360""]",LIKELY,FUN_80068078,"PSXRecomp verified: prologue + epilogue + jr $ra, called from reachable code; reachable=True; boundaries are static estimates",,False,True
DUNE.EXE,0x80068454,808,"[""0x800677AC""]",[],LIKELY,FUN_80068454,"PSXRecomp verified: prologue + epilogue + jr $ra, called from reachable code; reachable=True; boundaries are static estimates",,False,True
DUNE.EXE,0x8006877C,76,"[""0x800687C8""]",[],LIKELY,FUN_8006877C,"PSXRecomp high: jr $ra exit, reachable from entry; reachable=True; boundaries are static estimates",,False,True
DUNE.EXE,0x800687C8,504,"[""0x800689C0""]","[""0x800655EC"", ""0x8006877C""]",LIKELY,FUN_800687C8,"PSXRecomp verified: prologue + epilogue + jr $ra, called from reachable code; reachable=True; boundaries are static estimates",,False,True
DUNE.EXE,0x800689C0,304,"[""0x800656FC""]","[""0x800687C8"", ""0x8007AE70""]",LIKELY,FUN_800689C0,"PSXRecomp verified: prologue + epilogue + jr $ra, called from reachable code; reachable=True; boundaries are static estimates",,True,True
DUNE.EXE,0x80068AF0,664,"[""0x800677AC""]","[""0x8007AE70"", ""0x8007BF20"", ""0x8007BF30""]",LIKELY,FUN_80068AF0,"PSXRecomp verified: prologue + epilogue + jr $ra, called from reachable code; reachable=True; boundaries are static estimates",,True,True
DUNE.EXE,0x80068D88,8,[],[],HYPOTHESIS,FUN_80068D88,"PSXRecomp low: no prologue, no jr $ra exit, unreachable from entry; reachable=False; boundaries are static estimates",,False,True
DUNE.EXE,0x80068D90,280,"[""0x80060C2C""]",[],LIKELY,FUN_80068D90,"PSXRecomp high: jr $ra exit, reachable from entry; reachable=True; boundaries are static estimates",,False,True
DUNE.EXE,0x80068EA8,4,"[""0x80055360""]",[],HYPOTHESIS,FUN_80068EA8,PSXRecomp low: reachable but no prologue and no jr $ra exit; reachable=True; boundaries are static estimates,,False,True
DUNE.EXE,0x80068EAC,144,[],"[""0x80068F3C"", ""0x8006937C""]",HYPOTHESIS,FUN_80068EAC,"PSXRecomp medium: prologue-shaped, no proven call path; reachable=False; boundaries are static estimates",,False,False
DUNE.EXE,0x80068F3C,832,"[""0x80068EAC""]","[""0x8006927C"", ""0x8007AE70"", ""0x8007BF20"", ""0x8007BF30""]",HYPOTHESIS,FUN_80068F3C,"PSXRecomp medium: prologue-shaped, no proven call path; reachable=False; boundaries are static estimates",,False,True
DUNE.EXE,0x8006927C,256,"[""0x80055360"", ""0x80068F3C""]","[""0x8007AE70"", ""0x8007BF20"", ""0x8007BF30""]",LIKELY,FUN_8006927C,"PSXRecomp verified: prologue + epilogue + jr $ra, called from reachable code; reachable=True; boundaries are static estimates",,False,True
DUNE.EXE,0x8006937C,484,"[""0x80068EAC""]","[""0x8007AE70"", ""0x8007BF20"", ""0x8007BF30""]",HYPOTHESIS,FUN_8006937C,"PSXRecomp medium: prologue-shaped, no proven call path; reachable=False; boundaries are static estimates",,False,True
DUNE.EXE,0x80069560,40,[],"[""0x80069E7C""]",LIKELY,FUN_80069560,"PSXRecomp high: jr $ra exit, reachable from entry; reachable=True; boundaries are static estimates",,False,True
DUNE.EXE,0x80069588,28,[],[],LIKELY,FUN_80069588,"PSXRecomp high: jr $ra exit, reachable from entry; reachable=True; boundaries are static estimates",,False,True
DUNE.EXE,0x800695A4,48,[],[],LIKELY,FUN_800695A4,"PSXRecomp high: jr $ra exit, reachable from entry; reachable=True; boundaries are static estimates",,False,True
DUNE.EXE,0x800695D4,52,[],[],HYPOTHESIS,FUN_800695D4,"PSXRecomp low: no prologue, no jr $ra exit, unreachable from entry; reachable=False; boundaries are static estimates",,False,False
DUNE.EXE,0x80069608,48,[],[],LIKELY,FUN_80069608,"PSXRecomp high: jr $ra exit, reachable from entry; reachable=True; boundaries are static estimates",,False,True
DUNE.EXE,0x80069638,52,[],[],HYPOTHESIS,FUN_80069638,"PSXRecomp low: no prologue, no jr $ra exit, unreachable from entry; reachable=False; boundaries are static estimates",,False,False
DUNE.EXE,0x8006966C,48,[],[],LIKELY,FUN_8006966C,"PSXRecomp high: jr $ra exit, reachable from entry; reachable=True; boundaries are static estimates",,False,True
DUNE.EXE,0x8006969C,52,[],[],HYPOTHESIS,FUN_8006969C,"PSXRecomp low: no prologue, no jr $ra exit, unreachable from entry; reachable=False; boundaries are static estimates",,False,False
DUNE.EXE,0x800696D0,28,[],[],LIKELY,FUN_800696D0,"PSXRecomp high: jr $ra exit, reachable from entry; reachable=True; boundaries are static estimates",,False,True
DUNE.EXE,0x800696EC,8,[],[],LIKELY,FUN_800696EC,"PSXRecomp high: jr $ra exit, reachable from entry; reachable=True; boundaries are static estimates",,False,True
DUNE.EXE,0x800696F4,72,[],[],LIKELY,FUN_800696F4,"PSXRecomp high: jr $ra exit, reachable from entry; reachable=True; boundaries are static estimates",,False,True
DUNE.EXE,0x8006973C,12,[],[],HYPOTHESIS,FUN_8006973C,"PSXRecomp low: no prologue, no jr $ra exit, unreachable from entry; reachable=False; boundaries are static estimates",,False,False
DUNE.EXE,0x80069748,52,[],[],LIKELY,FUN_80069748,"PSXRecomp high: jr $ra exit, reachable from entry; reachable=True; boundaries are static estimates",,False,True
DUNE.EXE,0x8006977C,12,[],[],HYPOTHESIS,FUN_8006977C,"PSXRecomp low: no prologue, no jr $ra exit, unreachable from entry; reachable=False; boundaries are static estimates",,False,False
DUNE.EXE,0x80069788,104,[],"[""0x80064B6C""]",LIKELY,FUN_80069788,"PSXRecomp high: jr $ra exit, reachable from entry; reachable=True; boundaries are static estimates",,False,True
DUNE.EXE,0x800697F0,192,[],"[""0x80064B6C""]",LIKELY,FUN_800697F0,"PSXRecomp high: jr $ra exit, reachable from entry; reachable=True; boundaries are static estimates",,False,True
DUNE.EXE,0x800698B0,204,[],"[""0x80064B6C""]",LIKELY,FUN_800698B0,"PSXRecomp high: jr $ra exit, reachable from entry; reachable=True; boundaries are static estimates",,False,True
DUNE.EXE,0x8006997C,204,[],"[""0x80064B6C""]",LIKELY,FUN_8006997C,"PSXRecomp high: jr $ra exit, reachable from entry; reachable=True; boundaries are static estimates",,False,True
DUNE.EXE,0x80069A48,164,[],"[""0x80064B6C"", ""0x80073A28""]",LIKELY,FUN_80069A48,"PSXRecomp high: jr $ra exit, reachable from entry; reachable=True; boundaries are static estimates",,False,True
DUNE.EXE,0x80069AEC,192,[],"[""0x80064B6C""]",LIKELY,FUN_80069AEC,"PSXRecomp high: jr $ra exit, reachable from entry; reachable=True; boundaries are static estimates",,False,True
DUNE.EXE,0x80069BAC,276,[],"[""0x80064B6C"", ""0x80064C68""]",LIKELY,FUN_80069BAC,"PSXRecomp high: jr $ra exit, reachable from entry; reachable=True; boundaries are static estimates",,False,True
DUNE.EXE,0x80069CC0,120,[],"[""0x80064B6C""]",LIKELY,FUN_80069CC0,"PSXRecomp high: jr $ra exit, reachable from entry; reachable=True; boundaries are static estimates",,False,True
DUNE.EXE,0x80069D38,104,[],"[""0x80064B6C""]",LIKELY,FUN_80069D38,"PSXRecomp high: jr $ra exit, reachable from entry; reachable=True; boundaries are static estimates",,False,True
DUNE.EXE,0x80069DA0,220,"[""0x80055174"", ""0x8005ADCC"", ""0x8005AF88"", ""0x8005B114"", ""0x8005B208"", ""0x8005BE40"", ""0x8005C05C"", ""0x8005CAF4"", ""0x8005CD30"", ""0x8005D538"", ""0x8005D798"", ""0x8006CCF0""]","[""0x80062A60"", ""0x80062D1C"", ""0x8006338C""]",LIKELY,FUN_80069DA0,"PSXRecomp verified: prologue + epilogue + jr $ra, called from reachable code; reachable=True; boundaries are static estimates",,False,True
DUNE.EXE,0x80069E7C,176,"[""0x8005C6C4"", ""0x8005D444"", ""0x8005DACC"", ""0x80069560"", ""0x8006A038""]","[""0x80062A60"", ""0x80062DB8""]",LIKELY,FUN_80069E7C,"PSXRecomp verified: prologue + epilogue + jr $ra, called from reachable code; reachable=True; boundaries are static estimates",,False,True
DUNE.EXE,0x80069F2C,4,"[""0x8005C6C4"", ""0x8005D444"", ""0x8005DACC""]",[],HYPOTHESIS,FUN_80069F2C,PSXRecomp low: reachable but no prologue and no jr $ra exit; reachable=True; boundaries are static estimates,,False,True
DUNE.EXE,0x80069F30,64,[],[],HYPOTHESIS,FUN_80069F30,"PSXRecomp medium: prologue-shaped, no proven call path; reachable=False; boundaries are static estimates",,False,False
DUNE.EXE,0x80069F70,4,"[""0x8003F544"", ""0x8006A038""]",[],HYPOTHESIS,FUN_80069F70,PSXRecomp low: reachable but no prologue and no jr $ra exit; reachable=True; boundaries are static estimates,,False,True
DUNE.EXE,0x80069F74,196,[],"[""0x8005DBD0"", ""0x8005DC3C"", ""0x8005DCD8""]",HYPOTHESIS,FUN_80069F74,"PSXRecomp medium: prologue-shaped, no proven call path; reachable=False; boundaries are static estimates",,False,False
DUNE.EXE,0x8006A038,156,"[""0x80055360""]","[""0x80069E7C"", ""0x80069F70""]",LIKELY,FUN_8006A038,"PSXRecomp verified: prologue + epilogue + jr $ra, called from reachable code; reachable=True; boundaries are static estimates",,False,True
DUNE.EXE,0x8006A0D4,548,"[""0x80055360""]","[""0x80064B6C"", ""0x80073A28"", ""0x8007AE70"", ""0x8007BF20"", ""0x8007BF30""]",LIKELY,FUN_8006A0D4,"PSXRecomp verified: prologue + epilogue + jr $ra, called from reachable code; reachable=True; boundaries are static estimates",,False,True
DUNE.EXE,0x8006A2F8,572,"[""0x80055360""]","[""0x80064B6C"", ""0x8007AE70"", ""0x8007BF20"", ""0x8007BF30""]",LIKELY,FUN_8006A2F8,"PSXRecomp verified: prologue + epilogue + jr $ra, called from reachable code; reachable=True; boundaries are static estimates",,False,True
DUNE.EXE,0x8006A534,8,[],[],HYPOTHESIS,FUN_8006A534,"PSXRecomp low: no prologue, no jr $ra exit, unreachable from entry; reachable=False; boundaries are static estimates",,False,True
DUNE.EXE,0x8006A53C,208,"[""0x80041974""]",[],LIKELY,FUN_8006A53C,"PSXRecomp high: jr $ra exit, reachable from entry; reachable=True; boundaries are static estimates",,False,True
DUNE.EXE,0x8006A60C,248,"[""0x80041974""]",[],LIKELY,FUN_8006A60C,"PSXRecomp high: jr $ra exit, reachable from entry; reachable=True; boundaries are static estimates",,False,True
DUNE.EXE,0x8006A704,572,"[""0x80041974""]","[""0x8005A738"", ""0x8005A7A0"", ""0x80063D9C"", ""0x8007DCC8""]",LIKELY,FUN_8006A704,"PSXRecomp high: jr $ra exit, reachable from entry; reachable=True; boundaries are static estimates",,False,True
DUNE.EXE,0x8006A940,1536,"[""0x80055360""]","[""0x8006AF40"", ""0x8006B29C"", ""0x8006B4E4"", ""0x8006B764"", ""0x8006BFFC"", ""0x8006C594"", ""0x8007AE70"", ""0x8007BF20"", ""0x8007BF30""]",LIKELY,FUN_8006A940,"PSXRecomp verified: prologue + epilogue + jr $ra, called from reachable code; reachable=True; boundaries are static estimates",,False,True
DUNE.EXE,0x8006AF40,860,"[""0x8006A940""]","[""0x8007AE70"", ""0x8007BF20"", ""0x8007BF30""]",LIKELY,FUN_8006AF40,"PSXRecomp verified: prologue + epilogue + jr $ra, called from reachable code; reachable=True; boundaries are static estimates",,False,True
DUNE.EXE,0x8006B29C,584,"[""0x8006A940""]","[""0x8007AE70"", ""0x8007BF20"", ""0x8007BF30""]",LIKELY,FUN_8006B29C,"PSXRecomp verified: prologue + epilogue + jr $ra, called from reachable code; reachable=True; boundaries are static estimates",,False,True
DUNE.EXE,0x8006B4E4,640,"[""0x8006A940""]","[""0x8007AE70"", ""0x8007BF20"", ""0x8007BF30""]",LIKELY,FUN_8006B4E4,"PSXRecomp verified: prologue + epilogue + jr $ra, called from reachable code; reachable=True; boundaries are static estimates",,False,True
DUNE.EXE,0x8006B764,904,"[""0x8006A940""]","[""0x80063AD0"", ""0x8007AE70"", ""0x8007BF20"", ""0x8007BF30""]",LIKELY,FUN_8006B764,"PSXRecomp verified: prologue + epilogue + jr $ra, called from reachable code; reachable=True; boundaries are static estimates",,False,True
DUNE.EXE,0x8006BAEC,1296,"[""0x80055360""]","[""0x8007AE70"", ""0x8007BF20"", ""0x8007BF30""]",LIKELY,FUN_8006BAEC,"PSXRecomp verified: prologue + epilogue + jr $ra, called from reachable code; reachable=True; boundaries are static estimates",,False,True
DUNE.EXE,0x8006BFFC,1004,"[""0x80055360"", ""0x8006A940""]","[""0x8007AE70"", ""0x8007BF20"", ""0x8007BF30""]",LIKELY,FUN_8006BFFC,"PSXRecomp verified: prologue + epilogue + jr $ra, called from reachable code; reachable=True; boundaries are static estimates",,False,True
DUNE.EXE,0x8006C3E8,428,[],"[""0x8007AE70"", ""0x8007BF20"", ""0x8007BF30""]",HYPOTHESIS,FUN_8006C3E8,"PSXRecomp medium: prologue-shaped, no proven call path; reachable=False; boundaries are static estimates",,False,True
DUNE.EXE,0x8006C594,4,"[""0x8006A940""]",[],HYPOTHESIS,FUN_8006C594,PSXRecomp low: reachable but no prologue and no jr $ra exit; reachable=True; boundaries are static estimates,,False,True
DUNE.EXE,0x8006C598,1288,[],"[""0x8003DC1C"", ""0x8003DC78"", ""0x800453E0"", ""0x800646C4"", ""0x80073A28""]",HYPOTHESIS,FUN_8006C598,"PSXRecomp medium: prologue-shaped, no proven call path; reachable=False; boundaries are static estimates",,False,False
DUNE.EXE,0x8006CAA0,272,"[""0x8006CD8C"", ""0x8006CDE4"", ""0x8006D3A0"", ""0x8006D658"", ""0x8006D860"", ""0x8006DA68"", ""0x8006DC6C"", ""0x8006DD3C""]",[],HYPOTHESIS,FUN_8006CAA0,"PSXRecomp low: no prologue, no jr $ra exit, unreachable from entry; reachable=False; boundaries are static estimates",,False,True
DUNE.EXE,0x8006CBB0,20,[],[],HYPOTHESIS,FUN_8006CBB0,"PSXRecomp low: no prologue, no jr $ra exit, unreachable from entry; reachable=False; boundaries are static estimates",,False,False
DUNE.EXE,0x8006CBC4,192,"[""0x8006DEB0"", ""0x8006DF94"", ""0x8006EC14""]",[],LIKELY,FUN_8006CBC4,"PSXRecomp high: jr $ra exit, reachable from entry; reachable=True; boundaries are static estimates",,False,True
DUNE.EXE,0x8006CC84,80,[],[],HYPOTHESIS,FUN_8006CC84,"PSXRecomp low: no prologue, no jr $ra exit, unreachable from entry; reachable=False; boundaries are static estimates",,False,True
DUNE.EXE,0x8006CCD4,28,[],[],HYPOTHESIS,FUN_8006CCD4,"PSXRecomp low: no prologue, no jr $ra exit, unreachable from entry; reachable=False; boundaries are static estimates",,False,False
DUNE.EXE,0x8006CCF0,32,[],"[""0x80069DA0""]",HYPOTHESIS,FUN_8006CCF0,"PSXRecomp medium: prologue-shaped, no proven call path; reachable=False; boundaries are static estimates",,False,True
DUNE.EXE,0x8006CD10,124,[],"[""0x80050ECC"", ""0x80050F58""]",HYPOTHESIS,FUN_8006CD10,"PSXRecomp medium: prologue-shaped, no proven call path; reachable=False; boundaries are static estimates",,False,True
DUNE.EXE,0x8006CD8C,88,[],"[""0x8003E6A4"", ""0x80050FA0"", ""0x80063468"", ""0x8006CAA0""]",HYPOTHESIS,FUN_8006CD8C,"PSXRecomp low: no prologue, no jr $ra exit, unreachable from entry; reachable=False; boundaries are static estimates",,False,True
DUNE.EXE,0x8006CDE4,432,[],"[""0x8003E42C"", ""0x80051064"", ""0x800510AC"", ""0x8006CAA0""]",HYPOTHESIS,FUN_8006CDE4,"PSXRecomp medium: prologue-shaped, no proven call path; reachable=False; boundaries are static estimates",,False,True
DUNE.EXE,0x8006CF94,296,[],"[""0x8005F084""]",HYPOTHESIS,FUN_8006CF94,"PSXRecomp low: no prologue, no jr $ra exit, unreachable from entry; reachable=False; boundaries are static estimates",,False,True
DUNE.EXE,0x8006D0BC,336,"[""0x8005C05C"", ""0x8005CD30"", ""0x800600D4""]","[""0x80041000"", ""0x80045BCC"", ""0x80045BF8"", ""0x80045C24"", ""0x8006F068""]",LIKELY,FUN_8006D0BC,"PSXRecomp verified: prologue + epilogue + jr $ra, called from reachable code; reachable=True; boundaries are static estimates",,False,True
DUNE.EXE,0x8006D20C,24,[],[],HYPOTHESIS,FUN_8006D20C,"PSXRecomp low: no prologue, no jr $ra exit, unreachable from entry; reachable=False; boundaries are static estimates",,False,True
DUNE.EXE,0x8006D224,52,[],[],HYPOTHESIS,FUN_8006D224,"PSXRecomp low: no prologue, no jr $ra exit, unreachable from entry; reachable=False; boundaries are static estimates",,False,False
DUNE.EXE,0x8006D258,24,[],[],HYPOTHESIS,FUN_8006D258,"PSXRecomp low: no prologue, no jr $ra exit, unreachable from entry; reachable=False; boundaries are static estimates",,False,True
DUNE.EXE,0x8006D270,52,[],[],HYPOTHESIS,FUN_8006D270,"PSXRecomp low: no prologue, no jr $ra exit, unreachable from entry; reachable=False; boundaries are static estimates",,False,False
DUNE.EXE,0x8006D2A4,80,[],"[""0x8004A140"", ""0x8005039C"", ""0x80063AD0""]",HYPOTHESIS,FUN_8006D2A4,"PSXRecomp medium: prologue-shaped, no proven call path; reachable=False; boundaries are static estimates",,False,True
DUNE.EXE,0x8006D2F4,168,[],"[""0x80047CD8"", ""0x80049EEC"", ""0x800505A0"", ""0x80063AD0""]",HYPOTHESIS,FUN_8006D2F4,"PSXRecomp low: no prologue, no jr $ra exit, unreachable from entry; reachable=False; boundaries are static estimates",,False,True
DUNE.EXE,0x8006D3A0,692,[],"[""0x80050CA8"", ""0x80050CF0"", ""0x8006CAA0""]",HYPOTHESIS,FUN_8006D3A0,"PSXRecomp medium: prologue-shaped, no proven call path; reachable=False; boundaries are static estimates",,False,False
DUNE.EXE,0x8006D658,516,[],"[""0x80050D90"", ""0x80050DD8"", ""0x8006CAA0""]",HYPOTHESIS,FUN_8006D658,"PSXRecomp medium: prologue-shaped, no proven call path; reachable=False; boundaries are static estimates",,False,False
DUNE.EXE,0x8006D860,516,[],"[""0x80050D90"", ""0x80050DD8"", ""0x8006CAA0""]",HYPOTHESIS,FUN_8006D860,"PSXRecomp medium: prologue-shaped, no proven call path; reachable=False; boundaries are static estimates",,False,False
DUNE.EXE,0x8006DA68,516,[],"[""0x80050D90"", ""0x80050DD8"", ""0x8006CAA0""]",HYPOTHESIS,FUN_8006DA68,"PSXRecomp medium: prologue-shaped, no proven call path; reachable=False; boundaries are static estimates",,False,False
DUNE.EXE,0x8006DC6C,208,[],"[""0x80051138"", ""0x8006CAA0""]",HYPOTHESIS,FUN_8006DC6C,"PSXRecomp medium: prologue-shaped, no proven call path; reachable=False; boundaries are static estimates",,False,True
DUNE.EXE,0x8006DD3C,252,[],"[""0x80050CA8"", ""0x80050D90"", ""0x8006CAA0""]",HYPOTHESIS,FUN_8006DD3C,"PSXRecomp medium: prologue-shaped, no proven call path; reachable=False; boundaries are static estimates",,False,True
DUNE.EXE,0x8006DE38,4,"[""0x8005C05C"", ""0x8005CD30""]",[],HYPOTHESIS,FUN_8006DE38,PSXRecomp low: reachable but no prologue and no jr $ra exit; reachable=True; boundaries are static estimates,,False,True
DUNE.EXE,0x8006DE3C,112,[],[],HYPOTHESIS,FUN_8006DE3C,"PSXRecomp medium: prologue-shaped, no proven call path; reachable=False; boundaries are static estimates",,False,False
DUNE.EXE,0x8006DEAC,4,"[""0x8005BE40"", ""0x8005CAF4""]",[],HYPOTHESIS,FUN_8006DEAC,PSXRecomp low: reachable but no prologue and no jr $ra exit; reachable=True; boundaries are static estimates,,False,True
DUNE.EXE,0x8006DEB0,224,[],"[""0x8006CBC4""]",HYPOTHESIS,FUN_8006DEB0,"PSXRecomp medium: prologue-shaped, no proven call path; reachable=False; boundaries are static estimates",,False,False
DUNE.EXE,0x8006DF90,4,"[""0x8005BE40"", ""0x8005CAF4""]",[],HYPOTHESIS,FUN_8006DF90,PSXRecomp low: reachable but no prologue and no jr $ra exit; reachable=True; boundaries are static estimates,,False,True
DUNE.EXE,0x8006DF94,220,[],"[""0x8006CBC4""]",HYPOTHESIS,FUN_8006DF94,"PSXRecomp medium: prologue-shaped, no proven call path; reachable=False; boundaries are static estimates",,False,False
DUNE.EXE,0x8006E070,284,"[""0x800455C0""]",[],LIKELY,FUN_8006E070,"PSXRecomp high: jr $ra exit, reachable from entry; reachable=True; boundaries are static estimates",,False,True
DUNE.EXE,0x8006E18C,64,"[""0x8004566C""]",[],LIKELY,FUN_8006E18C,"PSXRecomp high: jr $ra exit, reachable from entry; reachable=True; boundaries are static estimates",,False,True
DUNE.EXE,0x8006E1CC,88,"[""0x800456FC""]",[],LIKELY,FUN_8006E1CC,"PSXRecomp high: jr $ra exit, reachable from entry; reachable=True; boundaries are static estimates",,False,True
DUNE.EXE,0x8006E224,24,[],[],HYPOTHESIS,FUN_8006E224,"PSXRecomp low: no prologue, no jr $ra exit, unreachable from entry; reachable=False; boundaries are static estimates",,False,False
DUNE.EXE,0x8006E23C,24,[],[],HYPOTHESIS,FUN_8006E23C,"PSXRecomp low: no prologue, no jr $ra exit, unreachable from entry; reachable=False; boundaries are static estimates",,False,False
DUNE.EXE,0x8006E254,28,[],[],HYPOTHESIS,FUN_8006E254,"PSXRecomp low: no prologue, no jr $ra exit, unreachable from entry; reachable=False; boundaries are static estimates",,False,False
DUNE.EXE,0x8006E270,1216,"[""0x8006EC14""]",[],LIKELY,FUN_8006E270,"PSXRecomp high: jr $ra exit, reachable from entry; reachable=True; boundaries are static estimates",,False,True
DUNE.EXE,0x8006E730,608,"[""0x8006EC14""]","[""0x800646C4"", ""0x80073A28""]",LIKELY,FUN_8006E730,"PSXRecomp verified: prologue + epilogue + jr $ra, called from reachable code; reachable=True; boundaries are static estimates",,False,True
DUNE.EXE,0x8006E990,628,"[""0x8006EC14""]","[""0x8003E42C""]",LIKELY,FUN_8006E990,"PSXRecomp verified: prologue + epilogue + jr $ra, called from reachable code; reachable=True; boundaries are static estimates",,False,True
DUNE.EXE,0x8006EC04,16,"[""0x8005CAF4"", ""0x8005CD30""]",[],LIKELY,FUN_8006EC04,"PSXRecomp high: jr $ra exit, reachable from entry; reachable=True; boundaries are static estimates",,False,True
DUNE.EXE,0x8006EC14,532,"[""0x80055360""]","[""0x8003D77C"", ""0x80063AD0"", ""0x8006CBC4"", ""0x8006E270"", ""0x8006E730"", ""0x8006E990""]",LIKELY,FUN_8006EC14,"PSXRecomp verified: prologue + epilogue + jr $ra, called from reachable code; reachable=True; boundaries are static estimates",,False,True
DUNE.EXE,0x8006EE28,200,"[""0x800677AC""]","[""0x80059B1C"", ""0x80059F54""]",LIKELY,FUN_8006EE28,"PSXRecomp verified: prologue + epilogue + jr $ra, called from reachable code; reachable=True; boundaries are static estimates",,False,True
DUNE.EXE,0x8006EEF0,96,"[""0x8005E384""]",[],LIKELY,FUN_8006EEF0,"PSXRecomp high: jr $ra exit, reachable from entry; reachable=True; boundaries are static estimates",,False,True
DUNE.EXE,0x8006EF50,36,"[""0x8005DF50""]",[],LIKELY,FUN_8006EF50,"PSXRecomp high: jr $ra exit, reachable from entry; reachable=True; boundaries are static estimates",,False,True
DUNE.EXE,0x8006EF74,20,[],[],HYPOTHESIS,FUN_8006EF74,"PSXRecomp low: no prologue, no jr $ra exit, unreachable from entry; reachable=False; boundaries are static estimates",,False,False
DUNE.EXE,0x8006EF88,124,"[""0x800677AC""]","[""0x8007DCC8""]",LIKELY,FUN_8006EF88,"PSXRecomp verified: prologue + epilogue + jr $ra, called from reachable code; reachable=True; boundaries are static estimates",,False,True
DUNE.EXE,0x8006F004,100,"[""0x8005CAF4"", ""0x8005CD30""]",[],LIKELY,FUN_8006F004,"PSXRecomp high: jr $ra exit, reachable from entry; reachable=True; boundaries are static estimates",,False,True
DUNE.EXE,0x8006F068,336,"[""0x8006D0BC""]","[""0x8005A540""]",LIKELY,FUN_8006F068,"PSXRecomp high: jr $ra exit, reachable from entry; reachable=True; boundaries are static estimates",,False,True
DUNE.EXE,0x8006F1B8,60,[],[],LIKELY,FUN_8006F1B8,"PSXRecomp high: jr $ra exit, reachable from entry; reachable=True; boundaries are static estimates",,False,True
DUNE.EXE,0x8006F1F4,104,"[""0x8005AC20""]",[],LIKELY,FUN_8006F1F4,"PSXRecomp high: jr $ra exit, reachable from entry; reachable=True; boundaries are static estimates",,False,True
DUNE.EXE,0x8006F25C,48,"[""0x8005AC20""]",[],LIKELY,FUN_8006F25C,"PSXRecomp high: jr $ra exit, reachable from entry; reachable=True; boundaries are static estimates",,False,True
DUNE.EXE,0x8006F28C,68,"[""0x8005AC20""]",[],LIKELY,FUN_8006F28C,"PSXRecomp high: jr $ra exit, reachable from entry; reachable=True; boundaries are static estimates",,False,True
DUNE.EXE,0x8006F2D0,108,"[""0x8005AC20""]",[],LIKELY,FUN_8006F2D0,"PSXRecomp high: jr $ra exit, reachable from entry; reachable=True; boundaries are static estimates",,False,True
DUNE.EXE,0x8006F33C,272,"[""0x8005B114""]","[""0x8006F44C""]",LIKELY,FUN_8006F33C,"PSXRecomp verified: prologue + epilogue + jr $ra, called from reachable code; reachable=True; boundaries are static estimates",,False,True
DUNE.EXE,0x8006F44C,272,"[""0x8006F33C""]",[],LIKELY,FUN_8006F44C,"PSXRecomp high: jr $ra exit, reachable from entry; reachable=True; boundaries are static estimates",,False,True
DUNE.EXE,0x8006F55C,316,[],"[""0x8006F698""]",HYPOTHESIS,FUN_8006F55C,"PSXRecomp medium: prologue-shaped, no proven call path; reachable=False; boundaries are static estimates",,False,True
DUNE.EXE,0x8006F698,504,"[""0x8006F55C""]",[],HYPOTHESIS,FUN_8006F698,"PSXRecomp low: no prologue, no jr $ra exit, unreachable from entry; reachable=False; boundaries are static estimates",,False,True
DUNE.EXE,0x8006F890,12,[],[],HYPOTHESIS,FUN_8006F890,"PSXRecomp low: no prologue, no jr $ra exit, unreachable from entry; reachable=False; boundaries are static estimates",,False,True
DUNE.EXE,0x8006F89C,268,"[""0x8006F9A8"", ""0x8006FCF0"", ""0x8006FF40"", ""0x8007015C"", ""0x800701AC"", ""0x800702CC"", ""0x8007030C""]","[""0x8007DA1C"", ""0x8007DE40"", ""0x8007E010"", ""0x8007E080"", ""0x8007E24C""]",LIKELY,FUN_8006F89C,"PSXRecomp verified: prologue + epilogue + jr $ra, called from reachable code; reachable=True; boundaries are static estimates",,False,True
DUNE.EXE,0x8006F9A8,304,"[""0x8006FADC""]","[""0x8006F89C"", ""0x80079B60"", ""0x8007DE40""]",HYPOTHESIS,FUN_8006F9A8,"PSXRecomp medium: prologue-shaped, no proven call path; reachable=False; boundaries are static estimates",,False,True
DUNE.EXE,0x8006FAD8,4,"[""0x8003F544"", ""0x8004078C"", ""0x8005A6B0"", ""0x8005A738"", ""0x8005A7C0"", ""0x80063DA4""]",[],HYPOTHESIS,FUN_8006FAD8,PSXRecomp low: reachable but no prologue and no jr $ra exit; reachable=True; boundaries are static estimates,,False,True
DUNE.EXE,0x8006FADC,368,[],"[""0x8005A738"", ""0x8005AF88"", ""0x8006F9A8"", ""0x80079B60"", ""0x80079E10"", ""0x8007D984"", ""0x8007DA1C"", ""0x8007DBA0""]",HYPOTHESIS,FUN_8006FADC,"PSXRecomp medium: prologue-shaped, no proven call path; reachable=False; boundaries are static estimates",,False,False
DUNE.EXE,0x8006FC4C,4,"[""0x8003F544""]",[],HYPOTHESIS,FUN_8006FC4C,PSXRecomp low: reachable but no prologue and no jr $ra exit; reachable=True; boundaries are static estimates,,False,True
DUNE.EXE,0x8006FC50,160,[],"[""0x8005A7A0"", ""0x80079B60"", ""0x80079E10"", ""0x8007DBA0""]",HYPOTHESIS,FUN_8006FC50,"PSXRecomp medium: prologue-shaped, no proven call path; reachable=False; boundaries are static estimates",,False,False
DUNE.EXE,0x8006FCF0,588,[],"[""0x8006F89C"", ""0x80070434"", ""0x800705D8"", ""0x80070690""]",LIKELY,FUN_8006FCF0,"PSXRecomp high: jr $ra exit, reachable from entry; reachable=True; boundaries are static estimates",,False,True
DUNE.EXE,0x8006FF40,540,[],"[""0x8006F89C"", ""0x800705D8"", ""0x80070690"", ""0x80079B60""]",HYPOTHESIS,FUN_8006FF40,"PSXRecomp medium: prologue-shaped, no proven call path; reachable=False; boundaries are static estimates",,False,False
DUNE.EXE,0x8007015C,80,[],"[""0x8006F89C"", ""0x800705D8""]",LIKELY,FUN_8007015C,"PSXRecomp high: jr $ra exit, reachable from entry; reachable=True; boundaries are static estimates",,False,True
DUNE.EXE,0x800701AC,288,[],"[""0x8006F89C"", ""0x800705D8"", ""0x80070690""]",LIKELY,FUN_800701AC,"PSXRecomp high: jr $ra exit, reachable from entry; reachable=True; boundaries are static estimates",,False,True
DUNE.EXE,0x800702CC,64,[],"[""0x8006F89C"", ""0x800705D8""]",LIKELY,FUN_800702CC,"PSXRecomp high: jr $ra exit, reachable from entry; reachable=True; boundaries are static estimates",,False,True
DUNE.EXE,0x8007030C,296,[],"[""0x8006F89C"", ""0x800705D8"", ""0x80070690"", ""0x800707A0""]",HYPOTHESIS,FUN_8007030C,"PSXRecomp medium: prologue-shaped, no proven call path; reachable=False; boundaries are static estimates",,False,True
DUNE.EXE,0x80070434,420,"[""0x8006FCF0"", ""0x800705D8""]",[],LIKELY,FUN_80070434,"PSXRecomp verified: prologue + epilogue + jr $ra, called from reachable code; reachable=True; boundaries are static estimates",,False,True
DUNE.EXE,0x800705D8,184,"[""0x8006FCF0"", ""0x8006FF40"", ""0x8007015C"", ""0x800701AC"", ""0x800702CC"", ""0x8007030C""]","[""0x80070434""]",LIKELY,FUN_800705D8,"PSXRecomp verified: prologue + epilogue + jr $ra, called from reachable code; reachable=True; boundaries are static estimates",,False,True
DUNE.EXE,0x80070690,272,"[""0x8006FCF0"", ""0x8006FF40"", ""0x800701AC"", ""0x8007030C""]",[],LIKELY,FUN_80070690,"PSXRecomp high: jr $ra exit, reachable from entry; reachable=True; boundaries are static estimates",,False,True
DUNE.EXE,0x800707A0,204,"[""0x8007030C""]",[],HYPOTHESIS,FUN_800707A0,"PSXRecomp low: no prologue, no jr $ra exit, unreachable from entry; reachable=False; boundaries are static estimates",,False,True
DUNE.EXE,0x8007086C,156,"[""0x800552C0""]","[""0x8007DD28""]",LIKELY,FUN_8007086C,"PSXRecomp verified: prologue + epilogue + jr $ra, called from reachable code; reachable=True; boundaries are static estimates",,False,True
DUNE.EXE,0x80070908,284,[],"[""0x8007DCC8""]",HYPOTHESIS,FUN_80070908,"PSXRecomp medium: prologue-shaped, no proven call path; reachable=False; boundaries are static estimates",,False,True
DUNE.EXE,0x80070A24,3304,"[""0x800552C0""]",[],LIKELY,FUN_80070A24,"PSXRecomp verified: prologue + epilogue + jr $ra, called from reachable code; reachable=True; boundaries are static estimates",,False,True
DUNE.EXE,0x8007170C,656,"[""0x800552C0""]","[""0x800610EC"", ""0x80072E58"", ""0x80072ED8""]",LIKELY,FUN_8007170C,"PSXRecomp verified: prologue + epilogue + jr $ra, called from reachable code; reachable=True; boundaries are static estimates",,False,True
DUNE.EXE,0x8007199C,196,[],"[""0x8005A718""]",HYPOTHESIS,FUN_8007199C,"PSXRecomp medium: prologue-shaped, no proven call path; reachable=False; boundaries are static estimates",,False,True
DUNE.EXE,0x80071A60,72,[],[],HYPOTHESIS,FUN_80071A60,"PSXRecomp low: no prologue, no jr $ra exit, unreachable from entry; reachable=False; boundaries are static estimates",,False,True
DUNE.EXE,0x80071AA8,156,[],[],HYPOTHESIS,FUN_80071AA8,"PSXRecomp low: no prologue, no jr $ra exit, unreachable from entry; reachable=False; boundaries are static estimates",,False,True
DUNE.EXE,0x80071B44,1260,[],[],HYPOTHESIS,FUN_80071B44,"PSXRecomp low: no prologue, no jr $ra exit, unreachable from entry; reachable=False; boundaries are static estimates",,False,True
DUNE.EXE,0x80072030,68,"[""0x80072604""]",[],LIKELY,FUN_80072030,"PSXRecomp high: jr $ra exit, reachable from entry; reachable=True; boundaries are static estimates",,False,True
DUNE.EXE,0x80072074,268,"[""0x80054B5C""]",[],HYPOTHESIS,FUN_80072074,"PSXRecomp low: no prologue, no jr $ra exit, unreachable from entry; reachable=False; boundaries are static estimates",,False,True
DUNE.EXE,0x80072180,632,"[""0x80072604""]","[""0x8005A6B0""]",LIKELY,FUN_80072180,"PSXRecomp verified: prologue + epilogue + jr $ra, called from reachable code; reachable=True; boundaries are static estimates",,False,True
DUNE.EXE,0x800723F8,524,"[""0x80072604""]","[""0x80079910""]",LIKELY,FUN_800723F8,"PSXRecomp verified: prologue + epilogue + jr $ra, called from reachable code; reachable=True; boundaries are static estimates",,False,True
DUNE.EXE,0x80072604,684,"[""0x8003F544""]","[""0x800646C4"", ""0x80072030"", ""0x80072180"", ""0x800723F8"", ""0x80072D80"", ""0x80073098""]",LIKELY,FUN_80072604,"PSXRecomp high: jr $ra exit, reachable from entry; reachable=True; boundaries are static estimates",,False,True
DUNE.EXE,0x800728B0,32,[],[],HYPOTHESIS,FUN_800728B0,PSXRecomp medium: address taken but no call-graph path from entry; reachable=False; boundaries are static estimates,,False,True
DUNE.EXE,0x800728D0,12,[],[],HYPOTHESIS,FUN_800728D0,"PSXRecomp low: no prologue, no jr $ra exit, unreachable from entry; reachable=False; boundaries are static estimates",,False,False
DUNE.EXE,0x800728DC,1124,"[""0x8003F544""]","[""0x80072D40"", ""0x80079610"", ""0x80079B60"", ""0x8007D984"", ""0x8007DBA0"", ""0x80082498""]",LIKELY,FUN_800728DC,"PSXRecomp verified: prologue + epilogue + jr $ra, called from reachable code; reachable=True; boundaries are static estimates",,False,True
DUNE.EXE,0x80072D40,4,"[""0x8003F544"", ""0x800728DC""]",[],HYPOTHESIS,FUN_80072D40,PSXRecomp low: reachable but no prologue and no jr $ra exit; reachable=True; boundaries are static estimates,,False,True
DUNE.EXE,0x80072D44,60,[],"[""0x80079640"", ""0x80082498""]",HYPOTHESIS,FUN_80072D44,"PSXRecomp medium: prologue-shaped, no proven call path; reachable=False; boundaries are static estimates",,False,False
DUNE.EXE,0x80072D80,4,"[""0x80072604""]",[],HYPOTHESIS,FUN_80072D80,PSXRecomp low: reachable but no prologue and no jr $ra exit; reachable=True; boundaries are static estimates,,False,True
DUNE.EXE,0x80072D84,212,[],"[""0x80079620"", ""0x80079630"", ""0x80082498""]",HYPOTHESIS,FUN_80072D84,"PSXRecomp medium: prologue-shaped, no proven call path; reachable=False; boundaries are static estimates",,False,False
DUNE.EXE,0x80072E58,120,"[""0x8007170C""]",[],LIKELY,FUN_80072E58,"PSXRecomp high: jr $ra exit, reachable from entry; reachable=True; boundaries are static estimates",,False,True
DUNE.EXE,0x80072ED0,8,[],[],HYPOTHESIS,FUN_80072ED0,"PSXRecomp low: no prologue, no jr $ra exit, unreachable from entry; reachable=False; boundaries are static estimates",,False,False
DUNE.EXE,0x80072ED8,16,"[""0x8007170C""]",[],LIKELY,FUN_80072ED8,"PSXRecomp high: jr $ra exit, reachable from entry; reachable=True; boundaries are static estimates",,False,True
DUNE.EXE,0x80072EE8,52,[],[],HYPOTHESIS,FUN_80072EE8,"PSXRecomp low: no prologue, no jr $ra exit, unreachable from entry; reachable=False; boundaries are static estimates",,False,True
DUNE.EXE,0x80072F1C,52,"[""0x8004078C""]",[],LIKELY,FUN_80072F1C,"PSXRecomp high: jr $ra exit, reachable from entry; reachable=True; boundaries are static estimates",,False,True
DUNE.EXE,0x80072F58,48,"[""0x8001F2D8"", ""0x8001F818"", ""0x8001FD80"", ""0x800201CC"", ""0x800208B4"", ""0x80020E00"", ""0x80021560"", ""0x80021750"", ""0x80021DA8"", ""0x800220F4"", ""0x80025504"", ""0x80027170"", ""0x80027338"", ""0x8002790C"", ""0x80028F1C"", ""0x800295A0"", ""0x80029D28"", ""0x8002AFE4"", ""0x8002B240"", ""0x8002EA44"", ""0x8002EC2C"", ""0x8002ECAC"", ""0x8002F960"", ""0x80030E54"", ""0x80031450"", ""0x800330B0"", ""0x80033384"", ""0x80033610"", ""0x80034014"", ""0x8003801C"", ""0x80038A08"", ""0x80039884"", ""0x80039C4C"", ""0x8003A31C"", ""0x8003C358"", ""0x8003E714"", ""0x8003F4F0"", ""0x8003F544"", ""0x80043970"", ""0x80043D30"", ""0x80044008"", ""0x80044284"", ""0x8004449C"", ""0x80047630"", ""0x8004C238"", ""0x8004DA8C"", ""0x8004DE64"", ""0x80051190"", ""0x80051EC0""]",[],LIKELY,FUN_80072F58,"PSXRecomp high: jr $ra exit, reachable from entry; reachable=True; boundaries are static estimates",,False,True
DUNE.EXE,0x80072F88,12,"[""0x8004078C""]",[],LIKELY,FUN_80072F88,"PSXRecomp high: jr $ra exit, reachable from entry; reachable=True; boundaries are static estimates",,False,True
DUNE.EXE,0x80072F98,100,"[""0x8006786C"", ""0x80076974""]",[],LIKELY,FUN_80072F98,"PSXRecomp high: jr $ra exit, reachable from entry; reachable=True; boundaries are static estimates",,False,True
DUNE.EXE,0x80073008,68,"[""0x8003F544"", ""0x80052CEC"", ""0x80063DA4"", ""0x80064314"", ""0x80064A14"", ""0x80064C68""]",[],LIKELY,FUN_80073008,"PSXRecomp high: jr $ra exit, reachable from entry; reachable=True; boundaries are static estimates",,False,True
DUNE.EXE,0x80073058,52,"[""0x8005A540"", ""0x800730D8"", ""0x80073A34""]",[],LIKELY,FUN_80073058,"PSXRecomp high: jr $ra exit, reachable from entry; reachable=True; boundaries are static estimates",,False,True
DUNE.EXE,0x80073098,60,"[""0x8003F544"", ""0x8004078C"", ""0x80055114"", ""0x8005A6B0"", ""0x8005A738"", ""0x8005A7C0"", ""0x8005A848"", ""0x80072604"", ""0x80074318"", ""0x80074BF8"", ""0x80075154"", ""0x800753D4"", ""0x8007569C"", ""0x80075D40"", ""0x80075F20"", ""0x800763B8"", ""0x800766B0"", ""0x80076A18"", ""0x80079FEC"", ""0x8007A69C"", ""0x8007B3DC"", ""0x8007B44C"", ""0x8007BB10"", ""0x8007C7C0"", ""0x8007C864"", ""0x8007D6A0"", ""0x8007D814"", ""0x8007D870"", ""0x8007D924"", ""0x8007D984"", ""0x8007DA1C"", ""0x8007DA84"", ""0x8007DE40"", ""0x8007DF08"", ""0x8007E010"", ""0x8007E080"", ""0x8007E140"", ""0x8007E24C"", ""0x8007FF84"", ""0x80080484"", ""0x8008093C"", ""0x80080A54"", ""0x80080BC8"", ""0x80086280"", ""0x80086500""]","[""0x800730D8""]",LIKELY,FUN_80073098,"PSXRecomp verified: prologue + epilogue + jr $ra, called from reachable code; reachable=True; boundaries are static estimates",,False,True
DUNE.EXE,0x800730D8,1684,"[""0x80073098""]","[""0x80073058"", ""0x80073778"", ""0x800737C8"", ""0x800738C4""]",LIKELY,FUN_800730D8,"PSXRecomp verified: prologue + epilogue + jr $ra, called from reachable code; reachable=True; boundaries are static estimates",,False,True
DUNE.EXE,0x80073778,80,"[""0x800730D8"", ""0x80073A34""]",[],LIKELY,FUN_80073778,"PSXRecomp high: jr $ra exit, reachable from entry; reachable=True; boundaries are static estimates",,False,True
DUNE.EXE,0x800737C8,252,"[""0x800730D8"", ""0x800737C8"", ""0x80073900"", ""0x80076358""]","[""0x800737C8"", ""0x80079630""]",LIKELY,FUN_800737C8,"PSXRecomp verified: prologue + epilogue + jr $ra, called from reachable code; reachable=True; boundaries are static estimates",,False,True
DUNE.EXE,0x800738C4,60,"[""0x800730D8"", ""0x80076358""]","[""0x80079630""]",LIKELY,FUN_800738C4,"PSXRecomp high: jr $ra exit, reachable from entry; reachable=True; boundaries are static estimates",,False,True
DUNE.EXE,0x80073900,296,[],"[""0x800737C8"", ""0x80079630""]",HYPOTHESIS,FUN_80073900,"PSXRecomp medium: prologue-shaped, no proven call path; reachable=False; boundaries are static estimates",,False,True
DUNE.EXE,0x80073A28,12,"[""0x8001FB98"", ""0x8004078C"", ""0x80041974"", ""0x8004DE64"", ""0x8004F544"", ""0x80052CEC"", ""0x80055360"", ""0x80062968"", ""0x800636EC"", ""0x800643D0"", ""0x8006786C"", ""0x80069A48"", ""0x8006A0D4"", ""0x8006C598"", ""0x8006E730""]",[],HYPOTHESIS,FUN_80073A28,PSXRecomp low: reachable but no prologue and no jr $ra exit; reachable=True; boundaries are static estimates,,False,True
DUNE.EXE,0x80073A34,2164,[],"[""0x80073058"", ""0x80073778"", ""0x800742A8""]",HYPOTHESIS,FUN_80073A34,"PSXRecomp medium: prologue-shaped, no proven call path; reachable=False; boundaries are static estimates",,False,False
DUNE.EXE,0x800742A8,108,"[""0x80073A34""]",[],HYPOTHESIS,FUN_800742A8,"PSXRecomp low: no prologue, no jr $ra exit, unreachable from entry; reachable=False; boundaries are static estimates",,False,True
DUNE.EXE,0x80074318,144,"[""0x80063C88"", ""0x80063DA4"", ""0x80064068""]","[""0x80073098"", ""0x800743A8""]",LIKELY,FUN_80074318,"PSXRecomp verified: prologue + epilogue + jr $ra, called from reachable code; reachable=True; boundaries are static estimates",,False,True
DUNE.EXE,0x800743A8,60,"[""0x80074318""]","[""0x80075C04"", ""0x80075D40""]",LIKELY,FUN_800743A8,"PSXRecomp verified: prologue + epilogue + jr $ra, called from reachable code; reachable=True; boundaries are static estimates",,False,True
DUNE.EXE,0x800743E4,40,[],"[""0x80079600""]",LIKELY,FUN_800743E4,"PSXRecomp verified: prologue + epilogue + jr $ra, called from reachable code; reachable=True; boundaries are static estimates",,False,True
DUNE.EXE,0x8007440C,40,[],"[""0x80079600""]",LIKELY,FUN_8007440C,"PSXRecomp verified: prologue + epilogue + jr $ra, called from reachable code; reachable=True; boundaries are static estimates",,False,True
DUNE.EXE,0x80074434,40,[],"[""0x80079600""]",LIKELY,FUN_80074434,"PSXRecomp verified: prologue + epilogue + jr $ra, called from reachable code; reachable=True; boundaries are static estimates",,False,True
DUNE.EXE,0x80074468,16,"[""0x80077120"", ""0x800774A8""]",[],LIKELY,FUN_80074468,"PSXRecomp high: jr $ra exit, reachable from entry; reachable=True; boundaries are static estimates",,False,True
DUNE.EXE,0x80074478,16,"[""0x80077120""]",[],LIKELY,FUN_80074478,"PSXRecomp high: jr $ra exit, reachable from entry; reachable=True; boundaries are static estimates",,False,True
DUNE.EXE,0x80074488,16,[],[],HYPOTHESIS,FUN_80074488,"PSXRecomp low: no prologue, no jr $ra exit, unreachable from entry; reachable=False; boundaries are static estimates",,False,True
DUNE.EXE,0x80074498,12,"[""0x80077120""]",[],LIKELY,FUN_80074498,"PSXRecomp high: jr $ra exit, reachable from entry; reachable=True; boundaries are static estimates",,False,True
DUNE.EXE,0x800744A4,108,[],"[""0x80075C04"", ""0x80075CF4"", ""0x80075D40""]",HYPOTHESIS,libcd_CdReset,"PSXRecomp medium: prologue-shaped, no proven call path; reachable=False; boundaries are static estimates",,False,True
DUNE.EXE,0x80074510,32,"[""0x80077120""]","[""0x80075B30""]",LIKELY,FUN_80074510,"PSXRecomp verified: prologue + epilogue + jr $ra, called from reachable code; reachable=True; boundaries are static estimates",,False,True
DUNE.EXE,0x80074530,20,"[""0x80063C88""]",[],LIKELY,FUN_80074530,"PSXRecomp high: jr $ra exit, reachable from entry; reachable=True; boundaries are static estimates",,False,True
DUNE.EXE,0x80074544,52,[],[],HYPOTHESIS,FUN_80074544,"PSXRecomp low: no prologue, no jr $ra exit, unreachable from entry; reachable=False; boundaries are static estimates",,False,True
DUNE.EXE,0x80074578,52,[],[],HYPOTHESIS,FUN_80074578,"PSXRecomp low: no prologue, no jr $ra exit, unreachable from entry; reachable=False; boundaries are static estimates",,False,True
DUNE.EXE,0x800745AC,32,"[""0x80063038""]","[""0x80075154""]",HYPOTHESIS,FUN_800745AC,"PSXRecomp medium: prologue-shaped, no proven call path; reachable=False; boundaries are static estimates",,False,True
DUNE.EXE,0x800745CC,32,"[""0x80077644""]","[""0x800753D4""]",LIKELY,FUN_800745CC,"PSXRecomp verified: prologue + epilogue + jr $ra, called from reachable code; reachable=True; boundaries are static estimates",,False,True
DUNE.EXE,0x800745EC,20,"[""0x80076DA8"", ""0x80076DDC"", ""0x80077050"", ""0x80077120"", ""0x80077308"", ""0x800774A8""]",[],LIKELY,FUN_800745EC,"PSXRecomp high: jr $ra exit, reachable from entry; reachable=True; boundaries are static estimates",,False,True
DUNE.EXE,0x80074600,20,"[""0x80076DDC"", ""0x80077050"", ""0x80077120"", ""0x80077308"", ""0x800774A8""]",[],LIKELY,FUN_80074600,"PSXRecomp high: jr $ra exit, reachable from entry; reachable=True; boundaries are static estimates",,False,True
DUNE.EXE,0x80074614,316,"[""0x80063C88"", ""0x80063DA4"", ""0x80064068"", ""0x80076CB4"", ""0x80077120""]","[""0x8007569C""]",LIKELY,libcd_CdControl,"PSXRecomp verified: prologue + epilogue + jr $ra, called from reachable code; reachable=True; boundaries are static estimates",,False,False
DUNE.EXE,0x80074750,308,"[""0x80076DDC"", ""0x80077050"", ""0x80077120"", ""0x80077308""]","[""0x8007569C""]",LIKELY,libcd_CdControlF,"PSXRecomp verified: prologue + epilogue + jr $ra, called from reachable code; reachable=True; boundaries are static estimates",,False,False
DUNE.EXE,0x80074884,332,"[""0x80062BA8"", ""0x80062CE4"", ""0x80062D1C"", ""0x80062DB8"", ""0x80063038"", ""0x800774A8""]","[""0x80075154"", ""0x8007569C""]",LIKELY,libcd_CdControlB,"PSXRecomp verified: prologue + epilogue + jr $ra, called from reachable code; reachable=True; boundaries are static estimates",,False,True
DUNE.EXE,0x800749D0,32,[],"[""0x80075AA8""]",HYPOTHESIS,libcd_CdMix,"PSXRecomp medium: prologue-shaped, no proven call path; reachable=False; boundaries are static estimates",,False,False
DUNE.EXE,0x800749F0,32,"[""0x80076DDC""]","[""0x80076088""]",LIKELY,FUN_800749F0,"PSXRecomp verified: prologue + epilogue + jr $ra, called from reachable code; reachable=True; boundaries are static estimates",,False,True
DUNE.EXE,0x80074A10,32,"[""0x80076DDC""]","[""0x80076188""]",LIKELY,FUN_80074A10,"PSXRecomp verified: prologue + epilogue + jr $ra, called from reachable code; reachable=True; boundaries are static estimates",,False,True
DUNE.EXE,0x80074A30,36,"[""0x80076DDC"", ""0x80077050"", ""0x80077120"", ""0x80077308"", ""0x800774A8""]","[""0x80079DE0""]",LIKELY,FUN_80074A30,"PSXRecomp verified: prologue + epilogue + jr $ra, called from reachable code; reachable=True; boundaries are static estimates",,False,True
DUNE.EXE,0x80074A54,32,"[""0x80076DDC"", ""0x80077308""]","[""0x80075F20""]",LIKELY,FUN_80074A54,"PSXRecomp verified: prologue + epilogue + jr $ra, called from reachable code; reachable=True; boundaries are static estimates",,False,True
DUNE.EXE,0x80074A74,260,"[""0x80062BA8"", ""0x80063DA4"", ""0x80064068"", ""0x80076A18"", ""0x80076CB4""]",[],LIKELY,libcd_CdIntToPos,"PSXRecomp high: jr $ra exit, reachable from entry; reachable=True; boundaries are static estimates",,False,True
DUNE.EXE,0x80074B78,128,"[""0x80063038"", ""0x80063DA4"", ""0x80064068"", ""0x8006421C"", ""0x80076DDC"", ""0x80077120""]",[],LIKELY,libcd_CdPosToInt,"PSXRecomp high: jr $ra exit, reachable from entry; reachable=True; boundaries are static estimates",,False,True
DUNE.EXE,0x80074BF8,1372,"[""0x80075154"", ""0x800753D4"", ""0x8007569C"", ""0x80076280""]","[""0x80073098"", ""0x80076358""]",LIKELY,FUN_80074BF8,"PSXRecomp verified: prologue + epilogue + jr $ra, called from reachable code; reachable=True; boundaries are static estimates",,False,True
DUNE.EXE,0x80075154,640,"[""0x800745AC"", ""0x80074884"", ""0x8007569C"", ""0x80075D40""]","[""0x80073098"", ""0x80074BF8"", ""0x80075B30"", ""0x80076358"", ""0x80079B60"", ""0x80079ED4""]",LIKELY,libcd_CD_sync,"PSXRecomp verified: prologue + epilogue + jr $ra, called from reachable code; reachable=True; boundaries are static estimates",,False,True
DUNE.EXE,0x800753D4,712,"[""0x800745CC""]","[""0x80073098"", ""0x80074BF8"", ""0x80075B30"", ""0x80076358"", ""0x80079B60"", ""0x80079ED4""]",LIKELY,libcd_CD_ready,"PSXRecomp verified: prologue + epilogue + jr $ra, called from reachable code; reachable=True; boundaries are static estimates",,False,True
DUNE.EXE,0x8007569C,1036,"[""0x80074614"", ""0x80074750"", ""0x80074884"", ""0x80075D40""]","[""0x80073098"", ""0x80074BF8"", ""0x80075154"", ""0x80075B30"", ""0x80076358"", ""0x80079B60"", ""0x80079ED4""]",LIKELY,libcd_CD_cw,"PSXRecomp high: jr $ra exit, reachable from entry; reachable=True; boundaries are static estimates",,False,True
DUNE.EXE,0x80075AA8,136,"[""0x800749D0""]",[],HYPOTHESIS,libcd_CD_vol,"PSXRecomp low: no prologue, no jr $ra exit, unreachable from entry; reachable=False; boundaries are static estimates",,False,True
DUNE.EXE,0x80075B30,212,"[""0x80074510"", ""0x80075154"", ""0x800753D4"", ""0x8007569C"", ""0x80075F20""]",[],LIKELY,libcd_CD_flush,"PSXRecomp high: jr $ra exit, reachable from entry; reachable=True; boundaries are static estimates",,False,True
DUNE.EXE,0x80075C04,240,"[""0x800743A8"", ""0x800744A4""]",[],LIKELY,libcd_CD_initvol,"PSXRecomp high: jr $ra exit, reachable from entry; reachable=True; boundaries are static estimates",,False,True
DUNE.EXE,0x80075CF4,76,"[""0x800744A4""]","[""0x80079D80"", ""0x80079DB0""]",HYPOTHESIS,libcd_CD_initintr,"PSXRecomp medium: prologue-shaped, no proven call path; reachable=False; boundaries are static estimates",,False,True
DUNE.EXE,0x80075D40,480,"[""0x800743A8"", ""0x800744A4""]","[""0x80073098"", ""0x80075154"", ""0x8007569C"", ""0x80076358"", ""0x80079D80"", ""0x80079DB0""]",LIKELY,libcd_CD_init,"PSXRecomp verified: prologue + epilogue + jr $ra, called from reachable code; reachable=True; boundaries are static estimates",,False,True
DUNE.EXE,0x80075F20,360,"[""0x80074A54""]","[""0x80073098"", ""0x80075B30"", ""0x80076358"", ""0x80079B60""]",LIKELY,libcd_CD_datasync,"PSXRecomp verified: prologue + epilogue + jr $ra, called from reachable code; reachable=True; boundaries are static estimates",,False,False
DUNE.EXE,0x80076088,256,"[""0x800749F0""]",[],LIKELY,libcd_CD_getsector,"PSXRecomp high: jr $ra exit, reachable from entry; reachable=True; boundaries are static estimates",,False,True
DUNE.EXE,0x80076188,236,"[""0x80074A10""]",[],LIKELY,libcd_CD_getsector2,"PSXRecomp high: jr $ra exit, reachable from entry; reachable=True; boundaries are static estimates",,False,True
DUNE.EXE,0x80076274,12,[],[],HYPOTHESIS,FUN_80076274,"PSXRecomp low: no prologue, no jr $ra exit, unreachable from entry; reachable=False; boundaries are static estimates",,False,True
DUNE.EXE,0x80076280,216,[],"[""0x80074BF8""]",LIKELY,FUN_80076280,"PSXRecomp high: jr $ra exit, reachable from entry; reachable=True; boundaries are static estimates",,False,True
DUNE.EXE,0x80076358,84,"[""0x80074BF8"", ""0x80075154"", ""0x800753D4"", ""0x8007569C"", ""0x80075D40"", ""0x80075F20"", ""0x80076DDC"", ""0x80077120"", ""0x80079CD8""]","[""0x800737C8"", ""0x800738C4""]",LIKELY,FUN_80076358,"PSXRecomp verified: prologue + epilogue + jr $ra, called from reachable code; reachable=True; boundaries are static estimates",,False,True
DUNE.EXE,0x800763B8,728,"[""0x80063C88""]","[""0x80073098"", ""0x80076690"", ""0x800766B0"", ""0x80076974"", ""0x80076A18""]",LIKELY,FUN_800763B8,"PSXRecomp high: jr $ra exit, reachable from entry; reachable=True; boundaries are static estimates",,False,True
DUNE.EXE,0x80076690,32,"[""0x800763B8""]","[""0x80076D28""]",LIKELY,libcd__cmp,"PSXRecomp verified: prologue + epilogue + jr $ra, called from reachable code; reachable=True; boundaries are static estimates",,False,True
DUNE.EXE,0x800766B0,708,"[""0x800763B8""]","[""0x800196C8"", ""0x80073098"", ""0x80076CB4"", ""0x80076D28""]",LIKELY,FUN_800766B0,"PSXRecomp verified: prologue + epilogue + jr $ra, called from reachable code; reachable=True; boundaries are static estimates",,False,True
DUNE.EXE,0x80076974,164,"[""0x800763B8""]","[""0x80072F98""]",LIKELY,FUN_80076974,"PSXRecomp verified: prologue + epilogue + jr $ra, called from reachable code; reachable=True; boundaries are static estimates",,False,True
DUNE.EXE,0x80076A18,668,"[""0x800763B8""]","[""0x800196C8"", ""0x80073098"", ""0x80074A74"", ""0x80076CB4""]",LIKELY,FUN_80076A18,"PSXRecomp high: jr $ra exit, reachable from entry; reachable=True; boundaries are static estimates",,False,True
DUNE.EXE,0x80076CB4,104,"[""0x800766B0"", ""0x80076A18""]","[""0x80074614"", ""0x80074A74"", ""0x800774A8"", ""0x80077644""]",LIKELY,FUN_80076CB4,"PSXRecomp verified: prologue + epilogue + jr $ra, called from reachable code; reachable=True; boundaries are static estimates",,False,True
DUNE.EXE,0x80076D28,128,"[""0x80076690"", ""0x800766B0""]",[],LIKELY,FUN_80076D28,"PSXRecomp high: jr $ra exit, reachable from entry; reachable=True; boundaries are static estimates",,False,True
DUNE.EXE,0x80076DA8,52,[],"[""0x800745EC""]",LIKELY,FUN_80076DA8,"PSXRecomp verified: prologue + epilogue + jr $ra, called from reachable code; reachable=True; boundaries are static estimates",,False,True
DUNE.EXE,0x80076DDC,628,[],"[""0x800745EC"", ""0x80074600"", ""0x80074750"", ""0x800749F0"", ""0x80074A10"", ""0x80074A30"", ""0x80074A54"", ""0x80074B78"", ""0x80076358"", ""0x80077120"", ""0x80079B60""]",LIKELY,FUN_80076DDC,"PSXRecomp verified: prologue + epilogue + jr $ra, called from reachable code; reachable=True; boundaries are static estimates",,False,True
DUNE.EXE,0x80077050,208,[],"[""0x800745EC"", ""0x80074600"", ""0x80074750"", ""0x80074A30""]",LIKELY,FUN_80077050,"PSXRecomp verified: prologue + epilogue + jr $ra, called from reachable code; reachable=True; boundaries are static estimates",,False,True
DUNE.EXE,0x80077120,488,"[""0x80076DDC"", ""0x800774A8"", ""0x80077644""]","[""0x80074468"", ""0x80074478"", ""0x80074498"", ""0x80074510"", ""0x800745EC"", ""0x80074600"", ""0x80074614"", ""0x80074750"", ""0x80074A30"", ""0x80074B78"", ""0x80076358"", ""0x80079B60""]",LIKELY,FUN_80077120,"PSXRecomp verified: prologue + epilogue + jr $ra, called from reachable code; reachable=True; boundaries are static estimates",,False,True
DUNE.EXE,0x80077308,416,[],"[""0x800745EC"", ""0x80074600"", ""0x80074750"", ""0x80074A30"", ""0x80074A54"", ""0x80079B60""]",HYPOTHESIS,libcd_CdReadBreak,"PSXRecomp low: no prologue, no jr $ra exit, unreachable from entry; reachable=False; boundaries are static estimates",,False,False
DUNE.EXE,0x800774A8,412,"[""0x80063C88"", ""0x80063DA4"", ""0x80076CB4""]","[""0x80074468"", ""0x800745EC"", ""0x80074600"", ""0x80074884"", ""0x80074A30"", ""0x80077120"", ""0x80079B60""]",LIKELY,libcd_CdRead,"PSXRecomp verified: prologue + epilogue + jr $ra, called from reachable code; reachable=True; boundaries are static estimates",,False,False
DUNE.EXE,0x80077644,260,"[""0x80063C88"", ""0x80063DA4"", ""0x80076CB4""]","[""0x800745CC"", ""0x80077120"", ""0x80079B60""]",LIKELY,libcd_CdReadSync,"PSXRecomp verified: prologue + epilogue + jr $ra, called from reachable code; reachable=True; boundaries are static estimates",,False,False
DUNE.EXE,0x80077748,20,[],[],HYPOTHESIS,FUN_80077748,"PSXRecomp low: no prologue, no jr $ra exit, unreachable from entry; reachable=False; boundaries are static estimates",,False,True
DUNE.EXE,0x8007775C,20,[],[],HYPOTHESIS,libcd_CdReadMode,"PSXRecomp low: no prologue, no jr $ra exit, unreachable from entry; reachable=False; boundaries are static estimates",,False,True
DUNE.EXE,0x80077778,28,"[""0x80020648"", ""0x80021DA8"", ""0x80024220"", ""0x80034014""]",[],LIKELY,FUN_80077778,"PSXRecomp high: jr $ra exit, reachable from entry; reachable=True; boundaries are static estimates",,False,True
DUNE.EXE,0x80077794,60,[],[],HYPOTHESIS,FUN_80077794,"PSXRecomp low: no prologue, no jr $ra exit, unreachable from entry; reachable=False; boundaries are static estimates",,False,False
DUNE.EXE,0x800777D0,8,[],[],HYPOTHESIS,FUN_800777D0,"PSXRecomp low: no prologue, no jr $ra exit, unreachable from entry; reachable=False; boundaries are static estimates",,False,False
DUNE.EXE,0x800777D8,16,"[""0x8001F2D8"", ""0x8001FD80"", ""0x800201CC"", ""0x80020648"", ""0x80021560"", ""0x80021750"", ""0x80021994"", ""0x80021DA8"", ""0x80024220"", ""0x80027628"", ""0x80028F1C"", ""0x8002A390"", ""0x8002B810"", ""0x8002ED3C"", ""0x80034014"", ""0x8003A31C"", ""0x8003CEE4"", ""0x8003EA0C"", ""0x800539CC""]",[],LIKELY,FUN_800777D8,"PSXRecomp high: jr $ra exit, reachable from entry; reachable=True; boundaries are static estimates",,False,True
DUNE.EXE,0x800777E8,32,[],[],HYPOTHESIS,FUN_800777E8,"PSXRecomp low: no prologue, no jr $ra exit, unreachable from entry; reachable=False; boundaries are static estimates",,False,False
DUNE.EXE,0x80077808,60,[],[],HYPOTHESIS,FUN_80077808,"PSXRecomp low: no prologue, no jr $ra exit, unreachable from entry; reachable=False; boundaries are static estimates",,True,False
DUNE.EXE,0x80077844,20,"[""0x8001F2D8"", ""0x8001FD80"", ""0x800201CC"", ""0x80020648"", ""0x80021560"", ""0x80021750"", ""0x80021994"", ""0x80021DA8"", ""0x80024220"", ""0x80028F1C"", ""0x8002A390"", ""0x8002B810"", ""0x8002ED3C"", ""0x80034014"", ""0x8003A31C"", ""0x8003CEE4"", ""0x8003EA0C"", ""0x800539CC""]",[],LIKELY,FUN_80077844,"PSXRecomp high: jr $ra exit, reachable from entry; reachable=True; boundaries are static estimates",,False,True
DUNE.EXE,0x80077858,16,[],[],HYPOTHESIS,FUN_80077858,"PSXRecomp low: no prologue, no jr $ra exit, unreachable from entry; reachable=False; boundaries are static estimates",,False,False
DUNE.EXE,0x80077868,176,[],[],HYPOTHESIS,FUN_80077868,"PSXRecomp low: no prologue, no jr $ra exit, unreachable from entry; reachable=False; boundaries are static estimates",,True,False
DUNE.EXE,0x80077918,36,[],[],HYPOTHESIS,FUN_80077918,"PSXRecomp low: no prologue, no jr $ra exit, unreachable from entry; reachable=False; boundaries are static estimates",,False,False
DUNE.EXE,0x8007793C,24,[],[],HYPOTHESIS,FUN_8007793C,"PSXRecomp low: no prologue, no jr $ra exit, unreachable from entry; reachable=False; boundaries are static estimates",,False,False
DUNE.EXE,0x80077954,20,"[""0x8002B810"", ""0x8003A31C""]",[],LIKELY,FUN_80077954,"PSXRecomp high: jr $ra exit, reachable from entry; reachable=True; boundaries are static estimates",,False,True
DUNE.EXE,0x80077968,20,[],[],HYPOTHESIS,FUN_80077968,"PSXRecomp low: no prologue, no jr $ra exit, unreachable from entry; reachable=False; boundaries are static estimates",,False,False
DUNE.EXE,0x8007797C,184,[],[],HYPOTHESIS,FUN_8007797C,"PSXRecomp low: no prologue, no jr $ra exit, unreachable from entry; reachable=False; boundaries are static estimates",,True,False
DUNE.EXE,0x80077A34,36,[],[],HYPOTHESIS,FUN_80077A34,"PSXRecomp low: no prologue, no jr $ra exit, unreachable from entry; reachable=False; boundaries are static estimates",,False,False
DUNE.EXE,0x80077A58,24,[],[],HYPOTHESIS,FUN_80077A58,"PSXRecomp low: no prologue, no jr $ra exit, unreachable from entry; reachable=False; boundaries are static estimates",,False,False
DUNE.EXE,0x80077A70,100,"[""0x8001F2D8"", ""0x8001FD80"", ""0x800201CC"", ""0x80020648"", ""0x80021560"", ""0x80021750"", ""0x80021994"", ""0x80021DA8"", ""0x80024220"", ""0x80028F1C"", ""0x8002A390"", ""0x8002B810"", ""0x8002ED3C"", ""0x80034014"", ""0x8003A31C"", ""0x8003CEE4"", ""0x8003EA0C"", ""0x800539CC""]",[],LIKELY,FUN_80077A70,"PSXRecomp high: jr $ra exit, reachable from entry; reachable=True; boundaries are static estimates",,False,True
DUNE.EXE,0x80077AD4,28,[],[],HYPOTHESIS,FUN_80077AD4,"PSXRecomp low: no prologue, no jr $ra exit, unreachable from entry; reachable=False; boundaries are static estimates",,False,False
DUNE.EXE,0x80077AF0,24,[],[],HYPOTHESIS,FUN_80077AF0,"PSXRecomp low: no prologue, no jr $ra exit, unreachable from entry; reachable=False; boundaries are static estimates",,False,False
DUNE.EXE,0x80077B08,8,[],[],HYPOTHESIS,FUN_80077B08,"PSXRecomp low: no prologue, no jr $ra exit, unreachable from entry; reachable=False; boundaries are static estimates",,False,False
DUNE.EXE,0x80077B10,24,"[""0x8001FD80"", ""0x80021DA8"", ""0x80027628"", ""0x80034014"", ""0x8003A31C""]",[],LIKELY,FUN_80077B10,"PSXRecomp high: jr $ra exit, reachable from entry; reachable=True; boundaries are static estimates",,False,True
DUNE.EXE,0x80077B28,36,[],[],HYPOTHESIS,FUN_80077B28,"PSXRecomp low: no prologue, no jr $ra exit, unreachable from entry; reachable=False; boundaries are static estimates",,False,False
DUNE.EXE,0x80077B4C,236,[],[],HYPOTHESIS,FUN_80077B4C,"PSXRecomp low: no prologue, no jr $ra exit, unreachable from entry; reachable=False; boundaries are static estimates",,False,False
DUNE.EXE,0x80077C38,24,"[""0x8001F2D8"", ""0x8002FDE4"", ""0x80038A08"", ""0x8003CEE4"", ""0x8004CC54"", ""0x80051EC0"", ""0x80078D18""]",[],LIKELY,FUN_80077C38,"PSXRecomp high: jr $ra exit, reachable from entry; reachable=True; boundaries are static estimates",,False,True
DUNE.EXE,0x80077C50,32,[],[],HYPOTHESIS,FUN_80077C50,"PSXRecomp low: no prologue, no jr $ra exit, unreachable from entry; reachable=False; boundaries are static estimates",,False,False
DUNE.EXE,0x80077C70,96,[],[],HYPOTHESIS,FUN_80077C70,"PSXRecomp low: no prologue, no jr $ra exit, unreachable from entry; reachable=False; boundaries are static estimates",,True,False
DUNE.EXE,0x80077CD0,80,"[""0x8003A31C""]",[],LIKELY,FUN_80077CD0,"PSXRecomp high: jr $ra exit, reachable from entry; reachable=True; boundaries are static estimates",,False,True
DUNE.EXE,0x80077D20,16,[],[],HYPOTHESIS,FUN_80077D20,"PSXRecomp low: no prologue, no jr $ra exit, unreachable from entry; reachable=False; boundaries are static estimates",,False,False
DUNE.EXE,0x80077D30,48,"[""0x8001F2D8"", ""0x8002FDE4"", ""0x8003CEE4"", ""0x800608FC"", ""0x80078D18"", ""0x80078F98"", ""0x80079074"", ""0x80079450""]",[],LIKELY,FUN_80077D30,"PSXRecomp high: jr $ra exit, reachable from entry; reachable=True; boundaries are static estimates",,False,True
DUNE.EXE,0x80077D60,96,[],[],HYPOTHESIS,FUN_80077D60,"PSXRecomp low: no prologue, no jr $ra exit, unreachable from entry; reachable=False; boundaries are static estimates",,False,False
DUNE.EXE,0x80077DC0,256,[],[],HYPOTHESIS,FUN_80077DC0,"PSXRecomp low: no prologue, no jr $ra exit, unreachable from entry; reachable=False; boundaries are static estimates",,False,False
DUNE.EXE,0x80077EC0,28,[],[],HYPOTHESIS,FUN_80077EC0,"PSXRecomp low: no prologue, no jr $ra exit, unreachable from entry; reachable=False; boundaries are static estimates",,False,False
DUNE.EXE,0x80077EDC,44,"[""0x800608FC"", ""0x80078D18"", ""0x80078F10"", ""0x80078F98"", ""0x80079074"", ""0x80079450""]",[],LIKELY,FUN_80077EDC,"PSXRecomp high: jr $ra exit, reachable from entry; reachable=True; boundaries are static estimates",,False,True
DUNE.EXE,0x80077F08,56,[],[],HYPOTHESIS,FUN_80077F08,"PSXRecomp low: no prologue, no jr $ra exit, unreachable from entry; reachable=False; boundaries are static estimates",,False,False
DUNE.EXE,0x80077F40,344,[],[],HYPOTHESIS,FUN_80077F40,"PSXRecomp low: no prologue, no jr $ra exit, unreachable from entry; reachable=False; boundaries are static estimates",,False,False
DUNE.EXE,0x80078098,884,"[""0x8001F2D8"", ""0x8002FDE4"", ""0x8003CEE4"", ""0x80078D18"", ""0x80078F98"", ""0x80079074"", ""0x800793D0"", ""0x80079450""]","[""0x80078418"", ""0x800784C8"", ""0x80078B48"", ""0x80079590""]",LIKELY,FUN_80078098,"PSXRecomp verified: prologue + epilogue + jr $ra, called from reachable code; reachable=True; boundaries are static estimates",,False,True
DUNE.EXE,0x80078418,172,"[""0x80078098"", ""0x80078B48""]",[],LIKELY,FUN_80078418,"PSXRecomp verified: prologue + epilogue + jr $ra, called from reachable code; reachable=True; boundaries are static estimates",,False,True
DUNE.EXE,0x800784C8,188,"[""0x80078098"", ""0x800785B8"", ""0x800786B8"", ""0x80078BE8""]",[],LIKELY,FUN_800784C8,"PSXRecomp high: jr $ra exit, reachable from entry; reachable=True; boundaries are static estimates",,False,True
DUNE.EXE,0x80078588,48,"[""0x8001FD80""]",[],LIKELY,FUN_80078588,"PSXRecomp high: jr $ra exit, reachable from entry; reachable=True; boundaries are static estimates",,False,True
DUNE.EXE,0x800785B8,244,"[""0x8004CC54"", ""0x800608FC"", ""0x80078D18""]","[""0x800784C8"", ""0x80079590""]",LIKELY,FUN_800785B8,"PSXRecomp verified: prologue + epilogue + jr $ra, called from reachable code; reachable=True; boundaries are static estimates",,False,True
DUNE.EXE,0x800786B8,252,"[""0x8001F2D8"", ""0x8002FDE4"", ""0x8003CEE4"", ""0x80051EC0""]","[""0x800784C8"", ""0x80079590""]",LIKELY,FUN_800786B8,"PSXRecomp verified: prologue + epilogue + jr $ra, called from reachable code; reachable=True; boundaries are static estimates",,False,True
DUNE.EXE,0x800787B8,172,"[""0x8001F2D8"", ""0x800204D4"", ""0x80021560"", ""0x80021750"", ""0x80021994"", ""0x8002ED3C"", ""0x8003A31C"", ""0x8003CEE4"", ""0x8003EA0C""]","[""0x80079590""]",LIKELY,FUN_800787B8,"PSXRecomp verified: prologue + epilogue + jr $ra, called from reachable code; reachable=True; boundaries are static estimates",,False,True
DUNE.EXE,0x80078868,212,"[""0x80038A08"", ""0x80079450""]",[],LIKELY,FUN_80078868,"PSXRecomp high: jr $ra exit, reachable from entry; reachable=True; boundaries are static estimates",,False,True
DUNE.EXE,0x80078948,152,"[""0x800201CC"", ""0x80028F1C"", ""0x800539CC""]",[],LIKELY,FUN_80078948,"PSXRecomp high: jr $ra exit, reachable from entry; reachable=True; boundaries are static estimates",,False,True
DUNE.EXE,0x800789E8,164,"[""0x8002B810""]",[],HYPOTHESIS,FUN_800789E8,"PSXRecomp low: no prologue, no jr $ra exit, unreachable from entry; reachable=False; boundaries are static estimates",,False,True
DUNE.EXE,0x80078A98,176,"[""0x8001FD80"", ""0x80027628"", ""0x8002A390"", ""0x8003A31C""]",[],LIKELY,FUN_80078A98,"PSXRecomp high: jr $ra exit, reachable from entry; reachable=True; boundaries are static estimates",,False,True
DUNE.EXE,0x80078B48,112,"[""0x80078098""]","[""0x80078418""]",LIKELY,FUN_80078B48,"PSXRecomp verified: prologue + epilogue + jr $ra, called from reachable code; reachable=True; boundaries are static estimates",,False,True
DUNE.EXE,0x80078BB8,48,"[""0x800201CC""]",[],LIKELY,FUN_80078BB8,"PSXRecomp high: jr $ra exit, reachable from entry; reachable=True; boundaries are static estimates",,False,True
DUNE.EXE,0x80078BE8,304,"[""0x8003A31C""]","[""0x800784C8"", ""0x80079590""]",LIKELY,FUN_80078BE8,"PSXRecomp verified: prologue + epilogue + jr $ra, called from reachable code; reachable=True; boundaries are static estimates",,False,True
DUNE.EXE,0x80078D18,504,"[""0x80078F10"", ""0x80078F98"", ""0x80079074""]","[""0x80077C38"", ""0x80077D30"", ""0x80077EDC"", ""0x80078098"", ""0x800785B8"", ""0x800791C0"", ""0x800793D0""]",LIKELY,FUN_80078D18,"PSXRecomp verified: prologue + epilogue + jr $ra, called from reachable code; reachable=True; boundaries are static estimates",,False,True
DUNE.EXE,0x80078F10,136,"[""0x800608FC""]","[""0x80077EDC"", ""0x80078D18"", ""0x80079380""]",LIKELY,FUN_80078F10,"PSXRecomp verified: prologue + epilogue + jr $ra, called from reachable code; reachable=True; boundaries are static estimates",,False,True
DUNE.EXE,0x80078F98,220,[],"[""0x80077D30"", ""0x80077EDC"", ""0x80078098"", ""0x80078D18"", ""0x800791A8""]",HYPOTHESIS,FUN_80078F98,"PSXRecomp low: no prologue, no jr $ra exit, unreachable from entry; reachable=False; boundaries are static estimates",,False,True
DUNE.EXE,0x80079074,308,[],"[""0x80077D30"", ""0x80077EDC"", ""0x80078098"", ""0x80078D18"", ""0x800791A8"", ""0x800792A0"", ""0x800793D0""]",HYPOTHESIS,FUN_80079074,"PSXRecomp medium: prologue-shaped, no proven call path; reachable=False; boundaries are static estimates",,False,True
DUNE.EXE,0x800791A8,24,"[""0x80078F98"", ""0x80079074"", ""0x800793D0""]",[],LIKELY,FUN_800791A8,"PSXRecomp high: jr $ra exit, reachable from entry; reachable=True; boundaries are static estimates",,False,True
DUNE.EXE,0x800791C0,220,"[""0x80078D18""]",[],LIKELY,FUN_800791C0,"PSXRecomp high: jr $ra exit, reachable from entry; reachable=True; boundaries are static estimates",,False,True
DUNE.EXE,0x800792A0,220,"[""0x80079074"", ""0x80079450""]",[],LIKELY,FUN_800792A0,"PSXRecomp high: jr $ra exit, reachable from entry; reachable=True; boundaries are static estimates",,False,True
DUNE.EXE,0x80079380,72,"[""0x80078F10""]",[],LIKELY,FUN_80079380,"PSXRecomp high: jr $ra exit, reachable from entry; reachable=True; boundaries are static estimates",,False,True
DUNE.EXE,0x800793D0,124,"[""0x80078D18"", ""0x80079074""]","[""0x80078098"", ""0x800791A8""]",LIKELY,FUN_800793D0,"PSXRecomp verified: prologue + epilogue + jr $ra, called from reachable code; reachable=True; boundaries are static estimates",,False,True
DUNE.EXE,0x80079450,308,"[""0x8003A31C"", ""0x8004CC54"", ""0x80051EC0""]","[""0x80077D30"", ""0x80077EDC"", ""0x80078098"", ""0x80078868"", ""0x800792A0"", ""0x80079590""]",LIKELY,FUN_80079450,"PSXRecomp verified: prologue + epilogue + jr $ra, called from reachable code; reachable=True; boundaries are static estimates",,False,True
DUNE.EXE,0x80079590,100,"[""0x80078098"", ""0x800785B8"", ""0x800786B8"", ""0x800787B8"", ""0x80078BE8"", ""0x80079450""]","[""0x80079600""]",LIKELY,FUN_80079590,"PSXRecomp verified: prologue + epilogue + jr $ra, called from reachable code; reachable=True; boundaries are static estimates",,False,True
DUNE.EXE,0x80079600,16,"[""0x800743E4"", ""0x8007440C"", ""0x80074434"", ""0x80079590"", ""0x80081F90"", ""0x8008223C"", ""0x800829E8"", ""0x800866C0""]",[],LIKELY,libapi_DeliverEvent,PSXRecomp verified: PSY-Q kernel dispatch thunk to B0(07h); reachable=True; boundaries are static estimates,B0:07 DeliverEvent,False,False
DUNE.EXE,0x80079610,16,"[""0x800728DC""]",[],LIKELY,libapi_open,PSXRecomp verified: PSY-Q kernel dispatch thunk to B0(32h); reachable=True; boundaries are static estimates,B0:32 FileOpen,False,False
DUNE.EXE,0x80079620,16,"[""0x80072D84""]",[],LIKELY,libapi_read,PSXRecomp verified: PSY-Q kernel dispatch thunk to B0(34h); reachable=False; boundaries are static estimates,B0:34 FileRead,False,False
DUNE.EXE,0x80079630,16,"[""0x80072D84"", ""0x800737C8"", ""0x800738C4"", ""0x80073900""]",[],LIKELY,libapi_write,PSXRecomp verified: PSY-Q kernel dispatch thunk to B0(35h); reachable=True; boundaries are static estimates,B0:35 FileWrite,False,False
DUNE.EXE,0x80079640,16,"[""0x80072D44""]",[],LIKELY,libapi_close,PSXRecomp verified: PSY-Q kernel dispatch thunk to B0(36h); reachable=False; boundaries are static estimates,B0:36 FileClose,False,False
DUNE.EXE,0x80079650,16,"[""0x8005AC20"", ""0x80079CD8"", ""0x8007A1BC""]",[],LIKELY,libapi_ChangeClearPAD,PSXRecomp verified: PSY-Q kernel dispatch thunk to B0(5Bh); reachable=True; boundaries are static estimates,B0:5B ChangeClearPad,False,False
DUNE.EXE,0x80079660,80,"[""0x8005A888""]",[],LIKELY,libapi_InitHeap2,"PSXRecomp high: jr $ra exit, reachable from entry; reachable=True; boundaries are static estimates",,False,True
DUNE.EXE,0x800796B0,440,"[""0x80054F50"", ""0x8005A6B0"", ""0x8005A738"", ""0x8005A7C0"", ""0x80079910""]","[""0x80079868""]",LIKELY,FUN_800796B0,"PSXRecomp verified: prologue + epilogue + jr $ra, called from reachable code; reachable=True; boundaries are static estimates",,False,True
DUNE.EXE,0x80079868,96,"[""0x800796B0""]",[],LIKELY,FUN_80079868,"PSXRecomp high: jr $ra exit, reachable from entry; reachable=True; boundaries are static estimates",,False,True
DUNE.EXE,0x800798D0,56,"[""0x8005A718"", ""0x8005A7A0"", ""0x8005A828"", ""0x80079910""]",[],LIKELY,libapi_free2,"PSXRecomp high: jr $ra exit, reachable from entry; reachable=True; boundaries are static estimates",,False,True
DUNE.EXE,0x80079910,144,"[""0x8005A848"", ""0x800723F8""]","[""0x800796B0"", ""0x800798D0"", ""0x800799A0"", ""0x80079B28""]",LIKELY,FUN_80079910,"PSXRecomp verified: prologue + epilogue + jr $ra, called from reachable code; reachable=True; boundaries are static estimates",,False,True
DUNE.EXE,0x800799A0,392,"[""0x80079910""]",[],LIKELY,FUN_800799A0,"PSXRecomp high: jr $ra exit, reachable from entry; reachable=True; boundaries are static estimates",,False,True
DUNE.EXE,0x80079B28,52,"[""0x80079910""]",[],LIKELY,FUN_80079B28,"PSXRecomp high: jr $ra exit, reachable from entry; reachable=True; boundaries are static estimates",,False,True
DUNE.EXE,0x80079B60,376,"[""0x8003F544"", ""0x8005AC20"", ""0x80062BA8"", ""0x80062D1C"", ""0x80062DB8"", ""0x80062ED0"", ""0x800633EC"", ""0x80063468"", ""0x800643D0"", ""0x8006F9A8"", ""0x8006FADC"", ""0x8006FC50"", ""0x8006FF40"", ""0x800728DC"", ""0x80075154"", ""0x800753D4"", ""0x8007569C"", ""0x80075F20"", ""0x80076DDC"", ""0x80077120"", ""0x80077308"", ""0x800774A8"", ""0x80077644"", ""0x8007FF50"", ""0x8007FF84"", ""0x80080168"", ""0x80080254"", ""0x80080340"", ""0x80080484""]","[""0x80079CD8""]",LIKELY,FUN_80079B60,"PSXRecomp high: jr $ra exit, reachable from entry; reachable=True; boundaries are static estimates",,False,True
DUNE.EXE,0x80079CD8,152,"[""0x80079B60""]","[""0x80076358"", ""0x80079650"", ""0x80079D70""]",LIKELY,FUN_80079CD8,"PSXRecomp verified: prologue + epilogue + jr $ra, called from reachable code; reachable=True; boundaries are static estimates",,False,True
DUNE.EXE,0x80079D70,16,"[""0x80079CD8"", ""0x8007A1BC"", ""0x80083820"", ""0x800838EC""]",[],LIKELY,libapi_ChangeClearRCnt,PSXRecomp verified: PSY-Q kernel dispatch thunk to C0(0Ah); reachable=True; boundaries are static estimates,C0:0A ChangeClearRCnt,False,False
DUNE.EXE,0x80079D80,48,"[""0x8004078C"", ""0x80075CF4"", ""0x80075D40"", ""0x8007D6A0"", ""0x80086100""]",[],LIKELY,FUN_80079D80,"PSXRecomp high: jr $ra exit, reachable from entry; reachable=True; boundaries are static estimates",,False,True
DUNE.EXE,0x80079DB0,48,"[""0x80075CF4"", ""0x80075D40"", ""0x8007A530"", ""0x8007A650""]",[],LIKELY,FUN_80079DB0,"PSXRecomp high: jr $ra exit, reachable from entry; reachable=True; boundaries are static estimates",,False,True
DUNE.EXE,0x80079DE0,48,"[""0x80074A30"", ""0x8007D870"", ""0x8007F7B4"", ""0x8007FA64"", ""0x80080168"", ""0x80080254"", ""0x80080340"", ""0x80080484"", ""0x80080580"", ""0x80086DC0""]",[],LIKELY,FUN_80079DE0,"PSXRecomp high: jr $ra exit, reachable from entry; reachable=True; boundaries are static estimates",,False,True
DUNE.EXE,0x80079E10,52,"[""0x8006FADC"", ""0x8006FC50""]",[],HYPOTHESIS,libetc_VSyncCallback,"PSXRecomp medium: prologue-shaped, no proven call path; reachable=False; boundaries are static estimates",,False,False
DUNE.EXE,0x80079E44,48,[],[],HYPOTHESIS,FUN_80079E44,"PSXRecomp low: no prologue, no jr $ra exit, unreachable from entry; reachable=False; boundaries are static estimates",,False,True
DUNE.EXE,0x80079E74,48,"[""0x8003F544""]",[],LIKELY,FUN_80079E74,"PSXRecomp high: jr $ra exit, reachable from entry; reachable=True; boundaries are static estimates",,False,True
DUNE.EXE,0x80079EA4,48,[],[],HYPOTHESIS,FUN_80079EA4,"PSXRecomp low: no prologue, no jr $ra exit, unreachable from entry; reachable=False; boundaries are static estimates",,False,True
DUNE.EXE,0x80079ED4,16,"[""0x80075154"", ""0x800753D4"", ""0x8007569C""]",[],LIKELY,FUN_80079ED4,"PSXRecomp high: jr $ra exit, reachable from entry; reachable=True; boundaries are static estimates",,False,True
DUNE.EXE,0x80079EE4,24,[],[],HYPOTHESIS,FUN_80079EE4,"PSXRecomp low: no prologue, no jr $ra exit, unreachable from entry; reachable=False; boundaries are static estimates",,False,True
DUNE.EXE,0x80079EFC,24,"[""0x8007F7B4"", ""0x8007FA64"", ""0x8007FCC4"", ""0x8007FF84""]",[],LIKELY,FUN_80079EFC,"PSXRecomp high: jr $ra exit, reachable from entry; reachable=True; boundaries are static estimates",,False,True
DUNE.EXE,0x80079F14,104,[],"[""0x8007A41C"", ""0x8007A440""]",HYPOTHESIS,FUN_80079F14,PSXRecomp medium: address taken but no call-graph path from entry; reachable=True; boundaries are static estimates,,False,True
DUNE.EXE,0x80079F7C,112,[],"[""0x80079FEC"", ""0x8007A4C8"", ""0x8007A500"", ""0x8007A520"", ""0x8007A530"", ""0x8007A650""]",HYPOTHESIS,FUN_80079F7C,"PSXRecomp low: no prologue, no jr $ra exit, unreachable from entry; reachable=False; boundaries are static estimates",,False,False
DUNE.EXE,0x80079FEC,464,"[""0x80079F7C""]","[""0x80073098"", ""0x8007A4E0""]",HYPOTHESIS,FUN_80079FEC,"PSXRecomp medium: prologue-shaped, no proven call path; reachable=False; boundaries are static estimates",,False,True
DUNE.EXE,0x8007A1BC,328,[],"[""0x80079650"", ""0x80079D70""]",LIKELY,FUN_8007A1BC,"PSXRecomp high: jr $ra exit, reachable from entry; reachable=True; boundaries are static estimates",,False,True
DUNE.EXE,0x8007A304,160,[],"[""0x8007A4F0"", ""0x8007A510""]",LIKELY,FUN_8007A304,"PSXRecomp high: jr $ra exit, reachable from entry; reachable=True; boundaries are static estimates",,False,True
DUNE.EXE,0x8007A3A4,120,[],"[""0x8007A500"", ""0x8007A520""]",HYPOTHESIS,FUN_8007A3A4,"PSXRecomp medium: prologue-shaped, no proven call path; reachable=False; boundaries are static estimates",,False,True
DUNE.EXE,0x8007A41C,36,"[""0x80079F14""]",[],LIKELY,FUN_8007A41C,"PSXRecomp high: jr $ra exit, reachable from entry; reachable=True; boundaries are static estimates",,False,True
DUNE.EXE,0x8007A440,60,"[""0x80079F14""]",[],LIKELY,FUN_8007A440,"PSXRecomp high: jr $ra exit, reachable from entry; reachable=True; boundaries are static estimates",,False,True
DUNE.EXE,0x8007A47C,60,[],[],HYPOTHESIS,FUN_8007A47C,"PSXRecomp low: no prologue, no jr $ra exit, unreachable from entry; reachable=False; boundaries are static estimates",,False,True
DUNE.EXE,0x8007A4C8,24,"[""0x80079F7C""]",[],LIKELY,libapi__96_remove,PSXRecomp verified: PSY-Q kernel dispatch thunk to A0(72h); reachable=False; boundaries are static estimates,A0:72 CdRemove,False,False
DUNE.EXE,0x8007A4E0,16,"[""0x80079FEC""]",[],LIKELY,libapi_ReturnFromException,PSXRecomp verified: PSY-Q kernel dispatch thunk to B0(17h); reachable=False; boundaries are static estimates,B0:17 ReturnFromException,False,False
DUNE.EXE,0x8007A4F0,16,"[""0x8007A304""]",[],LIKELY,libapi_ResetEntryInt,PSXRecomp verified: PSY-Q kernel dispatch thunk to B0(18h); reachable=True; boundaries are static estimates,B0:18 SetDefaultExitFromException,False,True
DUNE.EXE,0x8007A500,16,"[""0x80079F7C"", ""0x8007A3A4""]",[],LIKELY,libapi_HookEntryInt,PSXRecomp verified: PSY-Q kernel dispatch thunk to B0(19h); reachable=False; boundaries are static estimates,B0:19 SetCustomExitFromException,False,False
DUNE.EXE,0x8007A510,16,"[""0x8007A304"", ""0x8007D5B0"", ""0x80081EA0"", ""0x80081EE4"", ""0x80082498"", ""0x80083820"", ""0x800838EC"", ""0x800861E8""]",[],LIKELY,libapi_EnterCriticalSection,"PSXRecomp high: jr $ra exit, reachable from entry; reachable=True; boundaries are static estimates",,False,False
DUNE.EXE,0x8007A520,16,"[""0x80079F7C"", ""0x8007A3A4"", ""0x8007D5B0"", ""0x80081EA0"", ""0x80081EE4"", ""0x80082498"", ""0x80083820"", ""0x800838EC"", ""0x800861E8""]",[],LIKELY,libapi_ExitCriticalSection,"PSXRecomp high: jr $ra exit, reachable from entry; reachable=True; boundaries are static estimates",,False,False
DUNE.EXE,0x8007A530,88,"[""0x80079F7C""]","[""0x80079DB0"", ""0x8007A620""]",HYPOTHESIS,libetc_startIntrVSync,"PSXRecomp medium: prologue-shaped, no proven call path; reachable=False; boundaries are static estimates",,False,True
DUNE.EXE,0x8007A588,108,[],[],HYPOTHESIS,FUN_8007A588,PSXRecomp medium: address taken but no call-graph path from entry; reachable=False; boundaries are static estimates,,False,True
DUNE.EXE,0x8007A5F4,44,[],[],HYPOTHESIS,libetc_setIntrVSync,PSXRecomp medium: address taken but no call-graph path from entry; reachable=False; boundaries are static estimates,,False,True
DUNE.EXE,0x8007A620,36,"[""0x8007A530""]",[],HYPOTHESIS,FUN_8007A620,"PSXRecomp low: no prologue, no jr $ra exit, unreachable from entry; reachable=False; boundaries are static estimates",,False,True
DUNE.EXE,0x8007A650,76,"[""0x80079F7C""]","[""0x80079DB0"", ""0x8007A8C8""]",HYPOTHESIS,FUN_8007A650,"PSXRecomp medium: prologue-shaped, no proven call path; reachable=False; boundaries are static estimates",,False,True
DUNE.EXE,0x8007A69C,384,[],"[""0x80073098""]",HYPOTHESIS,FUN_8007A69C,PSXRecomp medium: address taken but no call-graph path from entry; reachable=False; boundaries are static estimates,,False,True
DUNE.EXE,0x8007A81C,172,[],[],HYPOTHESIS,FUN_8007A81C,PSXRecomp medium: address taken but no call-graph path from entry; reachable=False; boundaries are static estimates,,False,True
DUNE.EXE,0x8007A8C8,36,"[""0x8007A650""]",[],HYPOTHESIS,FUN_8007A8C8,"PSXRecomp low: no prologue, no jr $ra exit, unreachable from entry; reachable=False; boundaries are static estimates",,False,True
DUNE.EXE,0x8007A8F0,20,"[""0x8004078C""]",[],LIKELY,FUN_8007A8F0,"PSXRecomp high: jr $ra exit, reachable from entry; reachable=True; boundaries are static estimates",,False,True
DUNE.EXE,0x8007A904,16,"[""0x8007A994"", ""0x8007E24C""]",[],LIKELY,libetc_GetVideoMode,"PSXRecomp high: jr $ra exit, reachable from entry; reachable=True; boundaries are static estimates",,False,False
DUNE.EXE,0x8007A920,116,"[""0x8004078C""]","[""0x8007A994"", ""0x8007AB18"", ""0x8007AE80"", ""0x8007AF90"", ""0x8007BD10""]",LIKELY,FUN_8007A920,"PSXRecomp verified: prologue + epilogue + jr $ra, called from reachable code; reachable=True; boundaries are static estimates",,False,True
DUNE.EXE,0x8007A994,284,"[""0x8007A920""]","[""0x8007A904"", ""0x8007D6A0"", ""0x8007E080"", ""0x8007E24C""]",LIKELY,FUN_8007A994,"PSXRecomp verified: prologue + epilogue + jr $ra, called from reachable code; reachable=True; boundaries are static estimates",,False,True
DUNE.EXE,0x8007AAB0,104,[],"[""0x8007AB18""]",HYPOTHESIS,FUN_8007AAB0,"PSXRecomp medium: prologue-shaped, no proven call path; reachable=False; boundaries are static estimates",,False,True
DUNE.EXE,0x8007AB18,544,"[""0x8007A920"", ""0x8007AAB0""]",[],LIKELY,FUN_8007AB18,"PSXRecomp high: jr $ra exit, reachable from entry; reachable=True; boundaries are static estimates",,False,True
DUNE.EXE,0x8007AD38,312,"[""0x80061028""]","[""0x80081E60""]",HYPOTHESIS,libgs_GsSortClear,"PSXRecomp low: no prologue, no jr $ra exit, unreachable from entry; reachable=False; boundaries are static estimates",,False,False
DUNE.EXE,0x8007AE70,16,"[""0x80019000"", ""0x80055360"", ""0x8005B31C"", ""0x80060C2C"", ""0x80061028"", ""0x80061158"", ""0x80061218"", ""0x800612D8"", ""0x80061398"", ""0x80061438"", ""0x800614D8"", ""0x800646C4"", ""0x80064EA0"", ""0x800655EC"", ""0x800660B0"", ""0x80066E6C"", ""0x800672BC"", ""0x800674B0"", ""0x800689C0"", ""0x80068AF0"", ""0x80068F3C"", ""0x8006927C"", ""0x8006937C"", ""0x8006A0D4"", ""0x8006A2F8"", ""0x8006A940"", ""0x8006AF40"", ""0x8006B29C"", ""0x8006B4E4"", ""0x8006B764"", ""0x8006BAEC"", ""0x8006BFFC"", ""0x8006C3E8""]",[],LIKELY,FUN_8007AE70,"PSXRecomp high: jr $ra exit, reachable from entry; reachable=True; boundaries are static estimates",,False,True
DUNE.EXE,0x8007AE80,264,"[""0x8007A920"", ""0x8007B010"", ""0x8007B480"", ""0x8007B520""]","[""0x8007CC20"", ""0x8007E080""]",LIKELY,libgs_GsSetDrawBuffOffset,"PSXRecomp high: jr $ra exit, reachable from entry; reachable=True; boundaries are static estimates",,False,True
DUNE.EXE,0x8007AF90,120,"[""0x8007A920"", ""0x8007B010"", ""0x8007B480""]","[""0x8007E080""]",LIKELY,libgs_GsSetDrawBuffClip,"PSXRecomp verified: prologue + epilogue + jr $ra, called from reachable code; reachable=True; boundaries are static estimates",,False,True
DUNE.EXE,0x8007B010,164,[],"[""0x8007AE80"", ""0x8007AF90"", ""0x8007D984"", ""0x8007E24C""]",HYPOTHESIS,libgs_GsSwapDispBuff,"PSXRecomp low: no prologue, no jr $ra exit, unreachable from entry; reachable=False; boundaries are static estimates",,False,True
DUNE.EXE,0x8007B0C0,112,[],[],HYPOTHESIS,libgs_GsInitCoordinate2,"PSXRecomp low: no prologue, no jr $ra exit, unreachable from entry; reachable=False; boundaries are static estimates",,False,True
DUNE.EXE,0x8007B130,44,[],[],HYPOTHESIS,libgs_GsInitCoord2param,"PSXRecomp low: no prologue, no jr $ra exit, unreachable from entry; reachable=False; boundaries are static estimates",,False,True
DUNE.EXE,0x8007B15C,44,"[""0x80055360"", ""0x80060270"", ""0x80060368"", ""0x80060460"", ""0x80060558"", ""0x80060650"", ""0x80060748"", ""0x80060840"", ""0x80061158"", ""0x80061218"", ""0x800612D8"", ""0x80061398"", ""0x80061438"", ""0x800614D8""]","[""0x8007CB30"", ""0x8007CBC0""]",LIKELY,libgs_GsSetLsMatrix,"PSXRecomp verified: prologue + epilogue + jr $ra, called from reachable code; reachable=True; boundaries are static estimates",,False,True
DUNE.EXE,0x8007B188,148,[],"[""0x8007C7C0"", ""0x8007C864"", ""0x8007C910"", ""0x8007CB60""]",HYPOTHESIS,libgs_GsSetLightMatrix,"PSXRecomp medium: prologue-shaped, no proven call path; reachable=False; boundaries are static estimates",,False,True
DUNE.EXE,0x8007B21C,48,"[""0x800552C0""]","[""0x8007CA20"", ""0x8007CB60""]",LIKELY,libgs_GsSetLightMatrix2,"PSXRecomp verified: prologue + epilogue + jr $ra, called from reachable code; reachable=True; boundaries are static estimates",,False,True
DUNE.EXE,0x8007B24C,144,[],"[""0x8007C550"", ""0x8007C660""]",HYPOTHESIS,libgs_GsMulCoord0,"PSXRecomp medium: prologue-shaped, no proven call path; reachable=False; boundaries are static estimates",,False,True
DUNE.EXE,0x8007B2DC,128,"[""0x8001B060"", ""0x8007BF40""]","[""0x8007C660"", ""0x8007CA20""]",LIKELY,libgs_GsMulCoord2,"PSXRecomp verified: prologue + epilogue + jr $ra, called from reachable code; reachable=True; boundaries are static estimates",,False,True
DUNE.EXE,0x8007B35C,128,"[""0x8001B060"", ""0x8007C0A0""]","[""0x8007C660"", ""0x8007C910""]",LIKELY,libgs_GsMulCoord3,"PSXRecomp verified: prologue + epilogue + jr $ra, called from reachable code; reachable=True; boundaries are static estimates",,False,True
DUNE.EXE,0x8007B3DC,112,[],"[""0x80073098""]",HYPOTHESIS,libgs_print_matrix,"PSXRecomp medium: prologue-shaped, no proven call path; reachable=False; boundaries are static estimates",,False,True
DUNE.EXE,0x8007B44C,48,[],"[""0x80073098""]",HYPOTHESIS,libgs_print_vector,"PSXRecomp medium: prologue-shaped, no proven call path; reachable=False; boundaries are static estimates",,False,True
DUNE.EXE,0x8007B480,152,"[""0x8004078C""]","[""0x8007AE80"", ""0x8007AF90""]",LIKELY,libgs_GsDefDispBuff,"PSXRecomp verified: prologue + epilogue + jr $ra, called from reachable code; reachable=True; boundaries are static estimates",,False,False
DUNE.EXE,0x8007B520,116,"[""0x8004078C""]","[""0x8007AE80""]",LIKELY,libgs_GsInit3D,"PSXRecomp verified: prologue + epilogue + jr $ra, called from reachable code; reachable=True; boundaries are static estimates",,False,True
DUNE.EXE,0x8007B5A0,1208,"[""0x800552C0""]","[""0x8007BA58"", ""0x8007BABC"", ""0x8007C4C0""]",LIKELY,FUN_8007B5A0,"PSXRecomp verified: prologue + epilogue + jr $ra, called from reachable code; reachable=True; boundaries are static estimates",,False,True
DUNE.EXE,0x8007BA58,100,"[""0x8007B5A0""]","[""0x8007CB90""]",LIKELY,FUN_8007BA58,"PSXRecomp verified: prologue + epilogue + jr $ra, called from reachable code; reachable=True; boundaries are static estimates",,False,True
DUNE.EXE,0x8007BABC,76,"[""0x8007B5A0""]",[],LIKELY,FUN_8007BABC,"PSXRecomp high: jr $ra exit, reachable from entry; reachable=True; boundaries are static estimates",,False,True
DUNE.EXE,0x8007BB10,124,"[""0x800552C0""]","[""0x80073098""]",LIKELY,libgs_GsSetLightMode,"PSXRecomp verified: prologue + epilogue + jr $ra, called from reachable code; reachable=True; boundaries are static estimates",,False,True
DUNE.EXE,0x8007BB90,40,"[""0x800552C0""]","[""0x8007CBE0""]",LIKELY,libgs_GsSetAmbient,"PSXRecomp verified: prologue + epilogue + jr $ra, called from reachable code; reachable=True; boundaries are static estimates",,False,True
DUNE.EXE,0x8007BBC0,36,"[""0x80061028""]","[""0x8007E010""]",HYPOTHESIS,FUN_8007BBC0,"PSXRecomp medium: prologue-shaped, no proven call path; reachable=False; boundaries are static estimates",,False,True
DUNE.EXE,0x8007BBF0,88,"[""0x800608FC"", ""0x80060C2C""]","[""0x8007DF08""]",LIKELY,libgs_GsClearOt,"PSXRecomp verified: prologue + epilogue + jr $ra, called from reachable code; reachable=True; boundaries are static estimates",,False,True
DUNE.EXE,0x8007BC50,180,"[""0x80061028""]",[],HYPOTHESIS,libgs_GsSortOt,"PSXRecomp low: no prologue, no jr $ra exit, unreachable from entry; reachable=False; boundaries are static estimates",,False,True
DUNE.EXE,0x8007BD10,76,"[""0x8007A920""]","[""0x8007C438"", ""0x8007CC00"", ""0x8007CC20""]",LIKELY,libgs_gte_init,"PSXRecomp verified: prologue + epilogue + jr $ra, called from reachable code; reachable=True; boundaries are static estimates",,False,True
DUNE.EXE,0x8007BD60,228,"[""0x80062354""]",[],LIKELY,libgs_GsGetTimInfo,"PSXRecomp high: jr $ra exit, reachable from entry; reachable=True; boundaries are static estimates",,False,True
DUNE.EXE,0x8007BE50,200,[],[],HYPOTHESIS,libgs_Gssub_make_matrix,"PSXRecomp low: no prologue, no jr $ra exit, unreachable from entry; reachable=False; boundaries are static estimates",,False,True
DUNE.EXE,0x8007BF20,12,"[""0x80019000"", ""0x80055360"", ""0x8005B31C"", ""0x80062498"", ""0x80062648"", ""0x80062794"", ""0x800646C4"", ""0x80064EA0"", ""0x800655EC"", ""0x800660B0"", ""0x80066E6C"", ""0x800672BC"", ""0x800674B0"", ""0x80068AF0"", ""0x80068F3C"", ""0x8006927C"", ""0x8006937C"", ""0x8006A0D4"", ""0x8006A2F8"", ""0x8006A940"", ""0x8006AF40"", ""0x8006B29C"", ""0x8006B4E4"", ""0x8006B764"", ""0x8006BAEC"", ""0x8006BFFC"", ""0x8006C3E8""]",[],LIKELY,FUN_8007BF20,"PSXRecomp high: jr $ra exit, reachable from entry; reachable=True; boundaries are static estimates",,False,True
DUNE.EXE,0x8007BF30,16,"[""0x80019000"", ""0x8005B31C"", ""0x80062498"", ""0x80062648"", ""0x80062794"", ""0x800646C4"", ""0x80064EA0"", ""0x800655EC"", ""0x800660B0"", ""0x80066E6C"", ""0x800672BC"", ""0x800674B0"", ""0x80068AF0"", ""0x80068F3C"", ""0x8006927C"", ""0x8006937C"", ""0x8006A0D4"", ""0x8006A2F8"", ""0x8006A940"", ""0x8006AF40"", ""0x8006B29C"", ""0x8006B4E4"", ""0x8006B764"", ""0x8006BAEC"", ""0x8006BFFC"", ""0x8006C3E8""]",[],LIKELY,FUN_8007BF30,"PSXRecomp high: jr $ra exit, reachable from entry; reachable=True; boundaries are static estimates",,False,True
DUNE.EXE,0x8007BF40,352,"[""0x80060C2C""]","[""0x8007B2DC"", ""0x8007C0A0"", ""0x8007C660"", ""0x8007CC80""]",LIKELY,FUN_8007BF40,"PSXRecomp verified: prologue + epilogue + jr $ra, called from reachable code; reachable=True; boundaries are static estimates",,False,True
DUNE.EXE,0x8007C0A0,696,"[""0x8007BF40""]","[""0x8007B35C""]",LIKELY,FUN_8007C0A0,"PSXRecomp verified: prologue + epilogue + jr $ra, called from reachable code; reachable=True; boundaries are static estimates",,False,True
DUNE.EXE,0x8007C360,208,"[""0x80068078""]",[],LIKELY,FUN_8007C360,"PSXRecomp verified: prologue + epilogue + jr $ra, called from reachable code; reachable=True; boundaries are static estimates",,False,True
DUNE.EXE,0x8007C430,8,[],[],HYPOTHESIS,FUN_8007C430,"PSXRecomp low: no prologue, no jr $ra exit, unreachable from entry; reachable=False; boundaries are static estimates",,False,False
DUNE.EXE,0x8007C438,128,"[""0x8007BD10""]","[""0x8007D5B0""]",LIKELY,libgte_InitGeom,"PSXRecomp high: jr $ra exit, reachable from entry; reachable=True; boundaries are static estimates",,True,True
DUNE.EXE,0x8007C4C0,124,"[""0x800201CC"", ""0x800204D4"", ""0x80021DA8"", ""0x800220F4"", ""0x80027170"", ""0x80030E54"", ""0x80031450"", ""0x80060C2C"", ""0x8007B5A0""]",[],LIKELY,libgte_SquareRoot0,"PSXRecomp high: jr $ra exit, reachable from entry; reachable=True; boundaries are static estimates",,True,True
DUNE.EXE,0x8007C53C,8,[],[],HYPOTHESIS,FUN_8007C53C,"PSXRecomp low: no prologue, no jr $ra exit, unreachable from entry; reachable=False; boundaries are static estimates",,False,False
DUNE.EXE,0x8007C550,268,"[""0x8007B24C""]",[],HYPOTHESIS,libgte_MulMatrix0,"PSXRecomp low: no prologue, no jr $ra exit, unreachable from entry; reachable=False; boundaries are static estimates",,True,True
DUNE.EXE,0x8007C660,352,"[""0x80060C2C"", ""0x8007B24C"", ""0x8007B2DC"", ""0x8007B35C"", ""0x8007BF40""]",[],LIKELY,libgte_ApplyMatrixLV,"PSXRecomp high: jr $ra exit, reachable from entry; reachable=True; boundaries are static estimates",,True,True
DUNE.EXE,0x8007C7C0,64,"[""0x8007B188""]","[""0x80073098""]",HYPOTHESIS,libgte_PushMatrix,"PSXRecomp low: no prologue, no jr $ra exit, unreachable from entry; reachable=False; boundaries are static estimates",,False,True
DUNE.EXE,0x8007C800,100,[],[],HYPOTHESIS,FUN_8007C800,"PSXRecomp low: no prologue, no jr $ra exit, unreachable from entry; reachable=False; boundaries are static estimates",,True,False
DUNE.EXE,0x8007C864,60,"[""0x8007B188""]","[""0x80073098""]",HYPOTHESIS,libgte_PopMatrix,"PSXRecomp low: no prologue, no jr $ra exit, unreachable from entry; reachable=False; boundaries are static estimates",,False,True
DUNE.EXE,0x8007C8A0,104,[],[],HYPOTHESIS,FUN_8007C8A0,"PSXRecomp low: no prologue, no jr $ra exit, unreachable from entry; reachable=False; boundaries are static estimates",,True,False
DUNE.EXE,0x8007C910,268,"[""0x8007B188"", ""0x8007B35C""]",[],LIKELY,libgte_MulMatrix,"PSXRecomp high: jr $ra exit, reachable from entry; reachable=True; boundaries are static estimates",,True,True
DUNE.EXE,0x8007CA20,268,"[""0x8007B21C"", ""0x8007B2DC""]",[],LIKELY,libgte_MulMatrix2,"PSXRecomp high: jr $ra exit, reachable from entry; reachable=True; boundaries are static estimates",,True,True
DUNE.EXE,0x8007CB30,48,"[""0x80061838"", ""0x8007B15C""]",[],LIKELY,libgte_SetRotMatrix,"PSXRecomp high: jr $ra exit, reachable from entry; reachable=True; boundaries are static estimates",,True,True
DUNE.EXE,0x8007CB60,48,"[""0x8007B188"", ""0x8007B21C""]",[],LIKELY,libgte_SetLightMatrix,"PSXRecomp high: jr $ra exit, reachable from entry; reachable=True; boundaries are static estimates",,True,True
DUNE.EXE,0x8007CB90,48,"[""0x8007BA58""]",[],LIKELY,libgte_SetColorMatrix,"PSXRecomp high: jr $ra exit, reachable from entry; reachable=True; boundaries are static estimates",,True,True
DUNE.EXE,0x8007CBC0,32,"[""0x80061838"", ""0x8007B15C""]",[],LIKELY,libgte_SetTransMatrix,"PSXRecomp high: jr $ra exit, reachable from entry; reachable=True; boundaries are static estimates",,True,True
DUNE.EXE,0x8007CBE0,32,"[""0x8007BB90""]",[],LIKELY,libgte_SetBackColor,"PSXRecomp high: jr $ra exit, reachable from entry; reachable=True; boundaries are static estimates",,True,True
DUNE.EXE,0x8007CC00,32,"[""0x8007BD10""]",[],LIKELY,libgte_SetFarColor,"PSXRecomp high: jr $ra exit, reachable from entry; reachable=True; boundaries are static estimates",,True,True
DUNE.EXE,0x8007CC20,24,"[""0x80060C2C"", ""0x8007AE80"", ""0x8007BD10""]",[],LIKELY,libgte_SetGeomOffset,"PSXRecomp high: jr $ra exit, reachable from entry; reachable=True; boundaries are static estimates",,True,True
DUNE.EXE,0x8007CC40,12,"[""0x80060C2C""]",[],LIKELY,libgte_SetGeomScreen,"PSXRecomp high: jr $ra exit, reachable from entry; reachable=True; boundaries are static estimates",,True,True
DUNE.EXE,0x8007CC50,40,"[""0x80061838""]",[],LIKELY,libgte_RotTrans,"PSXRecomp high: jr $ra exit, reachable from entry; reachable=True; boundaries are static estimates",,True,True
DUNE.EXE,0x8007CC80,64,"[""0x80060B88"", ""0x8007BF40""]",[],LIKELY,libgte_TransposeMatrix,"PSXRecomp high: jr $ra exit, reachable from entry; reachable=True; boundaries are static estimates",,False,True
DUNE.EXE,0x8007CCC0,652,"[""0x80061838""]",[],LIKELY,libgte_RotMatrixYXZ,"PSXRecomp high: jr $ra exit, reachable from entry; reachable=True; boundaries are static estimates",,False,True
DUNE.EXE,0x8007CF50,408,"[""0x8001D000"", ""0x8001D0FC"", ""0x80060270"", ""0x80060368"", ""0x80060460"", ""0x80060558"", ""0x80060650"", ""0x80060748"", ""0x80060840"", ""0x80060C2C"", ""0x8006175C""]",[],LIKELY,FUN_8007CF50,"PSXRecomp high: jr $ra exit, reachable from entry; reachable=True; boundaries are static estimates",,False,True
DUNE.EXE,0x8007D0F0,408,"[""0x8001D000"", ""0x8001D0FC"", ""0x80060270"", ""0x80060368"", ""0x80060460"", ""0x80060558"", ""0x80060650"", ""0x80060748"", ""0x8006175C""]",[],LIKELY,libgte_RotMatrixY,"PSXRecomp high: jr $ra exit, reachable from entry; reachable=True; boundaries are static estimates",,False,True
DUNE.EXE,0x8007D290,408,"[""0x8001D000"", ""0x8001D0FC"", ""0x80060270"", ""0x80060368"", ""0x80060460"", ""0x80060558"", ""0x80060650"", ""0x80060748"", ""0x8006175C""]",[],LIKELY,FUN_8007D290,"PSXRecomp high: jr $ra exit, reachable from entry; reachable=True; boundaries are static estimates",,False,True
DUNE.EXE,0x8007D430,372,"[""0x80060C2C""]",[],LIKELY,FUN_8007D430,"PSXRecomp high: jr $ra exit, reachable from entry; reachable=True; boundaries are static estimates",,False,True
DUNE.EXE,0x8007D5AC,4,[],[],HYPOTHESIS,FUN_8007D5AC,"PSXRecomp low: no prologue, no jr $ra exit, unreachable from entry; reachable=False; boundaries are static estimates",,False,True
DUNE.EXE,0x8007D5B0,172,"[""0x8007C438""]","[""0x8007A510"", ""0x8007A520"", ""0x8007D690""]",LIKELY,libgte__patch_gte,"PSXRecomp high: jr $ra exit, reachable from entry; reachable=True; boundaries are static estimates",,False,True
DUNE.EXE,0x8007D690,16,"[""0x8007D5B0"", ""0x80081EE4""]",[],LIKELY,libapi_FlushCache,PSXRecomp verified: PSY-Q kernel dispatch thunk to A0(44h); reachable=True; boundaries are static estimates,A0:44 FlushCache,False,True
DUNE.EXE,0x8007D6A0,372,"[""0x8003F544"", ""0x8004078C"", ""0x8007A994"", ""0x80082498""]","[""0x80073098"", ""0x80079D80"", ""0x8007FCC4"", ""0x800805A8"", ""0x800805D0""]",LIKELY,libgpu_ResetGraph,"PSXRecomp verified: prologue + epilogue + jr $ra, called from reachable code; reachable=True; boundaries are static estimates",,False,False
DUNE.EXE,0x8007D814,92,[],"[""0x80073098""]",HYPOTHESIS,libgpu_SetGraphDebug,"PSXRecomp medium: prologue-shaped, no proven call path; reachable=False; boundaries are static estimates",,False,True
DUNE.EXE,0x8007D870,164,[],"[""0x80073098"", ""0x80079DE0""]",HYPOTHESIS,libgpu_SetGraphQueue,"PSXRecomp medium: prologue-shaped, no proven call path; reachable=False; boundaries are static estimates",,False,True
DUNE.EXE,0x8007D914,16,"[""0x8008093C"", ""0x80080A54"", ""0x80080BC8""]",[],LIKELY,FUN_8007D914,"PSXRecomp high: jr $ra exit, reachable from entry; reachable=True; boundaries are static estimates",,False,True
DUNE.EXE,0x8007D924,96,[],"[""0x80073098""]",HYPOTHESIS,libgpu_DrawSyncCallback,"PSXRecomp medium: prologue-shaped, no proven call path; reachable=False; boundaries are static estimates",,False,False
DUNE.EXE,0x8007D984,152,"[""0x8006FADC"", ""0x800728DC"", ""0x8007B010""]","[""0x80073098"", ""0x800805A8""]",LIKELY,libgpu_SetDispMask,"PSXRecomp verified: prologue + epilogue + jr $ra, called from reachable code; reachable=True; boundaries are static estimates",,False,False
DUNE.EXE,0x8007DA1C,104,"[""0x80062354"", ""0x8006F89C"", ""0x8006FADC""]","[""0x80073098""]",LIKELY,FUN_8007DA1C,"PSXRecomp high: jr $ra exit, reachable from entry; reachable=True; boundaries are static estimates",,False,True
DUNE.EXE,0x8007DA84,284,"[""0x8007DBA0"", ""0x8007DC30"", ""0x8007DCC8"", ""0x8007DD28"", ""0x8007DD88"", ""0x80080168"", ""0x80080254"", ""0x80080340""]","[""0x80073098""]",LIKELY,FUN_8007DA84,"PSXRecomp verified: prologue + epilogue + jr $ra, called from reachable code; reachable=True; boundaries are static estimates",,False,True
DUNE.EXE,0x8007DBA0,144,"[""0x8006FADC"", ""0x8006FC50"", ""0x800728DC""]","[""0x8007DA84""]",LIKELY,libgpu_ClearImage,"PSXRecomp verified: prologue + epilogue + jr $ra, called from reachable code; reachable=True; boundaries are static estimates",,False,False
DUNE.EXE,0x8007DC30,152,[],"[""0x8007DA84""]",HYPOTHESIS,libgpu_ClearImage2,"PSXRecomp medium: prologue-shaped, no proven call path; reachable=False; boundaries are static estimates",,False,True
DUNE.EXE,0x8007DCC8,96,"[""0x80062354"", ""0x800643D0"", ""0x8006786C"", ""0x8006A704"", ""0x8006EF88"", ""0x80070908""]","[""0x8007DA84""]",LIKELY,FUN_8007DCC8,"PSXRecomp verified: prologue + epilogue + jr $ra, called from reachable code; reachable=True; boundaries are static estimates",,False,True
DUNE.EXE,0x8007DD28,96,"[""0x8007086C""]","[""0x8007DA84""]",LIKELY,FUN_8007DD28,"PSXRecomp verified: prologue + epilogue + jr $ra, called from reachable code; reachable=True; boundaries are static estimates",,False,True
DUNE.EXE,0x8007DD88,184,[],"[""0x8007DA84""]",HYPOTHESIS,libgpu_MoveImage,"PSXRecomp medium: prologue-shaped, no proven call path; reachable=False; boundaries are static estimates",,False,False
DUNE.EXE,0x8007DE40,200,"[""0x8006F89C"", ""0x8006F9A8""]","[""0x80073098""]",LIKELY,libgpu_ClearOTag,"PSXRecomp high: jr $ra exit, reachable from entry; reachable=True; boundaries are static estimates",,False,True
DUNE.EXE,0x8007DF08,172,"[""0x8007BBF0""]","[""0x80073098""]",LIKELY,libgpu_ClearOTagR,"PSXRecomp high: jr $ra exit, reachable from entry; reachable=True; boundaries are static estimates",,False,True
DUNE.EXE,0x8007DFB4,92,[],[],HYPOTHESIS,libgpu_DrawPrim,"PSXRecomp medium: prologue-shaped, no proven call path; reachable=False; boundaries are static estimates",,False,False
DUNE.EXE,0x8007E010,112,"[""0x8006F89C"", ""0x8007BBC0""]","[""0x80073098""]",LIKELY,libgpu_DrawOTag,"PSXRecomp high: jr $ra exit, reachable from entry; reachable=True; boundaries are static estimates",,False,False
DUNE.EXE,0x8007E080,192,"[""0x8006F89C"", ""0x8007A994"", ""0x8007AE80"", ""0x8007AF90""]","[""0x800196C8"", ""0x80073098"", ""0x8007EA60""]",LIKELY,libgpu_PutDrawEnv,"PSXRecomp verified: prologue + epilogue + jr $ra, called from reachable code; reachable=True; boundaries are static estimates",,False,False
DUNE.EXE,0x8007E140,216,[],"[""0x800196C8"", ""0x80073098"", ""0x8007EA60""]",HYPOTHESIS,libgpu_DrawOTagEnv,"PSXRecomp medium: prologue-shaped, no proven call path; reachable=False; boundaries are static estimates",,False,True
DUNE.EXE,0x8007E218,52,[],"[""0x800196C8""]",HYPOTHESIS,FUN_8007E218,"PSXRecomp medium: prologue-shaped, no proven call path; reachable=False; boundaries are static estimates",,False,True
DUNE.EXE,0x8007E24C,1272,"[""0x8006F89C"", ""0x8007A994"", ""0x8007B010""]","[""0x800196C8"", ""0x80073098"", ""0x8007A904""]",LIKELY,libgpu_PutDispEnv,"PSXRecomp verified: prologue + epilogue + jr $ra, called from reachable code; reachable=True; boundaries are static estimates",,False,False
DUNE.EXE,0x8007E744,52,[],"[""0x800196C8""]",HYPOTHESIS,FUN_8007E744,"PSXRecomp medium: prologue-shaped, no proven call path; reachable=False; boundaries are static estimates",,False,True
DUNE.EXE,0x8007E778,48,[],[],HYPOTHESIS,libgpu_GetODE,"PSXRecomp low: no prologue, no jr $ra exit, unreachable from entry; reachable=False; boundaries are static estimates",,False,True
DUNE.EXE,0x8007E7A8,128,[],"[""0x8007ECF0"", ""0x8007ED88""]",HYPOTHESIS,libgpu_SetDrawArea,"PSXRecomp medium: prologue-shaped, no proven call path; reachable=False; boundaries are static estimates",,False,True
DUNE.EXE,0x8007E828,64,[],"[""0x8007EE20""]",HYPOTHESIS,libgpu_SetDrawOffset,"PSXRecomp medium: prologue-shaped, no proven call path; reachable=False; boundaries are static estimates",,False,True
DUNE.EXE,0x8007E868,504,[],"[""0x8007ECD0"", ""0x8007ECF0"", ""0x8007ED88"", ""0x8007EE20"", ""0x8007EE3C""]",HYPOTHESIS,FUN_8007E868,"PSXRecomp medium: prologue-shaped, no proven call path; reachable=False; boundaries are static estimates",,False,True
DUNE.EXE,0x8007EA60,624,"[""0x8007E080"", ""0x8007E140""]","[""0x8007ECD0"", ""0x8007ECF0"", ""0x8007ED88"", ""0x8007EE20"", ""0x8007EE3C""]",LIKELY,FUN_8007EA60,"PSXRecomp verified: prologue + epilogue + jr $ra, called from reachable code; reachable=True; boundaries are static estimates",,False,True
DUNE.EXE,0x8007ECD0,32,"[""0x8007E868"", ""0x8007EA60""]",[],LIKELY,FUN_8007ECD0,"PSXRecomp high: jr $ra exit, reachable from entry; reachable=True; boundaries are static estimates",,False,True
DUNE.EXE,0x8007ECF0,152,"[""0x8007E7A8"", ""0x8007E868"", ""0x8007EA60""]",[],LIKELY,FUN_8007ECF0,"PSXRecomp high: jr $ra exit, reachable from entry; reachable=True; boundaries are static estimates",,False,True
DUNE.EXE,0x8007ED88,152,"[""0x8007E7A8"", ""0x8007E868"", ""0x8007EA60""]",[],LIKELY,FUN_8007ED88,"PSXRecomp high: jr $ra exit, reachable from entry; reachable=True; boundaries are static estimates",,False,True
DUNE.EXE,0x8007EE20,28,"[""0x8007E828"", ""0x8007E868"", ""0x8007EA60""]",[],LIKELY,FUN_8007EE20,"PSXRecomp high: jr $ra exit, reachable from entry; reachable=True; boundaries are static estimates",,False,True
DUNE.EXE,0x8007EE3C,128,"[""0x8007E868"", ""0x8007EA60""]",[],LIKELY,FUN_8007EE3C,"PSXRecomp high: jr $ra exit, reachable from entry; reachable=True; boundaries are static estimates",,False,True
DUNE.EXE,0x8007EEBC,24,[],[],LIKELY,FUN_8007EEBC,"PSXRecomp high: jr $ra exit, reachable from entry; reachable=True; boundaries are static estimates",,False,True
DUNE.EXE,0x8007EED4,224,[],"[""0x8007FF50"", ""0x8007FF84""]",LIKELY,FUN_8007EED4,"PSXRecomp high: jr $ra exit, reachable from entry; reachable=True; boundaries are static estimates",,False,True
DUNE.EXE,0x8007EFB4,560,[],"[""0x8007F718"", ""0x8007F760""]",LIKELY,FUN_8007EFB4,"PSXRecomp high: jr $ra exit, reachable from entry; reachable=True; boundaries are static estimates",,False,True
DUNE.EXE,0x8007F1E4,572,[],"[""0x8007FF50"", ""0x8007FF84""]",LIKELY,FUN_8007F1E4,"PSXRecomp high: jr $ra exit, reachable from entry; reachable=True; boundaries are static estimates",,False,True
DUNE.EXE,0x8007F420,640,[],"[""0x8007FF50"", ""0x8007FF84""]",LIKELY,FUN_8007F420,"PSXRecomp high: jr $ra exit, reachable from entry; reachable=True; boundaries are static estimates",,False,True
DUNE.EXE,0x8007F6A0,36,[],[],LIKELY,FUN_8007F6A0,"PSXRecomp high: jr $ra exit, reachable from entry; reachable=True; boundaries are static estimates",,False,True
DUNE.EXE,0x8007F6C4,20,[],[],LIKELY,FUN_8007F6C4,"PSXRecomp high: jr $ra exit, reachable from entry; reachable=True; boundaries are static estimates",,False,True
DUNE.EXE,0x8007F6D8,64,[],[],LIKELY,FUN_8007F6D8,"PSXRecomp high: jr $ra exit, reachable from entry; reachable=True; boundaries are static estimates",,False,True
DUNE.EXE,0x8007F718,72,"[""0x8007EFB4""]",[],LIKELY,FUN_8007F718,"PSXRecomp high: jr $ra exit, reachable from entry; reachable=True; boundaries are static estimates",,False,True
DUNE.EXE,0x8007F760,48,"[""0x8007EFB4""]",[],LIKELY,libgpu__param,"PSXRecomp high: jr $ra exit, reachable from entry; reachable=True; boundaries are static estimates",,False,True
DUNE.EXE,0x8007F790,36,[],"[""0x8007F7B4""]",LIKELY,libgpu__addque,"PSXRecomp high: jr $ra exit, reachable from entry; reachable=True; boundaries are static estimates",,False,False
DUNE.EXE,0x8007F7B4,688,"[""0x8007F790""]","[""0x80079DE0"", ""0x80079EFC"", ""0x8007FA64"", ""0x8007FF50"", ""0x8007FF84""]",LIKELY,FUN_8007F7B4,"PSXRecomp verified: prologue + epilogue + jr $ra, called from reachable code; reachable=True; boundaries are static estimates",,False,True
DUNE.EXE,0x8007FA64,608,"[""0x8007F7B4"", ""0x8007FE14""]","[""0x80079DE0"", ""0x80079EFC""]",LIKELY,FUN_8007FA64,"PSXRecomp high: jr $ra exit, reachable from entry; reachable=True; boundaries are static estimates",,False,True
DUNE.EXE,0x8007FCC4,336,"[""0x8007D6A0""]","[""0x80079EFC"", ""0x800800C8"", ""0x800805A8""]",LIKELY,FUN_8007FCC4,"PSXRecomp verified: prologue + epilogue + jr $ra, called from reachable code; reachable=True; boundaries are static estimates",,False,True
DUNE.EXE,0x8007FE14,316,[],"[""0x8007FA64"", ""0x8007FF50"", ""0x8007FF84""]",LIKELY,FUN_8007FE14,"PSXRecomp high: jr $ra exit, reachable from entry; reachable=True; boundaries are static estimates",,False,True
DUNE.EXE,0x8007FF50,52,"[""0x8007EED4"", ""0x8007F1E4"", ""0x8007F420"", ""0x8007F7B4"", ""0x8007FE14""]","[""0x80079B60""]",LIKELY,libgpu_set_alarm,"PSXRecomp verified: prologue + epilogue + jr $ra, called from reachable code; reachable=True; boundaries are static estimates",,False,True
DUNE.EXE,0x8007FF84,324,"[""0x8007EED4"", ""0x8007F1E4"", ""0x8007F420"", ""0x8007F7B4"", ""0x8007FE14"", ""0x80080168"", ""0x80080254"", ""0x80080340"", ""0x80080484""]","[""0x80073098"", ""0x80079B60"", ""0x80079EFC""]",LIKELY,FUN_8007FF84,"PSXRecomp verified: prologue + epilogue + jr $ra, called from reachable code; reachable=True; boundaries are static estimates",,False,True
DUNE.EXE,0x800800C8,160,"[""0x8007FCC4""]",[],LIKELY,FUN_800800C8,"PSXRecomp high: jr $ra exit, reachable from entry; reachable=True; boundaries are static estimates",,False,True
DUNE.EXE,0x80080168,236,[],"[""0x80079B60"", ""0x80079DE0"", ""0x8007DA84"", ""0x8007FF84""]",HYPOTHESIS,FUN_80080168,"PSXRecomp medium: prologue-shaped, no proven call path; reachable=False; boundaries are static estimates",,False,True
DUNE.EXE,0x80080254,236,[],"[""0x80079B60"", ""0x80079DE0"", ""0x8007DA84"", ""0x8007FF84""]",HYPOTHESIS,FUN_80080254,"PSXRecomp medium: prologue-shaped, no proven call path; reachable=False; boundaries are static estimates",,False,True
DUNE.EXE,0x80080340,324,[],"[""0x80079B60"", ""0x80079DE0"", ""0x8007DA84"", ""0x8007FF84""]",HYPOTHESIS,libgpu_MoveImage2,"PSXRecomp medium: prologue-shaped, no proven call path; reachable=False; boundaries are static estimates",,False,True
DUNE.EXE,0x80080484,252,[],"[""0x80073098"", ""0x80079B60"", ""0x80079DE0"", ""0x8007FF84""]",HYPOTHESIS,libgpu_DrawOTag2,"PSXRecomp low: no prologue, no jr $ra exit, unreachable from entry; reachable=False; boundaries are static estimates",,False,True
DUNE.EXE,0x80080580,40,[],"[""0x80079DE0""]",HYPOTHESIS,FUN_80080580,PSXRecomp medium: address taken but no call-graph path from entry; reachable=False; boundaries are static estimates,,False,True
DUNE.EXE,0x800805A8,36,"[""0x8007D6A0"", ""0x8007D984"", ""0x8007FCC4""]",[],LIKELY,FUN_800805A8,"PSXRecomp high: jr $ra exit, reachable from entry; reachable=True; boundaries are static estimates",,False,True
DUNE.EXE,0x800805D0,16,"[""0x8007D6A0""]",[],LIKELY,libapi_GPU_cw,PSXRecomp verified: PSY-Q kernel dispatch thunk to A0(49h); reachable=True; boundaries are static estimates,A0:49 GPU_cw,False,False
DUNE.EXE,0x800805E0,16,"[""0x800643D0""]",[],LIKELY,FUN_800805E0,"PSXRecomp high: jr $ra exit, reachable from entry; reachable=True; boundaries are static estimates",,False,True
DUNE.EXE,0x800805F0,100,"[""0x800643D0""]","[""0x8008093C""]",LIKELY,libgpu_ReadTIM,"PSXRecomp verified: prologue + epilogue + jr $ra, called from reachable code; reachable=True; boundaries are static estimates",,False,True
DUNE.EXE,0x80080654,64,[],"[""0x80080A54""]",HYPOTHESIS,libgpu_OpenTMD,"PSXRecomp medium: prologue-shaped, no proven call path; reachable=False; boundaries are static estimates",,False,True
DUNE.EXE,0x80080694,680,[],"[""0x80080BC8""]",HYPOTHESIS,FUN_80080694,"PSXRecomp medium: prologue-shaped, no proven call path; reachable=False; boundaries are static estimates",,False,True
DUNE.EXE,0x8008093C,280,"[""0x800805F0""]","[""0x80073098"", ""0x8007D914""]",LIKELY,FUN_8008093C,"PSXRecomp verified: prologue + epilogue + jr $ra, called from reachable code; reachable=True; boundaries are static estimates",,False,True
DUNE.EXE,0x80080A54,372,"[""0x80080654""]","[""0x80073098"", ""0x8007D914""]",HYPOTHESIS,FUN_80080A54,"PSXRecomp medium: prologue-shaped, no proven call path; reachable=False; boundaries are static estimates",,False,True
DUNE.EXE,0x80080BC8,4760,"[""0x80080694""]","[""0x80019638"", ""0x80073098"", ""0x8007D914""]",HYPOTHESIS,FUN_80080BC8,"PSXRecomp medium: prologue-shaped, no proven call path; reachable=False; boundaries are static estimates",,False,True
DUNE.EXE,0x80081E60,60,"[""0x8007AD38""]",[],HYPOTHESIS,libgpu_AddPrim,"PSXRecomp low: no prologue, no jr $ra exit, unreachable from entry; reachable=False; boundaries are static estimates",,False,True
DUNE.EXE,0x80081EA0,68,"[""0x8004078C""]","[""0x8007A510"", ""0x8007A520"", ""0x80082FD0""]",LIKELY,FUN_80081EA0,"PSXRecomp verified: prologue + epilogue + jr $ra, called from reachable code; reachable=True; boundaries are static estimates",,False,True
DUNE.EXE,0x80081EE4,76,"[""0x8003F544""]","[""0x8007A510"", ""0x8007A520"", ""0x8007D690"", ""0x80082FE0""]",LIKELY,FUN_80081EE4,"PSXRecomp verified: prologue + epilogue + jr $ra, called from reachable code; reachable=True; boundaries are static estimates",,False,True
DUNE.EXE,0x80081F30,8,[],[],HYPOTHESIS,FUN_80081F30,"PSXRecomp low: no prologue, no jr $ra exit, unreachable from entry; reachable=False; boundaries are static estimates",,False,True
DUNE.EXE,0x80081F38,88,"[""0x80082ED8""]",[],LIKELY,FUN_80081F38,"PSXRecomp high: jr $ra exit, reachable from entry; reachable=True; boundaries are static estimates",,False,True
DUNE.EXE,0x80081F90,596,"[""0x80082ED8""]","[""0x80079600""]",LIKELY,FUN_80081F90,"PSXRecomp verified: prologue + epilogue + jr $ra, called from reachable code; reachable=True; boundaries are static estimates",,False,True
DUNE.EXE,0x800821E4,88,"[""0x80082ED8""]",[],LIKELY,FUN_800821E4,"PSXRecomp high: jr $ra exit, reachable from entry; reachable=True; boundaries are static estimates",,False,True
DUNE.EXE,0x8008223C,604,"[""0x80082ED8""]","[""0x80079600""]",LIKELY,FUN_8008223C,"PSXRecomp verified: prologue + epilogue + jr $ra, called from reachable code; reachable=True; boundaries are static estimates",,False,True
DUNE.EXE,0x80082498,1236,"[""0x800728DC"", ""0x80072D44"", ""0x80072D84""]","[""0x8007A510"", ""0x8007A520"", ""0x8007D6A0""]",LIKELY,FUN_80082498,"PSXRecomp verified: prologue + epilogue + jr $ra, called from reachable code; reachable=True; boundaries are static estimates",,False,True
DUNE.EXE,0x8008296C,124,[],[],LIKELY,FUN_8008296C,"PSXRecomp high: jr $ra exit, reachable from entry; reachable=True; boundaries are static estimates",,False,True
DUNE.EXE,0x800829E8,860,[],"[""0x80079600""]",LIKELY,FUN_800829E8,"PSXRecomp high: jr $ra exit, reachable from entry; reachable=True; boundaries are static estimates",,False,True
DUNE.EXE,0x80082D44,244,[],"[""0x80082FF0"", ""0x80083000""]",LIKELY,FUN_80082D44,"PSXRecomp high: jr $ra exit, reachable from entry; reachable=True; boundaries are static estimates",,False,True
DUNE.EXE,0x80082E38,8,[],[],LIKELY,FUN_80082E38,"PSXRecomp high: jr $ra exit, reachable from entry; reachable=True; boundaries are static estimates",,False,True
DUNE.EXE,0x80082E40,8,[],[],LIKELY,FUN_80082E40,"PSXRecomp high: jr $ra exit, reachable from entry; reachable=True; boundaries are static estimates",,False,True
DUNE.EXE,0x80082E48,144,[],"[""0x80083000""]",LIKELY,FUN_80082E48,"PSXRecomp high: jr $ra exit, reachable from entry; reachable=True; boundaries are static estimates",,False,True
DUNE.EXE,0x80082ED8,232,[],"[""0x80081F38"", ""0x80081F90"", ""0x800821E4"", ""0x8008223C""]",LIKELY,FUN_80082ED8,"PSXRecomp high: jr $ra exit, reachable from entry; reachable=True; boundaries are static estimates",,False,True
DUNE.EXE,0x80082FC0,8,[],[],LIKELY,FUN_80082FC0,"PSXRecomp high: jr $ra exit, reachable from entry; reachable=True; boundaries are static estimates",,False,True
DUNE.EXE,0x80082FD0,16,"[""0x80081EA0""]",[],LIKELY,libapi_AddDrv,PSXRecomp verified: PSY-Q kernel dispatch thunk to B0(47h); reachable=True; boundaries are static estimates,B0:47 AddDevice,False,True
DUNE.EXE,0x80082FE0,16,"[""0x80081EE4""]",[],LIKELY,libapi_DelDrv,PSXRecomp verified: PSY-Q kernel dispatch thunk to B0(48h); reachable=True; boundaries are static estimates,B0:48 RemoveDevice,False,True
DUNE.EXE,0x80082FF0,16,"[""0x80082D44"", ""0x80083820""]",[],LIKELY,libapi_SysEnqIntRP,PSXRecomp verified: PSY-Q kernel dispatch thunk to C0(02h); reachable=True; boundaries are static estimates,C0:02 SysEnqIntRP,False,True
DUNE.EXE,0x80083000,16,"[""0x80082D44"", ""0x80082E48"", ""0x80083820"", ""0x800838EC""]",[],LIKELY,libapi_SysDeqIntRP,PSXRecomp verified: PSY-Q kernel dispatch thunk to C0(03h); reachable=True; boundaries are static estimates,C0:03 SysDeqIntRP,False,True
DUNE.EXE,0x80083010,32,[],"[""0x8008380C""]",HYPOTHESIS,FUN_80083010,"PSXRecomp medium: prologue-shaped, no proven call path; reachable=False; boundaries are static estimates",,False,True
DUNE.EXE,0x80083030,32,"[""0x8005AC20""]","[""0x80083820""]",LIKELY,FUN_80083030,"PSXRecomp verified: prologue + epilogue + jr $ra, called from reachable code; reachable=True; boundaries are static estimates",,False,True
DUNE.EXE,0x80083050,32,"[""0x8003F544""]","[""0x800838EC""]",LIKELY,FUN_80083050,"PSXRecomp verified: prologue + epilogue + jr $ra, called from reachable code; reachable=True; boundaries are static estimates",,False,True
DUNE.EXE,0x80083070,76,[],[],HYPOTHESIS,FUN_80083070,"PSXRecomp low: no prologue, no jr $ra exit, unreachable from entry; reachable=False; boundaries are static estimates",,False,True
DUNE.EXE,0x800830BC,204,"[""0x8005AC20"", ""0x8005ADCC""]",[],LIKELY,FUN_800830BC,"PSXRecomp high: jr $ra exit, reachable from entry; reachable=True; boundaries are static estimates",,False,True
DUNE.EXE,0x80083188,248,"[""0x8005ADCC"", ""0x8005AF88"", ""0x8005B114"", ""0x8005B208""]",[],LIKELY,FUN_80083188,"PSXRecomp high: jr $ra exit, reachable from entry; reachable=True; boundaries are static estimates",,False,True
DUNE.EXE,0x80083280,212,[],[],HYPOTHESIS,FUN_80083280,"PSXRecomp low: no prologue, no jr $ra exit, unreachable from entry; reachable=False; boundaries are static estimates",,False,True
DUNE.EXE,0x80083354,168,[],[],HYPOTHESIS,FUN_80083354,"PSXRecomp low: no prologue, no jr $ra exit, unreachable from entry; reachable=False; boundaries are static estimates",,False,True
DUNE.EXE,0x800833FC,56,"[""0x8005ADCC""]","[""0x80084B5C""]",LIKELY,FUN_800833FC,"PSXRecomp high: jr $ra exit, reachable from entry; reachable=True; boundaries are static estimates",,False,True
DUNE.EXE,0x80083434,72,"[""0x8005AC20""]","[""0x80084CA8""]",LIKELY,FUN_80083434,"PSXRecomp high: jr $ra exit, reachable from entry; reachable=True; boundaries are static estimates",,False,True
DUNE.EXE,0x8008347C,72,"[""0x8005AC20""]","[""0x800842A0""]",LIKELY,FUN_8008347C,"PSXRecomp high: jr $ra exit, reachable from entry; reachable=True; boundaries are static estimates",,False,True
DUNE.EXE,0x800834D0,280,[],[],HYPOTHESIS,FUN_800834D0,"PSXRecomp low: no prologue, no jr $ra exit, unreachable from entry; reachable=False; boundaries are static estimates",,False,True
DUNE.EXE,0x800835E8,44,"[""0x800854D0""]",[],LIKELY,FUN_800835E8,"PSXRecomp high: jr $ra exit, reachable from entry; reachable=True; boundaries are static estimates",,False,True
DUNE.EXE,0x80083614,104,[],[],LIKELY,FUN_80083614,"PSXRecomp high: jr $ra exit, reachable from entry; reachable=True; boundaries are static estimates",,False,True
DUNE.EXE,0x8008367C,400,[],"[""0x80083930"", ""0x80083C64""]",LIKELY,FUN_8008367C,"PSXRecomp high: jr $ra exit, reachable from entry; reachable=True; boundaries are static estimates",,False,True
DUNE.EXE,0x8008380C,20,"[""0x80083010""]",[],HYPOTHESIS,FUN_8008380C,"PSXRecomp low: no prologue, no jr $ra exit, unreachable from entry; reachable=False; boundaries are static estimates",,False,True
DUNE.EXE,0x80083820,204,"[""0x80083030""]","[""0x80079D70"", ""0x8007A510"", ""0x8007A520"", ""0x80082FF0"", ""0x80083000""]",LIKELY,FUN_80083820,"PSXRecomp verified: prologue + epilogue + jr $ra, called from reachable code; reachable=True; boundaries are static estimates",,False,True
DUNE.EXE,0x800838EC,68,"[""0x80083050""]","[""0x80079D70"", ""0x8007A510"", ""0x8007A520"", ""0x80083000""]",LIKELY,FUN_800838EC,"PSXRecomp verified: prologue + epilogue + jr $ra, called from reachable code; reachable=True; boundaries are static estimates",,False,True
DUNE.EXE,0x80083930,820,"[""0x8008367C"", ""0x80085698""]","[""0x800841DC"", ""0x8008426C"", ""0x80086020"", ""0x80086040""]",LIKELY,FUN_80083930,"PSXRecomp verified: prologue + epilogue + jr $ra, called from reachable code; reachable=True; boundaries are static estimates",,False,True
DUNE.EXE,0x80083C64,240,"[""0x8008367C""]","[""0x800841DC"", ""0x80086020""]",LIKELY,FUN_80083C64,"PSXRecomp verified: prologue + epilogue + jr $ra, called from reachable code; reachable=True; boundaries are static estimates",,False,True
DUNE.EXE,0x80083D54,528,"[""0x80084EA0"", ""0x80085130""]","[""0x80086040""]",LIKELY,FUN_80083D54,"PSXRecomp verified: prologue + epilogue + jr $ra, called from reachable code; reachable=True; boundaries are static estimates",,False,True
DUNE.EXE,0x80083F64,632,"[""0x80084EE8"", ""0x80084FC0"", ""0x8008506C"", ""0x80085130""]","[""0x80086020"", ""0x80086040""]",LIKELY,FUN_80083F64,"PSXRecomp verified: prologue + epilogue + jr $ra, called from reachable code; reachable=True; boundaries are static estimates",,False,True
DUNE.EXE,0x800841DC,144,"[""0x80083930"", ""0x80083C64"", ""0x80085130""]","[""0x80086040""]",LIKELY,FUN_800841DC,"PSXRecomp verified: prologue + epilogue + jr $ra, called from reachable code; reachable=True; boundaries are static estimates",,False,True
DUNE.EXE,0x8008426C,40,"[""0x80083930"", ""0x80085130""]",[],LIKELY,FUN_8008426C,"PSXRecomp high: jr $ra exit, reachable from entry; reachable=True; boundaries are static estimates",,False,True
DUNE.EXE,0x800842A0,12,"[""0x8008347C""]",[],LIKELY,FUN_800842A0,"PSXRecomp high: jr $ra exit, reachable from entry; reachable=True; boundaries are static estimates",,False,True
DUNE.EXE,0x800842AC,16,[],[],HYPOTHESIS,FUN_800842AC,"PSXRecomp low: no prologue, no jr $ra exit, unreachable from entry; reachable=False; boundaries are static estimates",,False,True
DUNE.EXE,0x800842BC,132,"[""0x80085B94""]","[""0x80084E14"", ""0x80084E28"", ""0x80084E68""]",LIKELY,FUN_800842BC,"PSXRecomp verified: prologue + epilogue + jr $ra, called from reachable code; reachable=True; boundaries are static estimates",,False,True
DUNE.EXE,0x80084340,624,"[""0x80085CA4""]","[""0x800845B0"", ""0x800845E8""]",LIKELY,FUN_80084340,"PSXRecomp verified: prologue + epilogue + jr $ra, called from reachable code; reachable=True; boundaries are static estimates",,False,True
DUNE.EXE,0x800845B0,56,"[""0x80084340""]",[],LIKELY,FUN_800845B0,"PSXRecomp high: jr $ra exit, reachable from entry; reachable=True; boundaries are static estimates",,False,True
DUNE.EXE,0x800845E8,212,"[""0x80084340""]",[],LIKELY,FUN_800845E8,"PSXRecomp verified: prologue + epilogue + jr $ra, called from reachable code; reachable=True; boundaries are static estimates",,False,True
DUNE.EXE,0x800846BC,168,[],"[""0x80084E28"", ""0x80084E48"", ""0x80084E68"", ""0x80084E88""]",LIKELY,FUN_800846BC,"PSXRecomp verified: prologue + epilogue + jr $ra, called from reachable code; reachable=True; boundaries are static estimates",,False,True
DUNE.EXE,0x80084764,1016,[],[],LIKELY,FUN_80084764,"PSXRecomp high: jr $ra exit, reachable from entry; reachable=True; boundaries are static estimates",,False,True
DUNE.EXE,0x80084B5C,104,"[""0x800833FC""]",[],LIKELY,FUN_80084B5C,"PSXRecomp verified: prologue + epilogue + jr $ra, called from reachable code; reachable=True; boundaries are static estimates",,False,True
DUNE.EXE,0x80084BC4,28,[],[],LIKELY,FUN_80084BC4,"PSXRecomp high: jr $ra exit, reachable from entry; reachable=True; boundaries are static estimates",,False,True
DUNE.EXE,0x80084BE0,200,[],[],LIKELY,FUN_80084BE0,"PSXRecomp high: jr $ra exit, reachable from entry; reachable=True; boundaries are static estimates",,False,True
DUNE.EXE,0x80084CA8,152,"[""0x80083434""]",[],LIKELY,FUN_80084CA8,"PSXRecomp verified: prologue + epilogue + jr $ra, called from reachable code; reachable=True; boundaries are static estimates",,False,True
DUNE.EXE,0x80084D40,84,[],[],LIKELY,FUN_80084D40,"PSXRecomp high: jr $ra exit, reachable from entry; reachable=True; boundaries are static estimates",,False,True
DUNE.EXE,0x80084D94,96,[],[],LIKELY,FUN_80084D94,"PSXRecomp verified: prologue + epilogue + jr $ra, called from reachable code; reachable=True; boundaries are static estimates",,False,True
DUNE.EXE,0x80084DF4,32,"[""0x80085B94""]",[],LIKELY,FUN_80084DF4,"PSXRecomp high: jr $ra exit, reachable from entry; reachable=True; boundaries are static estimates",,False,True
DUNE.EXE,0x80084E14,20,"[""0x800842BC""]",[],LIKELY,FUN_80084E14,"PSXRecomp high: jr $ra exit, reachable from entry; reachable=True; boundaries are static estimates",,False,True
DUNE.EXE,0x80084E28,32,"[""0x800842BC"", ""0x800846BC""]",[],LIKELY,FUN_80084E28,"PSXRecomp high: jr $ra exit, reachable from entry; reachable=True; boundaries are static estimates",,False,True
DUNE.EXE,0x80084E48,32,"[""0x800846BC""]",[],LIKELY,FUN_80084E48,"PSXRecomp high: jr $ra exit, reachable from entry; reachable=True; boundaries are static estimates",,False,True
DUNE.EXE,0x80084E68,32,"[""0x800842BC"", ""0x800846BC""]",[],LIKELY,FUN_80084E68,"PSXRecomp high: jr $ra exit, reachable from entry; reachable=True; boundaries are static estimates",,False,True
DUNE.EXE,0x80084E88,20,"[""0x800846BC""]",[],LIKELY,FUN_80084E88,"PSXRecomp high: jr $ra exit, reachable from entry; reachable=True; boundaries are static estimates",,False,True
DUNE.EXE,0x80084EA0,72,[],"[""0x80083D54""]",LIKELY,FUN_80084EA0,"PSXRecomp high: jr $ra exit, reachable from entry; reachable=True; boundaries are static estimates",,False,True
DUNE.EXE,0x80084EE8,216,[],"[""0x80083F64""]",LIKELY,FUN_80084EE8,"PSXRecomp high: jr $ra exit, reachable from entry; reachable=True; boundaries are static estimates",,False,True
DUNE.EXE,0x80084FC0,172,[],"[""0x80083F64""]",LIKELY,FUN_80084FC0,"PSXRecomp high: jr $ra exit, reachable from entry; reachable=True; boundaries are static estimates",,False,True
DUNE.EXE,0x8008506C,196,[],"[""0x80083F64""]",LIKELY,FUN_8008506C,"PSXRecomp high: jr $ra exit, reachable from entry; reachable=True; boundaries are static estimates",,False,True
DUNE.EXE,0x80085130,916,[],"[""0x80083D54"", ""0x80083F64"", ""0x800841DC"", ""0x8008426C"", ""0x80086020""]",LIKELY,FUN_80085130,"PSXRecomp high: jr $ra exit, reachable from entry; reachable=True; boundaries are static estimates",,False,True
DUNE.EXE,0x800854D0,352,"[""0x8005AC20""]","[""0x800835E8"", ""0x80085B30"", ""0x80085B60""]",LIKELY,FUN_800854D0,"PSXRecomp verified: prologue + epilogue + jr $ra, called from reachable code; reachable=True; boundaries are static estimates",,False,True
DUNE.EXE,0x80085630,104,[],[],LIKELY,FUN_80085630,"PSXRecomp high: jr $ra exit, reachable from entry; reachable=True; boundaries are static estimates",,False,True
DUNE.EXE,0x80085698,244,[],"[""0x80083930"", ""0x8008578C"", ""0x80085F08""]",LIKELY,FUN_80085698,"PSXRecomp verified: prologue + epilogue + jr $ra, called from reachable code; reachable=True; boundaries are static estimates",,False,True
DUNE.EXE,0x8008578C,16,"[""0x80085698""]",[],LIKELY,FUN_8008578C,"PSXRecomp high: jr $ra exit, reachable from entry; reachable=True; boundaries are static estimates",,False,True
DUNE.EXE,0x8008579C,188,[],[],LIKELY,FUN_8008579C,"PSXRecomp high: jr $ra exit, reachable from entry; reachable=True; boundaries are static estimates",,False,True
DUNE.EXE,0x80085858,636,[],"[""0x80085B30""]",LIKELY,FUN_80085858,"PSXRecomp verified: prologue + epilogue + jr $ra, called from reachable code; reachable=True; boundaries are static estimates",,False,True
DUNE.EXE,0x80085AD4,56,[],[],LIKELY,FUN_80085AD4,"PSXRecomp high: jr $ra exit, reachable from entry; reachable=True; boundaries are static estimates",,False,True
DUNE.EXE,0x80085B0C,32,[],[],LIKELY,FUN_80085B0C,"PSXRecomp high: jr $ra exit, reachable from entry; reachable=True; boundaries are static estimates",,False,True
DUNE.EXE,0x80085B30,48,"[""0x800854D0"", ""0x80085858""]",[],LIKELY,FUN_80085B30,"PSXRecomp high: jr $ra exit, reachable from entry; reachable=True; boundaries are static estimates",,False,True
DUNE.EXE,0x80085B60,52,"[""0x800854D0""]",[],LIKELY,FUN_80085B60,"PSXRecomp high: jr $ra exit, reachable from entry; reachable=True; boundaries are static estimates",,False,True
DUNE.EXE,0x80085B94,272,[],"[""0x800842BC"", ""0x80084DF4""]",LIKELY,FUN_80085B94,"PSXRecomp verified: prologue + epilogue + jr $ra, called from reachable code; reachable=True; boundaries are static estimates",,False,True
DUNE.EXE,0x80085CA4,612,[],"[""0x80084340""]",LIKELY,FUN_80085CA4,"PSXRecomp verified: prologue + epilogue + jr $ra, called from reachable code; reachable=True; boundaries are static estimates",,False,True
DUNE.EXE,0x80085F08,224,"[""0x80085698""]",[],LIKELY,FUN_80085F08,"PSXRecomp verified: prologue + epilogue + jr $ra, called from reachable code; reachable=True; boundaries are static estimates",,False,True
DUNE.EXE,0x80085FE8,44,[],[],LIKELY,FUN_80085FE8,"PSXRecomp high: jr $ra exit, reachable from entry; reachable=True; boundaries are static estimates",,False,True
DUNE.EXE,0x80086020,32,"[""0x80083930"", ""0x80083C64"", ""0x80083F64"", ""0x80085130""]",[],LIKELY,FUN_80086020,"PSXRecomp high: jr $ra exit, reachable from entry; reachable=True; boundaries are static estimates",,False,True
DUNE.EXE,0x80086040,160,"[""0x80083930"", ""0x80083D54"", ""0x80083F64"", ""0x800841DC""]",[],LIKELY,FUN_80086040,"PSXRecomp high: jr $ra exit, reachable from entry; reachable=True; boundaries are static estimates",,False,True
DUNE.EXE,0x800860E0,32,"[""0x80062A08""]","[""0x80086100""]",LIKELY,FUN_800860E0,"PSXRecomp verified: prologue + epilogue + jr $ra, called from reachable code; reachable=True; boundaries are static estimates",,False,True
DUNE.EXE,0x80086100,232,"[""0x800860E0""]","[""0x80079D80"", ""0x800861E8"", ""0x80086280"", ""0x80086B8C""]",LIKELY,FUN_80086100,"PSXRecomp verified: prologue + epilogue + jr $ra, called from reachable code; reachable=True; boundaries are static estimates",,False,True
DUNE.EXE,0x800861E8,112,"[""0x80086100""]","[""0x8007A510"", ""0x8007A520"", ""0x80086260"", ""0x80086270"", ""0x80086DC0""]",LIKELY,FUN_800861E8,"PSXRecomp high: jr $ra exit, reachable from entry; reachable=True; boundaries are static estimates",,False,True
DUNE.EXE,0x80086260,16,"[""0x800861E8""]",[],LIKELY,libapi_OpenEvent,PSXRecomp verified: PSY-Q kernel dispatch thunk to B0(08h); reachable=True; boundaries are static estimates,B0:08 OpenEvent,False,False
DUNE.EXE,0x80086270,16,"[""0x800861E8""]",[],LIKELY,libapi_EnableEvent,PSXRecomp verified: PSY-Q kernel dispatch thunk to B0(0Ch); reachable=True; boundaries are static estimates,B0:0C EnableEvent,False,False
DUNE.EXE,0x80086280,640,"[""0x80086100""]","[""0x80073098"", ""0x80086500"", ""0x80086D58""]",LIKELY,FUN_80086280,"PSXRecomp verified: prologue + epilogue + jr $ra, called from reachable code; reachable=True; boundaries are static estimates",,False,True
DUNE.EXE,0x80086500,448,"[""0x80086280"", ""0x80086AA4""]","[""0x80073098"", ""0x80086D58""]",LIKELY,FUN_80086500,"PSXRecomp high: jr $ra exit, reachable from entry; reachable=True; boundaries are static estimates",,False,True
DUNE.EXE,0x800866C0,188,[],"[""0x80079600"", ""0x80086D58""]",LIKELY,FUN_800866C0,"PSXRecomp high: jr $ra exit, reachable from entry; reachable=True; boundaries are static estimates",,False,True
DUNE.EXE,0x8008677C,168,[],"[""0x80086D30"", ""0x80086D58""]",HYPOTHESIS,FUN_8008677C,"PSXRecomp low: no prologue, no jr $ra exit, unreachable from entry; reachable=False; boundaries are static estimates",,False,True
DUNE.EXE,0x80086824,16,"[""0x80086AA4"", ""0x80086B28""]",[],HYPOTHESIS,FUN_80086824,PSXRecomp low: reachable but no prologue and no jr $ra exit; reachable=True; boundaries are static estimates,,False,True
DUNE.EXE,0x80086834,624,[],"[""0x80086D08"", ""0x80086D30""]",HYPOTHESIS,FUN_80086834,"PSXRecomp medium: prologue-shaped, no proven call path; reachable=False; boundaries are static estimates",,False,False
DUNE.EXE,0x80086AA4,132,"[""0x80087720""]","[""0x80086500"", ""0x80086824""]",LIKELY,FUN_80086AA4,"PSXRecomp high: jr $ra exit, reachable from entry; reachable=True; boundaries are static estimates",,False,True
DUNE.EXE,0x80086B28,100,[],"[""0x80086824""]",HYPOTHESIS,FUN_80086B28,"PSXRecomp medium: prologue-shaped, no proven call path; reachable=False; boundaries are static estimates",,False,True
DUNE.EXE,0x80086B8C,68,"[""0x80086100""]",[],LIKELY,FUN_80086B8C,"PSXRecomp high: jr $ra exit, reachable from entry; reachable=True; boundaries are static estimates",,False,True
DUNE.EXE,0x80086BD0,164,"[""0x80087780"", ""0x80087C50""]",[],LIKELY,FUN_80086BD0,"PSXRecomp high: jr $ra exit, reachable from entry; reachable=True; boundaries are static estimates",,False,True
DUNE.EXE,0x80086C74,60,[],[],HYPOTHESIS,FUN_80086C74,"PSXRecomp low: no prologue, no jr $ra exit, unreachable from entry; reachable=False; boundaries are static estimates",,False,True
DUNE.EXE,0x80086CB0,88,[],[],HYPOTHESIS,FUN_80086CB0,"PSXRecomp low: no prologue, no jr $ra exit, unreachable from entry; reachable=False; boundaries are static estimates",,False,True
DUNE.EXE,0x80086D08,40,"[""0x80086834""]",[],HYPOTHESIS,FUN_80086D08,"PSXRecomp low: no prologue, no jr $ra exit, unreachable from entry; reachable=False; boundaries are static estimates",,False,True
DUNE.EXE,0x80086D30,40,"[""0x8008677C"", ""0x80086834""]",[],HYPOTHESIS,FUN_80086D30,"PSXRecomp low: no prologue, no jr $ra exit, unreachable from entry; reachable=False; boundaries are static estimates",,False,True
DUNE.EXE,0x80086D58,92,"[""0x80086280"", ""0x80086500"", ""0x800866C0"", ""0x8008677C""]",[],LIKELY,FUN_80086D58,"PSXRecomp verified: prologue + epilogue + jr $ra, called from reachable code; reachable=True; boundaries are static estimates",,False,True
DUNE.EXE,0x80086DC0,36,"[""0x800861E8""]","[""0x80079DE0""]",LIKELY,libcd_CdDataCallback,"PSXRecomp verified: prologue + epilogue + jr $ra, called from reachable code; reachable=True; boundaries are static estimates",,False,False
DUNE.EXE,0x80086DF0,84,"[""0x80062A08""]",[],LIKELY,FUN_80086DF0,"PSXRecomp high: jr $ra exit, reachable from entry; reachable=True; boundaries are static estimates",,False,True
DUNE.EXE,0x80086E50,708,"[""0x800636EC""]","[""0x80087120""]",LIKELY,FUN_80086E50,"PSXRecomp high: jr $ra exit, reachable from entry; reachable=True; boundaries are static estimates",,False,True
DUNE.EXE,0x80087120,768,"[""0x80086E50"", ""0x80087420""]",[],LIKELY,FUN_80087120,"PSXRecomp high: jr $ra exit, reachable from entry; reachable=True; boundaries are static estimates",,False,True
DUNE.EXE,0x80087420,124,"[""0x80063970""]","[""0x80087120""]",HYPOTHESIS,FUN_80087420,"PSXRecomp medium: prologue-shaped, no proven call path; reachable=False; boundaries are static estimates",,False,True
DUNE.EXE,0x800874A0,444,"[""0x8006338C"", ""0x80063604"", ""0x800876F0""]",[],LIKELY,FUN_800874A0,"PSXRecomp high: jr $ra exit, reachable from entry; reachable=True; boundaries are static estimates",,False,True
DUNE.EXE,0x80087660,144,"[""0x800633EC"", ""0x80063468""]",[],LIKELY,FUN_80087660,"PSXRecomp high: jr $ra exit, reachable from entry; reachable=True; boundaries are static estimates",,False,True
DUNE.EXE,0x800876F0,48,"[""0x8006312C""]","[""0x800874A0"", ""0x80087C50""]",LIKELY,FUN_800876F0,"PSXRecomp verified: prologue + epilogue + jr $ra, called from reachable code; reachable=True; boundaries are static estimates",,False,True
DUNE.EXE,0x80087720,92,"[""0x800633B4"", ""0x800636EC""]","[""0x80086AA4""]",LIKELY,FUN_80087720,"PSXRecomp verified: prologue + epilogue + jr $ra, called from reachable code; reachable=True; boundaries are static estimates",,False,True
DUNE.EXE,0x80087780,92,"[""0x800636EC""]","[""0x80086BD0""]",LIKELY,FUN_80087780,"PSXRecomp verified: prologue + epilogue + jr $ra, called from reachable code; reachable=True; boundaries are static estimates",,False,True
DUNE.EXE,0x800877E0,48,"[""0x80062A08""]",[],LIKELY,FUN_800877E0,"PSXRecomp high: jr $ra exit, reachable from entry; reachable=True; boundaries are static estimates",,False,True
DUNE.EXE,0x80087810,164,"[""0x800636EC""]","[""0x800878C0""]",LIKELY,FUN_80087810,"PSXRecomp high: jr $ra exit, reachable from entry; reachable=True; boundaries are static estimates",,False,True
DUNE.EXE,0x800878C0,16,"[""0x80087810""]",[],LIKELY,libapi_TestEvent,PSXRecomp verified: PSY-Q kernel dispatch thunk to B0(0Bh); reachable=True; boundaries are static estimates,B0:0B TestEvent,False,False
DUNE.EXE,0x800878D0,892,"[""0x80062A60"", ""0x80063224""]",[],LIKELY,FUN_800878D0,"PSXRecomp high: jr $ra exit, reachable from entry; reachable=True; boundaries are static estimates",,False,True
DUNE.EXE,0x80087C50,1528,"[""0x800630CC"", ""0x800876F0""]","[""0x80086BD0"", ""0x80088250""]",LIKELY,FUN_80087C50,"PSXRecomp verified: prologue + epilogue + jr $ra, called from reachable code; reachable=True; boundaries are static estimates",,False,True
DUNE.EXE,0x80088250,208,"[""0x80087C50""]",[],LIKELY,FUN_80088250,"PSXRecomp high: jr $ra exit, reachable from entry; reachable=True; boundaries are static estimates",,False,True
DUNE.EXE,0x80088320,304,[],[],HYPOTHESIS,FUN_80088320,"PSXRecomp low: no prologue, no jr $ra exit, unreachable from entry; reachable=False; boundaries are static estimates",,False,True
DUNE.EXE,0x80142A40,240512,[],[],HYPOTHESIS,FUN_80142A40,PSXRecomp data: classified as data; reachable=False; boundaries are static estimates,,False,True
DUNE.EXE,0x8017D5C0,412224,[],[],HYPOTHESIS,FUN_8017D5C0,PSXRecomp data: classified as data; reachable=False; boundaries are static estimates,,False,True
DUNE.EXE,0x8001A000,544,[],[],HYPOTHESIS,FUN_8001A000,PS1Recomp-only candidate; linear sweep can mistake data for code,,False,False
DUNE.EXE,0x8001C000,32,[],[],HYPOTHESIS,FUN_8001C000,PS1Recomp-only candidate; linear sweep can mistake data for code,,False,False
DUNE.EXE,0x8005B094,128,[],[],HYPOTHESIS,FUN_8005B094,PS1Recomp-only candidate; linear sweep can mistake data for code,,False,False
DUNE.EXE,0x8005BCCC,372,[],[],HYPOTHESIS,FUN_8005BCCC,PS1Recomp-only candidate; linear sweep can mistake data for code,,False,False
DUNE.EXE,0x8005C6B8,220,[],[],HYPOTHESIS,FUN_8005C6B8,PS1Recomp-only candidate; linear sweep can mistake data for code,,False,False
DUNE.EXE,0x8005DAB4,284,[],[],HYPOTHESIS,FUN_8005DAB4,PS1Recomp-only candidate; linear sweep can mistake data for code,,False,False
DUNE.EXE,0x8006396C,56,[],[],HYPOTHESIS,FUN_8006396C,PS1Recomp-only candidate; linear sweep can mistake data for code,,False,False
DUNE.EXE,0x80064060,436,[],[],HYPOTHESIS,FUN_80064060,PS1Recomp-only candidate; linear sweep can mistake data for code,,False,False
DUNE.EXE,0x80068020,88,[],[],HYPOTHESIS,FUN_80068020,PS1Recomp-only candidate; linear sweep can mistake data for code,,False,False
DUNE.EXE,0x8006D39C,696,[],[],HYPOTHESIS,FUN_8006D39C,PS1Recomp-only candidate; linear sweep can mistake data for code,,False,False
DUNE.EXE,0x8006D654,520,[],[],HYPOTHESIS,FUN_8006D654,PS1Recomp-only candidate; linear sweep can mistake data for code,,False,False
DUNE.EXE,0x8006D85C,520,[],[],HYPOTHESIS,FUN_8006D85C,PS1Recomp-only candidate; linear sweep can mistake data for code,,False,False
DUNE.EXE,0x8006DA64,520,[],[],HYPOTHESIS,FUN_8006DA64,PS1Recomp-only candidate; linear sweep can mistake data for code,,False,False
DUNE.EXE,0x8006FF3C,544,[],[],HYPOTHESIS,FUN_8006FF3C,PS1Recomp-only candidate; linear sweep can mistake data for code,,False,False
DUNE.EXE,0x80099308,550764,[],[],HYPOTHESIS,FUN_80099308,PS1Recomp-only candidate; linear sweep can mistake data for code,,False,False
DUNE.EXE,0x8011FA74,28,[],[],HYPOTHESIS,FUN_8011FA74,PS1Recomp-only candidate; linear sweep can mistake data for code,,False,False
DUNE.EXE,0x8011FA90,12,[],[],HYPOTHESIS,FUN_8011FA90,PS1Recomp-only candidate; linear sweep can mistake data for code,,False,False
DUNE.EXE,0x8011FA9C,16076,[],[],HYPOTHESIS,FUN_8011FA9C,PS1Recomp-only candidate; linear sweep can mistake data for code,,False,False
DUNE.EXE,0x80123968,280,[],[],HYPOTHESIS,FUN_80123968,PS1Recomp-only candidate; linear sweep can mistake data for code,,False,False
DUNE.EXE,0x80123A80,280,[],[],HYPOTHESIS,FUN_80123A80,PS1Recomp-only candidate; linear sweep can mistake data for code,,False,False
DUNE.EXE,0x80123B98,976,[],[],HYPOTHESIS,FUN_80123B98,PS1Recomp-only candidate; linear sweep can mistake data for code,,False,False
DUNE.EXE,0x80123F68,960,[],[],HYPOTHESIS,FUN_80123F68,PS1Recomp-only candidate; linear sweep can mistake data for code,,False,False
DUNE.EXE,0x80124328,244,[],[],HYPOTHESIS,FUN_80124328,PS1Recomp-only candidate; linear sweep can mistake data for code,,False,False
DUNE.EXE,0x8012441C,244,[],[],HYPOTHESIS,FUN_8012441C,PS1Recomp-only candidate; linear sweep can mistake data for code,,False,False
DUNE.EXE,0x80124510,244,[],[],HYPOTHESIS,FUN_80124510,PS1Recomp-only candidate; linear sweep can mistake data for code,,False,False
DUNE.EXE,0x80124604,8828,[],[],HYPOTHESIS,FUN_80124604,PS1Recomp-only candidate; linear sweep can mistake data for code,,False,False
DUNE.EXE,0x80126880,52,[],[],HYPOTHESIS,FUN_80126880,PS1Recomp-only candidate; linear sweep can mistake data for code,,False,False
DUNE.EXE,0x801268B4,540,[],[],HYPOTHESIS,FUN_801268B4,PS1Recomp-only candidate; linear sweep can mistake data for code,,False,False
DUNE.EXE,0x80126AD0,52,[],[],HYPOTHESIS,FUN_80126AD0,PS1Recomp-only candidate; linear sweep can mistake data for code,,False,False
DUNE.EXE,0x80126B04,52,[],[],HYPOTHESIS,FUN_80126B04,PS1Recomp-only candidate; linear sweep can mistake data for code,,False,False
DUNE.EXE,0x80126B38,488,[],[],HYPOTHESIS,FUN_80126B38,PS1Recomp-only candidate; linear sweep can mistake data for code,,False,False
DUNE.EXE,0x80126D20,52,[],[],HYPOTHESIS,FUN_80126D20,PS1Recomp-only candidate; linear sweep can mistake data for code,,False,False
DUNE.EXE,0x80126D54,52,[],[],HYPOTHESIS,FUN_80126D54,PS1Recomp-only candidate; linear sweep can mistake data for code,,False,False
DUNE.EXE,0x80126D88,2808,[],[],HYPOTHESIS,FUN_80126D88,PS1Recomp-only candidate; linear sweep can mistake data for code,,False,False
DUNE.EXE,0x80127880,52,[],[],HYPOTHESIS,FUN_80127880,PS1Recomp-only candidate; linear sweep can mistake data for code,,False,False
DUNE.EXE,0x801278B4,540,[],[],HYPOTHESIS,FUN_801278B4,PS1Recomp-only candidate; linear sweep can mistake data for code,,False,False
DUNE.EXE,0x80127AD0,52,[],[],HYPOTHESIS,FUN_80127AD0,PS1Recomp-only candidate; linear sweep can mistake data for code,,False,False
DUNE.EXE,0x80127B04,52,[],[],HYPOTHESIS,FUN_80127B04,PS1Recomp-only candidate; linear sweep can mistake data for code,,False,False
DUNE.EXE,0x80127B38,488,[],[],HYPOTHESIS,FUN_80127B38,PS1Recomp-only candidate; linear sweep can mistake data for code,,False,False
DUNE.EXE,0x80127D20,52,[],[],HYPOTHESIS,FUN_80127D20,PS1Recomp-only candidate; linear sweep can mistake data for code,,False,False
DUNE.EXE,0x80127D54,52,[],[],HYPOTHESIS,FUN_80127D54,PS1Recomp-only candidate; linear sweep can mistake data for code,,False,False
DUNE.EXE,0x80127D88,8672,[],[],HYPOTHESIS,FUN_80127D88,PS1Recomp-only candidate; linear sweep can mistake data for code,,False,False
DUNE.EXE,0x80129F68,960,[],[],HYPOTHESIS,FUN_80129F68,PS1Recomp-only candidate; linear sweep can mistake data for code,,False,False
DUNE.EXE,0x8012A328,244,[],[],HYPOTHESIS,FUN_8012A328,PS1Recomp-only candidate; linear sweep can mistake data for code,,False,False
DUNE.EXE,0x8012A41C,244,[],[],HYPOTHESIS,FUN_8012A41C,PS1Recomp-only candidate; linear sweep can mistake data for code,,False,False
DUNE.EXE,0x8012A510,244,[],[],HYPOTHESIS,FUN_8012A510,PS1Recomp-only candidate; linear sweep can mistake data for code,,False,False
DUNE.EXE,0x8012A604,868,[],[],HYPOTHESIS,FUN_8012A604,PS1Recomp-only candidate; linear sweep can mistake data for code,,False,False
DUNE.EXE,0x8012A968,280,[],[],HYPOTHESIS,FUN_8012A968,PS1Recomp-only candidate; linear sweep can mistake data for code,,False,False
DUNE.EXE,0x8012AA80,280,[],[],HYPOTHESIS,FUN_8012AA80,PS1Recomp-only candidate; linear sweep can mistake data for code,,False,False
DUNE.EXE,0x8012AB98,36072,[],[],HYPOTHESIS,FUN_8012AB98,PS1Recomp-only candidate; linear sweep can mistake data for code,,False,False
DUNE.EXE,0x80133880,52,[],[],HYPOTHESIS,FUN_80133880,PS1Recomp-only candidate; linear sweep can mistake data for code,,False,False
DUNE.EXE,0x801338B4,540,[],[],HYPOTHESIS,FUN_801338B4,PS1Recomp-only candidate; linear sweep can mistake data for code,,False,False
DUNE.EXE,0x80133AD0,52,[],[],HYPOTHESIS,FUN_80133AD0,PS1Recomp-only candidate; linear sweep can mistake data for code,,False,False
DUNE.EXE,0x80133B04,52,[],[],HYPOTHESIS,FUN_80133B04,PS1Recomp-only candidate; linear sweep can mistake data for code,,False,False
DUNE.EXE,0x80133B38,488,[],[],HYPOTHESIS,FUN_80133B38,PS1Recomp-only candidate; linear sweep can mistake data for code,,False,False
DUNE.EXE,0x80133D20,52,[],[],HYPOTHESIS,FUN_80133D20,PS1Recomp-only candidate; linear sweep can mistake data for code,,False,False
DUNE.EXE,0x80133D54,52,[],[],HYPOTHESIS,FUN_80133D54,PS1Recomp-only candidate; linear sweep can mistake data for code,,False,False
DUNE.EXE,0x80133D88,8672,[],[],HYPOTHESIS,FUN_80133D88,PS1Recomp-only candidate; linear sweep can mistake data for code,,False,False
DUNE.EXE,0x80135F68,960,[],[],HYPOTHESIS,FUN_80135F68,PS1Recomp-only candidate; linear sweep can mistake data for code,,False,False
DUNE.EXE,0x80136328,244,[],[],HYPOTHESIS,FUN_80136328,PS1Recomp-only candidate; linear sweep can mistake data for code,,False,False
DUNE.EXE,0x8013641C,244,[],[],HYPOTHESIS,FUN_8013641C,PS1Recomp-only candidate; linear sweep can mistake data for code,,False,False
DUNE.EXE,0x80136510,244,[],[],HYPOTHESIS,FUN_80136510,PS1Recomp-only candidate; linear sweep can mistake data for code,,False,False
DUNE.EXE,0x80136604,868,[],[],HYPOTHESIS,FUN_80136604,PS1Recomp-only candidate; linear sweep can mistake data for code,,False,False
DUNE.EXE,0x80136968,280,[],[],HYPOTHESIS,FUN_80136968,PS1Recomp-only candidate; linear sweep can mistake data for code,,False,False
DUNE.EXE,0x80136A80,280,[],[],HYPOTHESIS,FUN_80136A80,PS1Recomp-only candidate; linear sweep can mistake data for code,,False,False
DUNE.EXE,0x80136B98,36304,[],[],HYPOTHESIS,FUN_80136B98,PS1Recomp-only candidate; linear sweep can mistake data for code,,False,False
DUNE.EXE,0x8013F968,280,[],[],HYPOTHESIS,FUN_8013F968,PS1Recomp-only candidate; linear sweep can mistake data for code,,False,False
DUNE.EXE,0x8013FA80,280,[],[],HYPOTHESIS,FUN_8013FA80,PS1Recomp-only candidate; linear sweep can mistake data for code,,False,False
DUNE.EXE,0x8013FB98,976,[],[],HYPOTHESIS,FUN_8013FB98,PS1Recomp-only candidate; linear sweep can mistake data for code,,False,False
DUNE.EXE,0x8013FF68,960,[],[],HYPOTHESIS,FUN_8013FF68,PS1Recomp-only candidate; linear sweep can mistake data for code,,False,False
DUNE.EXE,0x80140328,244,[],[],HYPOTHESIS,FUN_80140328,PS1Recomp-only candidate; linear sweep can mistake data for code,,False,False
DUNE.EXE,0x8014041C,244,[],[],HYPOTHESIS,FUN_8014041C,PS1Recomp-only candidate; linear sweep can mistake data for code,,False,False
DUNE.EXE,0x80140510,244,[],[],HYPOTHESIS,FUN_80140510,PS1Recomp-only candidate; linear sweep can mistake data for code,,False,False
DUNE.EXE,0x80140604,8828,[],[],HYPOTHESIS,FUN_80140604,PS1Recomp-only candidate; linear sweep can mistake data for code,,False,False
DUNE.EXE,0x80142880,52,[],[],HYPOTHESIS,FUN_80142880,PS1Recomp-only candidate; linear sweep can mistake data for code,,False,False
DUNE.EXE,0x801428B4,396,[],[],HYPOTHESIS,FUN_801428B4,PS1Recomp-only candidate; linear sweep can mistake data for code,,False,False
DUNE.EXE,0x80142B04,52,[],[],HYPOTHESIS,FUN_80142B04,PS1Recomp-only candidate; linear sweep can mistake data for code,,False,False
DUNE.EXE,0x80142B38,488,[],[],HYPOTHESIS,FUN_80142B38,PS1Recomp-only candidate; linear sweep can mistake data for code,,False,False
DUNE.EXE,0x80142D20,52,[],[],HYPOTHESIS,FUN_80142D20,PS1Recomp-only candidate; linear sweep can mistake data for code,,False,False
DUNE.EXE,0x80142D54,52,[],[],HYPOTHESIS,FUN_80142D54,PS1Recomp-only candidate; linear sweep can mistake data for code,,False,False
DUNE.EXE,0x80142D88,368,[],[],HYPOTHESIS,FUN_80142D88,PS1Recomp-only candidate; linear sweep can mistake data for code,,False,False
DUNE.EXE,0x80142EF8,44,[],[],HYPOTHESIS,FUN_80142EF8,PS1Recomp-only candidate; linear sweep can mistake data for code,,False,False
DUNE.EXE,0x80142F24,324,[],[],HYPOTHESIS,FUN_80142F24,PS1Recomp-only candidate; linear sweep can mistake data for code,,False,False
DUNE.EXE,0x80143068,132,[],[],HYPOTHESIS,FUN_80143068,PS1Recomp-only candidate; linear sweep can mistake data for code,,False,False
DUNE.EXE,0x801430EC,216,[],[],HYPOTHESIS,FUN_801430EC,PS1Recomp-only candidate; linear sweep can mistake data for code,,False,False
DUNE.EXE,0x801431C4,160,[],[],HYPOTHESIS,FUN_801431C4,PS1Recomp-only candidate; linear sweep can mistake data for code,,False,False
DUNE.EXE,0x80143264,368,[],[],HYPOTHESIS,FUN_80143264,PS1Recomp-only candidate; linear sweep can mistake data for code,,False,False
DUNE.EXE,0x801433D4,292,[],[],HYPOTHESIS,FUN_801433D4,PS1Recomp-only candidate; linear sweep can mistake data for code,,False,False
DUNE.EXE,0x801434F8,20,[],[],HYPOTHESIS,FUN_801434F8,PS1Recomp-only candidate; linear sweep can mistake data for code,,False,False
DUNE.EXE,0x8014350C,244,[],[],HYPOTHESIS,FUN_8014350C,PS1Recomp-only candidate; linear sweep can mistake data for code,,False,False
DUNE.EXE,0x80143600,140,[],[],HYPOTHESIS,FUN_80143600,PS1Recomp-only candidate; linear sweep can mistake data for code,,False,False
DUNE.EXE,0x8014368C,12004,[],[],HYPOTHESIS,FUN_8014368C,PS1Recomp-only candidate; linear sweep can mistake data for code,,False,False
DUNE.EXE,0x80146570,8768,[],[],HYPOTHESIS,FUN_80146570,PS1Recomp-only candidate; linear sweep can mistake data for code,,False,False
DUNE.EXE,0x801487B0,32,[],[],HYPOTHESIS,FUN_801487B0,PS1Recomp-only candidate; linear sweep can mistake data for code,,False,False
DUNE.EXE,0x801487D0,316,[],[],HYPOTHESIS,FUN_801487D0,PS1Recomp-only candidate; linear sweep can mistake data for code,,False,False
DUNE.EXE,0x8014890C,3632,[],[],HYPOTHESIS,FUN_8014890C,PS1Recomp-only candidate; linear sweep can mistake data for code,,False,False
DUNE.EXE,0x8014973C,408,[],[],HYPOTHESIS,FUN_8014973C,PS1Recomp-only candidate; linear sweep can mistake data for code,,False,False
DUNE.EXE,0x801498D4,212,[],[],HYPOTHESIS,FUN_801498D4,PS1Recomp-only candidate; linear sweep can mistake data for code,,False,False
DUNE.EXE,0x801499A8,216,[],[],HYPOTHESIS,FUN_801499A8,PS1Recomp-only candidate; linear sweep can mistake data for code,,False,False
DUNE.EXE,0x80149A80,264,[],[],HYPOTHESIS,FUN_80149A80,PS1Recomp-only candidate; linear sweep can mistake data for code,,False,False
DUNE.EXE,0x80149B88,276,[],[],HYPOTHESIS,FUN_80149B88,PS1Recomp-only candidate; linear sweep can mistake data for code,,False,False
DUNE.EXE,0x80149C9C,316,[],[],HYPOTHESIS,FUN_80149C9C,PS1Recomp-only candidate; linear sweep can mistake data for code,,False,False
DUNE.EXE,0x80149DD8,1268,[],[],HYPOTHESIS,FUN_80149DD8,PS1Recomp-only candidate; linear sweep can mistake data for code,,False,False
DUNE.EXE,0x8014A2CC,460,[],[],HYPOTHESIS,FUN_8014A2CC,PS1Recomp-only candidate; linear sweep can mistake data for code,,False,False
DUNE.EXE,0x8014A498,1608,[],[],HYPOTHESIS,FUN_8014A498,PS1Recomp-only candidate; linear sweep can mistake data for code,,False,False
DUNE.EXE,0x8014AAE0,60,[],[],HYPOTHESIS,FUN_8014AAE0,PS1Recomp-only candidate; linear sweep can mistake data for code,,False,False
DUNE.EXE,0x8014AB1C,8,[],[],HYPOTHESIS,FUN_8014AB1C,PS1Recomp-only candidate; linear sweep can mistake data for code,,False,False
DUNE.EXE,0x8014AB24,40,[],[],HYPOTHESIS,FUN_8014AB24,PS1Recomp-only candidate; linear sweep can mistake data for code,,False,False
DUNE.EXE,0x8014AB4C,20,[],[],HYPOTHESIS,FUN_8014AB4C,PS1Recomp-only candidate; linear sweep can mistake data for code,,False,False
DUNE.EXE,0x8014AB60,576,[],[],HYPOTHESIS,FUN_8014AB60,PS1Recomp-only candidate; linear sweep can mistake data for code,,False,False
DUNE.EXE,0x8014ADA0,8,[],[],HYPOTHESIS,FUN_8014ADA0,PS1Recomp-only candidate; linear sweep can mistake data for code,,False,False
DUNE.EXE,0x8014ADA8,156,[],[],HYPOTHESIS,FUN_8014ADA8,PS1Recomp-only candidate; linear sweep can mistake data for code,,False,False
DUNE.EXE,0x8014AE44,20,[],[],HYPOTHESIS,FUN_8014AE44,PS1Recomp-only candidate; linear sweep can mistake data for code,,False,False
DUNE.EXE,0x8014AE58,648,[],[],HYPOTHESIS,FUN_8014AE58,PS1Recomp-only candidate; linear sweep can mistake data for code,,False,False
DUNE.EXE,0x8014B0E0,2696,[],[],HYPOTHESIS,FUN_8014B0E0,PS1Recomp-only candidate; linear sweep can mistake data for code,,False,False
DUNE.EXE,0x8014BB68,220,[],[],HYPOTHESIS,FUN_8014BB68,PS1Recomp-only candidate; linear sweep can mistake data for code,,False,False
DUNE.EXE,0x8014BC44,1632,[],[],HYPOTHESIS,FUN_8014BC44,PS1Recomp-only candidate; linear sweep can mistake data for code,,False,False
DUNE.EXE,0x8014C2A4,8,[],[],HYPOTHESIS,FUN_8014C2A4,PS1Recomp-only candidate; linear sweep can mistake data for code,,False,False
DUNE.EXE,0x8014C2AC,24,[],[],HYPOTHESIS,FUN_8014C2AC,PS1Recomp-only candidate; linear sweep can mistake data for code,,False,False
DUNE.EXE,0x8014C2C4,3260,[],[],HYPOTHESIS,FUN_8014C2C4,PS1Recomp-only candidate; linear sweep can mistake data for code,,False,False
DUNE.EXE,0x8014CF80,104,[],[],HYPOTHESIS,FUN_8014CF80,PS1Recomp-only candidate; linear sweep can mistake data for code,,False,False
DUNE.EXE,0x8014CFE8,960,[],[],HYPOTHESIS,FUN_8014CFE8,PS1Recomp-only candidate; linear sweep can mistake data for code,,False,False
DUNE.EXE,0x8014D3A8,1780,[],[],HYPOTHESIS,FUN_8014D3A8,PS1Recomp-only candidate; linear sweep can mistake data for code,,False,False
DUNE.EXE,0x8014DA9C,3488,[],[],HYPOTHESIS,FUN_8014DA9C,PS1Recomp-only candidate; linear sweep can mistake data for code,,False,False
DUNE.EXE,0x8014E83C,1308,[],[],HYPOTHESIS,FUN_8014E83C,PS1Recomp-only candidate; linear sweep can mistake data for code,,False,False
DUNE.EXE,0x8014ED58,608,[],[],HYPOTHESIS,FUN_8014ED58,PS1Recomp-only candidate; linear sweep can mistake data for code,,False,False
DUNE.EXE,0x8014EFB8,16,[],[],HYPOTHESIS,FUN_8014EFB8,PS1Recomp-only candidate; linear sweep can mistake data for code,,False,False
DUNE.EXE,0x8014EFC8,444,[],[],HYPOTHESIS,FUN_8014EFC8,PS1Recomp-only candidate; linear sweep can mistake data for code,,False,False
DUNE.EXE,0x8014F184,1312,[],[],HYPOTHESIS,FUN_8014F184,PS1Recomp-only candidate; linear sweep can mistake data for code,,False,False
DUNE.EXE,0x8014F6A4,252,[],[],HYPOTHESIS,FUN_8014F6A4,PS1Recomp-only candidate; linear sweep can mistake data for code,,False,False
DUNE.EXE,0x8014F7A0,344,[],[],HYPOTHESIS,FUN_8014F7A0,PS1Recomp-only candidate; linear sweep can mistake data for code,,False,False
DUNE.EXE,0x8014F8F8,480,[],[],HYPOTHESIS,FUN_8014F8F8,PS1Recomp-only candidate; linear sweep can mistake data for code,,False,False
DUNE.EXE,0x8014FAD8,1556,[],[],HYPOTHESIS,FUN_8014FAD8,PS1Recomp-only candidate; linear sweep can mistake data for code,,False,False
DUNE.EXE,0x801500EC,1736,[],[],HYPOTHESIS,FUN_801500EC,PS1Recomp-only candidate; linear sweep can mistake data for code,,False,False
DUNE.EXE,0x801507B4,1728,[],[],HYPOTHESIS,FUN_801507B4,PS1Recomp-only candidate; linear sweep can mistake data for code,,False,False
DUNE.EXE,0x80150E74,1816,[],[],HYPOTHESIS,FUN_80150E74,PS1Recomp-only candidate; linear sweep can mistake data for code,,False,False
DUNE.EXE,0x8015158C,956,[],[],HYPOTHESIS,FUN_8015158C,PS1Recomp-only candidate; linear sweep can mistake data for code,,False,False
DUNE.EXE,0x80151948,128,[],[],HYPOTHESIS,FUN_80151948,PS1Recomp-only candidate; linear sweep can mistake data for code,,False,False
DUNE.EXE,0x801519C8,72,[],[],HYPOTHESIS,FUN_801519C8,PS1Recomp-only candidate; linear sweep can mistake data for code,,False,False
DUNE.EXE,0x80151A10,40,[],[],HYPOTHESIS,FUN_80151A10,PS1Recomp-only candidate; linear sweep can mistake data for code,,False,False
DUNE.EXE,0x80151A38,244,[],[],HYPOTHESIS,FUN_80151A38,PS1Recomp-only candidate; linear sweep can mistake data for code,,False,False
DUNE.EXE,0x80151B2C,8,[],[],HYPOTHESIS,FUN_80151B2C,PS1Recomp-only candidate; linear sweep can mistake data for code,,False,False
DUNE.EXE,0x80151B34,244,[],[],HYPOTHESIS,FUN_80151B34,PS1Recomp-only candidate; linear sweep can mistake data for code,,False,False
DUNE.EXE,0x80151C28,8,[],[],HYPOTHESIS,FUN_80151C28,PS1Recomp-only candidate; linear sweep can mistake data for code,,False,False
DUNE.EXE,0x80151C30,68,[],[],HYPOTHESIS,FUN_80151C30,PS1Recomp-only candidate; linear sweep can mistake data for code,,False,False
DUNE.EXE,0x80151C74,396,[],[],HYPOTHESIS,FUN_80151C74,PS1Recomp-only candidate; linear sweep can mistake data for code,,False,False
DUNE.EXE,0x80151E00,352,[],[],HYPOTHESIS,FUN_80151E00,PS1Recomp-only candidate; linear sweep can mistake data for code,,False,False
DUNE.EXE,0x80151F60,1304,[],[],HYPOTHESIS,FUN_80151F60,PS1Recomp-only candidate; linear sweep can mistake data for code,,False,False
DUNE.EXE,0x80152478,372,[],[],HYPOTHESIS,FUN_80152478,PS1Recomp-only candidate; linear sweep can mistake data for code,,False,False
DUNE.EXE,0x801525EC,32,[],[],HYPOTHESIS,FUN_801525EC,PS1Recomp-only candidate; linear sweep can mistake data for code,,False,False
DUNE.EXE,0x8015260C,156,[],[],HYPOTHESIS,FUN_8015260C,PS1Recomp-only candidate; linear sweep can mistake data for code,,False,False
DUNE.EXE,0x801526A8,24,[],[],HYPOTHESIS,FUN_801526A8,PS1Recomp-only candidate; linear sweep can mistake data for code,,False,False
DUNE.EXE,0x801526C0,48,[],[],HYPOTHESIS,FUN_801526C0,PS1Recomp-only candidate; linear sweep can mistake data for code,,False,False
DUNE.EXE,0x801526F0,12,[],[],HYPOTHESIS,FUN_801526F0,PS1Recomp-only candidate; linear sweep can mistake data for code,,False,False
DUNE.EXE,0x801526FC,416,[],[],HYPOTHESIS,FUN_801526FC,PS1Recomp-only candidate; linear sweep can mistake data for code,,False,False
DUNE.EXE,0x8015289C,28,[],[],HYPOTHESIS,FUN_8015289C,PS1Recomp-only candidate; linear sweep can mistake data for code,,False,False
DUNE.EXE,0x801528B8,24,[],[],HYPOTHESIS,FUN_801528B8,PS1Recomp-only candidate; linear sweep can mistake data for code,,False,False
DUNE.EXE,0x801528D0,24,[],[],HYPOTHESIS,FUN_801528D0,PS1Recomp-only candidate; linear sweep can mistake data for code,,False,False
DUNE.EXE,0x801528E8,24,[],[],HYPOTHESIS,FUN_801528E8,PS1Recomp-only candidate; linear sweep can mistake data for code,,False,False
DUNE.EXE,0x80152900,24,[],[],HYPOTHESIS,FUN_80152900,PS1Recomp-only candidate; linear sweep can mistake data for code,,False,False
DUNE.EXE,0x80152918,808,[],[],HYPOTHESIS,FUN_80152918,PS1Recomp-only candidate; linear sweep can mistake data for code,,False,False
DUNE.EXE,0x80152C40,1720,[],[],HYPOTHESIS,FUN_80152C40,PS1Recomp-only candidate; linear sweep can mistake data for code,,False,False
DUNE.EXE,0x801532F8,132,[],[],HYPOTHESIS,FUN_801532F8,PS1Recomp-only candidate; linear sweep can mistake data for code,,False,False
DUNE.EXE,0x8015337C,24,[],[],HYPOTHESIS,FUN_8015337C,PS1Recomp-only candidate; linear sweep can mistake data for code,,False,False
DUNE.EXE,0x80153394,784,[],[],HYPOTHESIS,FUN_80153394,PS1Recomp-only candidate; linear sweep can mistake data for code,,False,False
DUNE.EXE,0x801536A4,8,[],[],HYPOTHESIS,FUN_801536A4,PS1Recomp-only candidate; linear sweep can mistake data for code,,False,False
DUNE.EXE,0x801536AC,20,[],[],HYPOTHESIS,FUN_801536AC,PS1Recomp-only candidate; linear sweep can mistake data for code,,False,False
DUNE.EXE,0x801536C0,8,[],[],HYPOTHESIS,FUN_801536C0,PS1Recomp-only candidate; linear sweep can mistake data for code,,False,False
DUNE.EXE,0x801536C8,20,[],[],HYPOTHESIS,FUN_801536C8,PS1Recomp-only candidate; linear sweep can mistake data for code,,False,False
DUNE.EXE,0x801536DC,8,[],[],HYPOTHESIS,FUN_801536DC,PS1Recomp-only candidate; linear sweep can mistake data for code,,False,False
DUNE.EXE,0x801536E4,412,[],[],HYPOTHESIS,FUN_801536E4,PS1Recomp-only candidate; linear sweep can mistake data for code,,False,False
DUNE.EXE,0x80153880,2268,[],[],HYPOTHESIS,FUN_80153880,PS1Recomp-only candidate; linear sweep can mistake data for code,,False,False
DUNE.EXE,0x8015415C,1388,[],[],HYPOTHESIS,FUN_8015415C,PS1Recomp-only candidate; linear sweep can mistake data for code,,False,False
DUNE.EXE,0x801546C8,56,[],[],HYPOTHESIS,FUN_801546C8,PS1Recomp-only candidate; linear sweep can mistake data for code,,False,False
DUNE.EXE,0x80154700,616,[],[],HYPOTHESIS,FUN_80154700,PS1Recomp-only candidate; linear sweep can mistake data for code,,False,False
DUNE.EXE,0x80154968,1960,[],[],HYPOTHESIS,FUN_80154968,PS1Recomp-only candidate; linear sweep can mistake data for code,,False,False
DUNE.EXE,0x80155110,36,[],[],HYPOTHESIS,FUN_80155110,PS1Recomp-only candidate; linear sweep can mistake data for code,,False,False
DUNE.EXE,0x80155134,72,[],[],HYPOTHESIS,FUN_80155134,PS1Recomp-only candidate; linear sweep can mistake data for code,,False,False
DUNE.EXE,0x8015517C,180,[],[],HYPOTHESIS,FUN_8015517C,PS1Recomp-only candidate; linear sweep can mistake data for code,,False,False
DUNE.EXE,0x80155230,228,[],[],HYPOTHESIS,FUN_80155230,PS1Recomp-only candidate; linear sweep can mistake data for code,,False,False
DUNE.EXE,0x80155314,252,[],[],HYPOTHESIS,FUN_80155314,PS1Recomp-only candidate; linear sweep can mistake data for code,,False,False
DUNE.EXE,0x80155410,28,[],[],HYPOTHESIS,FUN_80155410,PS1Recomp-only candidate; linear sweep can mistake data for code,,False,False
DUNE.EXE,0x8015542C,616,[],[],HYPOTHESIS,FUN_8015542C,PS1Recomp-only candidate; linear sweep can mistake data for code,,False,False
DUNE.EXE,0x80155694,1852,[],[],HYPOTHESIS,FUN_80155694,PS1Recomp-only candidate; linear sweep can mistake data for code,,False,False
DUNE.EXE,0x80155DD0,20,[],[],HYPOTHESIS,FUN_80155DD0,PS1Recomp-only candidate; linear sweep can mistake data for code,,False,False
DUNE.EXE,0x80155DE4,20,[],[],HYPOTHESIS,FUN_80155DE4,PS1Recomp-only candidate; linear sweep can mistake data for code,,False,False
DUNE.EXE,0x80155DF8,16,[],[],HYPOTHESIS,FUN_80155DF8,PS1Recomp-only candidate; linear sweep can mistake data for code,,False,False
DUNE.EXE,0x80155E08,8,[],[],HYPOTHESIS,FUN_80155E08,PS1Recomp-only candidate; linear sweep can mistake data for code,,False,False
DUNE.EXE,0x80155E10,20,[],[],HYPOTHESIS,FUN_80155E10,PS1Recomp-only candidate; linear sweep can mistake data for code,,False,False
DUNE.EXE,0x80155E24,144,[],[],HYPOTHESIS,FUN_80155E24,PS1Recomp-only candidate; linear sweep can mistake data for code,,False,False
DUNE.EXE,0x80155EB4,12,[],[],HYPOTHESIS,FUN_80155EB4,PS1Recomp-only candidate; linear sweep can mistake data for code,,False,False
DUNE.EXE,0x80155EC0,32,[],[],HYPOTHESIS,FUN_80155EC0,PS1Recomp-only candidate; linear sweep can mistake data for code,,False,False
DUNE.EXE,0x80155EE0,12,[],[],HYPOTHESIS,FUN_80155EE0,PS1Recomp-only candidate; linear sweep can mistake data for code,,False,False
DUNE.EXE,0x80155EEC,120,[],[],HYPOTHESIS,FUN_80155EEC,PS1Recomp-only candidate; linear sweep can mistake data for code,,False,False
DUNE.EXE,0x80155F64,44,[],[],HYPOTHESIS,FUN_80155F64,PS1Recomp-only candidate; linear sweep can mistake data for code,,False,False
DUNE.EXE,0x80155F90,28,[],[],HYPOTHESIS,FUN_80155F90,PS1Recomp-only candidate; linear sweep can mistake data for code,,False,False
DUNE.EXE,0x80155FAC,32,[],[],HYPOTHESIS,FUN_80155FAC,PS1Recomp-only candidate; linear sweep can mistake data for code,,False,False
DUNE.EXE,0x80155FCC,28,[],[],HYPOTHESIS,FUN_80155FCC,PS1Recomp-only candidate; linear sweep can mistake data for code,,False,False
DUNE.EXE,0x80155FE8,16,[],[],HYPOTHESIS,FUN_80155FE8,PS1Recomp-only candidate; linear sweep can mistake data for code,,False,False
DUNE.EXE,0x80155FF8,28,[],[],HYPOTHESIS,FUN_80155FF8,PS1Recomp-only candidate; linear sweep can mistake data for code,,False,False
DUNE.EXE,0x80156014,256,[],[],HYPOTHESIS,FUN_80156014,PS1Recomp-only candidate; linear sweep can mistake data for code,,False,False
DUNE.EXE,0x80156114,44,[],[],HYPOTHESIS,FUN_80156114,PS1Recomp-only candidate; linear sweep can mistake data for code,,False,False
DUNE.EXE,0x80156140,28,[],[],HYPOTHESIS,FUN_80156140,PS1Recomp-only candidate; linear sweep can mistake data for code,,False,False
DUNE.EXE,0x8015615C,36,[],[],HYPOTHESIS,FUN_8015615C,PS1Recomp-only candidate; linear sweep can mistake data for code,,False,False
DUNE.EXE,0x80156180,24,[],[],HYPOTHESIS,FUN_80156180,PS1Recomp-only candidate; linear sweep can mistake data for code,,False,False
DUNE.EXE,0x80156198,452,[],[],HYPOTHESIS,FUN_80156198,PS1Recomp-only candidate; linear sweep can mistake data for code,,False,False
DUNE.EXE,0x8015635C,36,[],[],HYPOTHESIS,FUN_8015635C,PS1Recomp-only candidate; linear sweep can mistake data for code,,False,False
DUNE.EXE,0x80156380,56,[],[],HYPOTHESIS,FUN_80156380,PS1Recomp-only candidate; linear sweep can mistake data for code,,False,False
DUNE.EXE,0x801563B8,80,[],[],HYPOTHESIS,FUN_801563B8,PS1Recomp-only candidate; linear sweep can mistake data for code,,False,False
DUNE.EXE,0x80156408,36,[],[],HYPOTHESIS,FUN_80156408,PS1Recomp-only candidate; linear sweep can mistake data for code,,False,False
DUNE.EXE,0x8015642C,288,[],[],HYPOTHESIS,FUN_8015642C,PS1Recomp-only candidate; linear sweep can mistake data for code,,False,False
DUNE.EXE,0x8015654C,44,[],[],HYPOTHESIS,FUN_8015654C,PS1Recomp-only candidate; linear sweep can mistake data for code,,False,False
DUNE.EXE,0x80156578,24,[],[],HYPOTHESIS,FUN_80156578,PS1Recomp-only candidate; linear sweep can mistake data for code,,False,False
DUNE.EXE,0x80156590,36,[],[],HYPOTHESIS,FUN_80156590,PS1Recomp-only candidate; linear sweep can mistake data for code,,False,False
DUNE.EXE,0x801565B4,40,[],[],HYPOTHESIS,FUN_801565B4,PS1Recomp-only candidate; linear sweep can mistake data for code,,False,False
DUNE.EXE,0x801565DC,1420,[],[],HYPOTHESIS,FUN_801565DC,PS1Recomp-only candidate; linear sweep can mistake data for code,,False,False
DUNE.EXE,0x80156B68,380,[],[],HYPOTHESIS,FUN_80156B68,PS1Recomp-only candidate; linear sweep can mistake data for code,,False,False
DUNE.EXE,0x80156CE4,3976,[],[],HYPOTHESIS,FUN_80156CE4,PS1Recomp-only candidate; linear sweep can mistake data for code,,False,False
DUNE.EXE,0x80157C6C,832,[],[],HYPOTHESIS,FUN_80157C6C,PS1Recomp-only candidate; linear sweep can mistake data for code,,False,False
DUNE.EXE,0x80157FAC,792,[],[],HYPOTHESIS,FUN_80157FAC,PS1Recomp-only candidate; linear sweep can mistake data for code,,False,False
DUNE.EXE,0x801582C4,480,[],[],HYPOTHESIS,FUN_801582C4,PS1Recomp-only candidate; linear sweep can mistake data for code,,False,False
DUNE.EXE,0x801584A4,44,[],[],HYPOTHESIS,FUN_801584A4,PS1Recomp-only candidate; linear sweep can mistake data for code,,False,False
DUNE.EXE,0x801584D0,36,[],[],HYPOTHESIS,FUN_801584D0,PS1Recomp-only candidate; linear sweep can mistake data for code,,False,False
DUNE.EXE,0x801584F4,4144,[],[],HYPOTHESIS,FUN_801584F4,PS1Recomp-only candidate; linear sweep can mistake data for code,,False,False
DUNE.EXE,0x80159524,1464,[],[],HYPOTHESIS,FUN_80159524,PS1Recomp-only candidate; linear sweep can mistake data for code,,False,False
DUNE.EXE,0x80159ADC,708,[],[],HYPOTHESIS,FUN_80159ADC,PS1Recomp-only candidate; linear sweep can mistake data for code,,False,False
DUNE.EXE,0x80159DA0,1396,[],[],HYPOTHESIS,FUN_80159DA0,PS1Recomp-only candidate; linear sweep can mistake data for code,,False,False
DUNE.EXE,0x8015A314,3324,[],[],HYPOTHESIS,FUN_8015A314,PS1Recomp-only candidate; linear sweep can mistake data for code,,False,False
DUNE.EXE,0x8015B010,5980,[],[],HYPOTHESIS,FUN_8015B010,PS1Recomp-only candidate; linear sweep can mistake data for code,,False,False
DUNE.EXE,0x8015C76C,124,[],[],HYPOTHESIS,FUN_8015C76C,PS1Recomp-only candidate; linear sweep can mistake data for code,,False,False
DUNE.EXE,0x8015C7E8,316,[],[],HYPOTHESIS,FUN_8015C7E8,PS1Recomp-only candidate; linear sweep can mistake data for code,,False,False
DUNE.EXE,0x8015C924,2008,[],[],HYPOTHESIS,FUN_8015C924,PS1Recomp-only candidate; linear sweep can mistake data for code,,False,False
DUNE.EXE,0x8015D0FC,1308,[],[],HYPOTHESIS,FUN_8015D0FC,PS1Recomp-only candidate; linear sweep can mistake data for code,,False,False
DUNE.EXE,0x8015D618,1268,[],[],HYPOTHESIS,FUN_8015D618,PS1Recomp-only candidate; linear sweep can mistake data for code,,False,False
DUNE.EXE,0x8015DB0C,828,[],[],HYPOTHESIS,FUN_8015DB0C,PS1Recomp-only candidate; linear sweep can mistake data for code,,False,False
DUNE.EXE,0x8015DE48,112,[],[],HYPOTHESIS,FUN_8015DE48,PS1Recomp-only candidate; linear sweep can mistake data for code,,False,False
DUNE.EXE,0x8015DEB8,240,[],[],HYPOTHESIS,FUN_8015DEB8,PS1Recomp-only candidate; linear sweep can mistake data for code,,False,False
DUNE.EXE,0x8015DFA8,80,[],[],HYPOTHESIS,FUN_8015DFA8,PS1Recomp-only candidate; linear sweep can mistake data for code,,False,False
DUNE.EXE,0x8015DFF8,80,[],[],HYPOTHESIS,FUN_8015DFF8,PS1Recomp-only candidate; linear sweep can mistake data for code,,False,False
DUNE.EXE,0x8015E048,800,[],[],HYPOTHESIS,FUN_8015E048,PS1Recomp-only candidate; linear sweep can mistake data for code,,False,False
DUNE.EXE,0x8015E368,44,[],[],HYPOTHESIS,FUN_8015E368,PS1Recomp-only candidate; linear sweep can mistake data for code,,False,False
DUNE.EXE,0x8015E394,28,[],[],HYPOTHESIS,FUN_8015E394,PS1Recomp-only candidate; linear sweep can mistake data for code,,False,False
DUNE.EXE,0x8015E3B0,60,[],[],HYPOTHESIS,FUN_8015E3B0,PS1Recomp-only candidate; linear sweep can mistake data for code,,False,False
DUNE.EXE,0x8015E3EC,48,[],[],HYPOTHESIS,FUN_8015E3EC,PS1Recomp-only candidate; linear sweep can mistake data for code,,False,False
DUNE.EXE,0x8015E41C,44,[],[],HYPOTHESIS,FUN_8015E41C,PS1Recomp-only candidate; linear sweep can mistake data for code,,False,False
DUNE.EXE,0x8015E448,216,[],[],HYPOTHESIS,FUN_8015E448,PS1Recomp-only candidate; linear sweep can mistake data for code,,False,False
DUNE.EXE,0x8015E520,92,[],[],HYPOTHESIS,FUN_8015E520,PS1Recomp-only candidate; linear sweep can mistake data for code,,False,False
DUNE.EXE,0x8015E57C,88,[],[],HYPOTHESIS,FUN_8015E57C,PS1Recomp-only candidate; linear sweep can mistake data for code,,False,False
DUNE.EXE,0x8015E5D4,2208,[],[],HYPOTHESIS,FUN_8015E5D4,PS1Recomp-only candidate; linear sweep can mistake data for code,,False,False
DUNE.EXE,0x8015EE74,48,[],[],HYPOTHESIS,FUN_8015EE74,PS1Recomp-only candidate; linear sweep can mistake data for code,,False,False
DUNE.EXE,0x8015EEA4,2772,[],[],HYPOTHESIS,FUN_8015EEA4,PS1Recomp-only candidate; linear sweep can mistake data for code,,False,False
DUNE.EXE,0x8015F978,1648,[],[],HYPOTHESIS,FUN_8015F978,PS1Recomp-only candidate; linear sweep can mistake data for code,,False,False
DUNE.EXE,0x8015FFE8,764,[],[],HYPOTHESIS,FUN_8015FFE8,PS1Recomp-only candidate; linear sweep can mistake data for code,,False,False
DUNE.EXE,0x801602E4,100,[],[],HYPOTHESIS,FUN_801602E4,PS1Recomp-only candidate; linear sweep can mistake data for code,,False,False
DUNE.EXE,0x80160348,1732,[],[],HYPOTHESIS,FUN_80160348,PS1Recomp-only candidate; linear sweep can mistake data for code,,False,False
DUNE.EXE,0x80160A0C,32,[],[],HYPOTHESIS,FUN_80160A0C,PS1Recomp-only candidate; linear sweep can mistake data for code,,False,False
DUNE.EXE,0x80160A2C,3440,[],[],HYPOTHESIS,FUN_80160A2C,PS1Recomp-only candidate; linear sweep can mistake data for code,,False,False
DUNE.EXE,0x8016179C,36,[],[],HYPOTHESIS,FUN_8016179C,PS1Recomp-only candidate; linear sweep can mistake data for code,,False,False
DUNE.EXE,0x801617C0,1200,[],[],HYPOTHESIS,FUN_801617C0,PS1Recomp-only candidate; linear sweep can mistake data for code,,False,False
DUNE.EXE,0x80161C70,1840,[],[],HYPOTHESIS,FUN_80161C70,PS1Recomp-only candidate; linear sweep can mistake data for code,,False,False
DUNE.EXE,0x801623A0,268,[],[],HYPOTHESIS,FUN_801623A0,PS1Recomp-only candidate; linear sweep can mistake data for code,,False,False
DUNE.EXE,0x801624AC,1876,[],[],HYPOTHESIS,FUN_801624AC,PS1Recomp-only candidate; linear sweep can mistake data for code,,False,False
DUNE.EXE,0x80162C00,24,[],[],HYPOTHESIS,FUN_80162C00,PS1Recomp-only candidate; linear sweep can mistake data for code,,False,False
DUNE.EXE,0x80162C18,1824,[],[],HYPOTHESIS,FUN_80162C18,PS1Recomp-only candidate; linear sweep can mistake data for code,,False,False
DUNE.EXE,0x80163338,316,[],[],HYPOTHESIS,FUN_80163338,PS1Recomp-only candidate; linear sweep can mistake data for code,,False,False
DUNE.EXE,0x80163474,2204,[],[],HYPOTHESIS,FUN_80163474,PS1Recomp-only candidate; linear sweep can mistake data for code,,False,False
DUNE.EXE,0x80163D10,380,[],[],HYPOTHESIS,FUN_80163D10,PS1Recomp-only candidate; linear sweep can mistake data for code,,False,False
DUNE.EXE,0x80163E8C,664,[],[],HYPOTHESIS,FUN_80163E8C,PS1Recomp-only candidate; linear sweep can mistake data for code,,False,False
DUNE.EXE,0x80164124,16,[],[],HYPOTHESIS,FUN_80164124,PS1Recomp-only candidate; linear sweep can mistake data for code,,False,False
DUNE.EXE,0x80164134,972,[],[],HYPOTHESIS,FUN_80164134,PS1Recomp-only candidate; linear sweep can mistake data for code,,False,False
DUNE.EXE,0x80164500,64,[],[],HYPOTHESIS,FUN_80164500,PS1Recomp-only candidate; linear sweep can mistake data for code,,False,False
DUNE.EXE,0x80164540,76,[],[],HYPOTHESIS,FUN_80164540,PS1Recomp-only candidate; linear sweep can mistake data for code,,False,False
DUNE.EXE,0x8016458C,400,[],[],HYPOTHESIS,FUN_8016458C,PS1Recomp-only candidate; linear sweep can mistake data for code,,False,False
DUNE.EXE,0x8016471C,24,[],[],HYPOTHESIS,FUN_8016471C,PS1Recomp-only candidate; linear sweep can mistake data for code,,False,False
DUNE.EXE,0x80164734,3200,[],[],HYPOTHESIS,FUN_80164734,PS1Recomp-only candidate; linear sweep can mistake data for code,,False,False
DUNE.EXE,0x801653B4,1756,[],[],HYPOTHESIS,FUN_801653B4,PS1Recomp-only candidate; linear sweep can mistake data for code,,False,False
DUNE.EXE,0x80165A90,40,[],[],HYPOTHESIS,FUN_80165A90,PS1Recomp-only candidate; linear sweep can mistake data for code,,False,False
DUNE.EXE,0x80165AB8,56,[],[],HYPOTHESIS,FUN_80165AB8,PS1Recomp-only candidate; linear sweep can mistake data for code,,False,False
DUNE.EXE,0x80165AF0,240,[],[],HYPOTHESIS,FUN_80165AF0,PS1Recomp-only candidate; linear sweep can mistake data for code,,False,False
DUNE.EXE,0x80165BE0,20,[],[],HYPOTHESIS,FUN_80165BE0,PS1Recomp-only candidate; linear sweep can mistake data for code,,False,False
DUNE.EXE,0x80165BF4,2016,[],[],HYPOTHESIS,FUN_80165BF4,PS1Recomp-only candidate; linear sweep can mistake data for code,,False,False
DUNE.EXE,0x801663D4,1020,[],[],HYPOTHESIS,FUN_801663D4,PS1Recomp-only candidate; linear sweep can mistake data for code,,False,False
DUNE.EXE,0x801667D0,1872,[],[],HYPOTHESIS,FUN_801667D0,PS1Recomp-only candidate; linear sweep can mistake data for code,,False,False
DUNE.EXE,0x80166F20,616,[],[],HYPOTHESIS,FUN_80166F20,PS1Recomp-only candidate; linear sweep can mistake data for code,,False,False
DUNE.EXE,0x80167188,88,[],[],HYPOTHESIS,FUN_80167188,PS1Recomp-only candidate; linear sweep can mistake data for code,,False,False
DUNE.EXE,0x801671E0,896,[],[],HYPOTHESIS,FUN_801671E0,PS1Recomp-only candidate; linear sweep can mistake data for code,,False,False
DUNE.EXE,0x80167560,36,[],[],HYPOTHESIS,FUN_80167560,PS1Recomp-only candidate; linear sweep can mistake data for code,,False,False
DUNE.EXE,0x80167584,32,[],[],HYPOTHESIS,FUN_80167584,PS1Recomp-only candidate; linear sweep can mistake data for code,,False,False
DUNE.EXE,0x801675A4,40,[],[],HYPOTHESIS,FUN_801675A4,PS1Recomp-only candidate; linear sweep can mistake data for code,,False,False
DUNE.EXE,0x801675CC,32,[],[],HYPOTHESIS,FUN_801675CC,PS1Recomp-only candidate; linear sweep can mistake data for code,,False,False
DUNE.EXE,0x801675EC,24,[],[],HYPOTHESIS,FUN_801675EC,PS1Recomp-only candidate; linear sweep can mistake data for code,,False,False
DUNE.EXE,0x80167604,36,[],[],HYPOTHESIS,FUN_80167604,PS1Recomp-only candidate; linear sweep can mistake data for code,,False,False
DUNE.EXE,0x80167628,36,[],[],HYPOTHESIS,FUN_80167628,PS1Recomp-only candidate; linear sweep can mistake data for code,,False,False
DUNE.EXE,0x8016764C,52,[],[],HYPOTHESIS,FUN_8016764C,PS1Recomp-only candidate; linear sweep can mistake data for code,,False,False
DUNE.EXE,0x80167680,20,[],[],HYPOTHESIS,FUN_80167680,PS1Recomp-only candidate; linear sweep can mistake data for code,,False,False
DUNE.EXE,0x80167694,16,[],[],HYPOTHESIS,FUN_80167694,PS1Recomp-only candidate; linear sweep can mistake data for code,,False,False
DUNE.EXE,0x801676A4,32,[],[],HYPOTHESIS,FUN_801676A4,PS1Recomp-only candidate; linear sweep can mistake data for code,,False,False
DUNE.EXE,0x801676C4,8,[],[],HYPOTHESIS,FUN_801676C4,PS1Recomp-only candidate; linear sweep can mistake data for code,,False,False
DUNE.EXE,0x801676CC,32,[],[],HYPOTHESIS,FUN_801676CC,PS1Recomp-only candidate; linear sweep can mistake data for code,,False,False
DUNE.EXE,0x801676EC,688,[],[],HYPOTHESIS,FUN_801676EC,PS1Recomp-only candidate; linear sweep can mistake data for code,,False,False
DUNE.EXE,0x8016799C,1492,[],[],HYPOTHESIS,FUN_8016799C,PS1Recomp-only candidate; linear sweep can mistake data for code,,False,False
DUNE.EXE,0x80167F70,804,[],[],HYPOTHESIS,FUN_80167F70,PS1Recomp-only candidate; linear sweep can mistake data for code,,False,False
DUNE.EXE,0x80168294,2560,[],[],HYPOTHESIS,FUN_80168294,PS1Recomp-only candidate; linear sweep can mistake data for code,,False,False
DUNE.EXE,0x80168C94,388,[],[],HYPOTHESIS,FUN_80168C94,PS1Recomp-only candidate; linear sweep can mistake data for code,,False,False
DUNE.EXE,0x80168E18,44,[],[],HYPOTHESIS,FUN_80168E18,PS1Recomp-only candidate; linear sweep can mistake data for code,,False,False
DUNE.EXE,0x80168E44,1680,[],[],HYPOTHESIS,FUN_80168E44,PS1Recomp-only candidate; linear sweep can mistake data for code,,False,False
DUNE.EXE,0x801694D4,2956,[],[],HYPOTHESIS,FUN_801694D4,PS1Recomp-only candidate; linear sweep can mistake data for code,,False,False
DUNE.EXE,0x8016A060,28,[],[],HYPOTHESIS,FUN_8016A060,PS1Recomp-only candidate; linear sweep can mistake data for code,,False,False
DUNE.EXE,0x8016A07C,1164,[],[],HYPOTHESIS,FUN_8016A07C,PS1Recomp-only candidate; linear sweep can mistake data for code,,False,False
DUNE.EXE,0x8016A508,172,[],[],HYPOTHESIS,FUN_8016A508,PS1Recomp-only candidate; linear sweep can mistake data for code,,False,False
DUNE.EXE,0x8016A5B4,32,[],[],HYPOTHESIS,FUN_8016A5B4,PS1Recomp-only candidate; linear sweep can mistake data for code,,False,False
DUNE.EXE,0x8016A5D4,336,[],[],HYPOTHESIS,FUN_8016A5D4,PS1Recomp-only candidate; linear sweep can mistake data for code,,False,False
DUNE.EXE,0x8016A724,36,[],[],HYPOTHESIS,FUN_8016A724,PS1Recomp-only candidate; linear sweep can mistake data for code,,False,False
DUNE.EXE,0x8016A748,888,[],[],HYPOTHESIS,FUN_8016A748,PS1Recomp-only candidate; linear sweep can mistake data for code,,False,False
DUNE.EXE,0x8016AAC0,16,[],[],HYPOTHESIS,FUN_8016AAC0,PS1Recomp-only candidate; linear sweep can mistake data for code,,False,False
DUNE.EXE,0x8016AAD0,792,[],[],HYPOTHESIS,FUN_8016AAD0,PS1Recomp-only candidate; linear sweep can mistake data for code,,False,False
DUNE.EXE,0x8016ADE8,24,[],[],HYPOTHESIS,FUN_8016ADE8,PS1Recomp-only candidate; linear sweep can mistake data for code,,False,False
DUNE.EXE,0x8016AE00,1600,[],[],HYPOTHESIS,FUN_8016AE00,PS1Recomp-only candidate; linear sweep can mistake data for code,,False,False
DUNE.EXE,0x8016B440,1228,[],[],HYPOTHESIS,FUN_8016B440,PS1Recomp-only candidate; linear sweep can mistake data for code,,False,False
DUNE.EXE,0x8016B90C,3920,[],[],HYPOTHESIS,FUN_8016B90C,PS1Recomp-only candidate; linear sweep can mistake data for code,,False,False
DUNE.EXE,0x8016C85C,1744,[],[],HYPOTHESIS,FUN_8016C85C,PS1Recomp-only candidate; linear sweep can mistake data for code,,False,False
DUNE.EXE,0x8016CF2C,80,[],[],HYPOTHESIS,FUN_8016CF2C,PS1Recomp-only candidate; linear sweep can mistake data for code,,False,False
DUNE.EXE,0x8016CF7C,8,[],[],HYPOTHESIS,FUN_8016CF7C,PS1Recomp-only candidate; linear sweep can mistake data for code,,False,False
DUNE.EXE,0x8016CF84,52,[],[],HYPOTHESIS,FUN_8016CF84,PS1Recomp-only candidate; linear sweep can mistake data for code,,False,False
DUNE.EXE,0x8016CFB8,44,[],[],HYPOTHESIS,FUN_8016CFB8,PS1Recomp-only candidate; linear sweep can mistake data for code,,False,False
DUNE.EXE,0x8016CFE4,88,[],[],HYPOTHESIS,FUN_8016CFE4,PS1Recomp-only candidate; linear sweep can mistake data for code,,False,False
DUNE.EXE,0x8016D03C,212,[],[],HYPOTHESIS,FUN_8016D03C,PS1Recomp-only candidate; linear sweep can mistake data for code,,False,False
DUNE.EXE,0x8016D110,132,[],[],HYPOTHESIS,FUN_8016D110,PS1Recomp-only candidate; linear sweep can mistake data for code,,False,False
DUNE.EXE,0x8016D194,196,[],[],HYPOTHESIS,FUN_8016D194,PS1Recomp-only candidate; linear sweep can mistake data for code,,False,False
DUNE.EXE,0x8016D258,36,[],[],HYPOTHESIS,FUN_8016D258,PS1Recomp-only candidate; linear sweep can mistake data for code,,False,False
DUNE.EXE,0x8016D27C,36,[],[],HYPOTHESIS,FUN_8016D27C,PS1Recomp-only candidate; linear sweep can mistake data for code,,False,False
DUNE.EXE,0x8016D2A0,72,[],[],HYPOTHESIS,FUN_8016D2A0,PS1Recomp-only candidate; linear sweep can mistake data for code,,False,False
DUNE.EXE,0x8016D2E8,144,[],[],HYPOTHESIS,FUN_8016D2E8,PS1Recomp-only candidate; linear sweep can mistake data for code,,False,False
DUNE.EXE,0x8016D378,32,[],[],HYPOTHESIS,FUN_8016D378,PS1Recomp-only candidate; linear sweep can mistake data for code,,False,False
DUNE.EXE,0x8016D398,40,[],[],HYPOTHESIS,FUN_8016D398,PS1Recomp-only candidate; linear sweep can mistake data for code,,False,False
DUNE.EXE,0x8016D3C0,36,[],[],HYPOTHESIS,FUN_8016D3C0,PS1Recomp-only candidate; linear sweep can mistake data for code,,False,False
DUNE.EXE,0x8016D3E4,36,[],[],HYPOTHESIS,FUN_8016D3E4,PS1Recomp-only candidate; linear sweep can mistake data for code,,False,False
DUNE.EXE,0x8016D408,36,[],[],HYPOTHESIS,FUN_8016D408,PS1Recomp-only candidate; linear sweep can mistake data for code,,False,False
DUNE.EXE,0x8016D42C,36,[],[],HYPOTHESIS,FUN_8016D42C,PS1Recomp-only candidate; linear sweep can mistake data for code,,False,False
DUNE.EXE,0x8016D450,48,[],[],HYPOTHESIS,FUN_8016D450,PS1Recomp-only candidate; linear sweep can mistake data for code,,False,False
DUNE.EXE,0x8016D480,92,[],[],HYPOTHESIS,FUN_8016D480,PS1Recomp-only candidate; linear sweep can mistake data for code,,False,False
DUNE.EXE,0x8016D4DC,40,[],[],HYPOTHESIS,FUN_8016D4DC,PS1Recomp-only candidate; linear sweep can mistake data for code,,False,False
DUNE.EXE,0x8016D504,28,[],[],HYPOTHESIS,FUN_8016D504,PS1Recomp-only candidate; linear sweep can mistake data for code,,False,False
DUNE.EXE,0x8016D520,116,[],[],HYPOTHESIS,FUN_8016D520,PS1Recomp-only candidate; linear sweep can mistake data for code,,False,False
DUNE.EXE,0x8016D594,676,[],[],HYPOTHESIS,FUN_8016D594,PS1Recomp-only candidate; linear sweep can mistake data for code,,False,False
DUNE.EXE,0x8016D838,3188,[],[],HYPOTHESIS,FUN_8016D838,PS1Recomp-only candidate; linear sweep can mistake data for code,,False,False
DUNE.EXE,0x8016E4AC,852,[],[],HYPOTHESIS,FUN_8016E4AC,PS1Recomp-only candidate; linear sweep can mistake data for code,,False,False
DUNE.EXE,0x8016E800,2732,[],[],HYPOTHESIS,FUN_8016E800,PS1Recomp-only candidate; linear sweep can mistake data for code,,False,False
DUNE.EXE,0x8016F2AC,68,[],[],HYPOTHESIS,FUN_8016F2AC,PS1Recomp-only candidate; linear sweep can mistake data for code,,False,False
DUNE.EXE,0x8016F2F0,20,[],[],HYPOTHESIS,FUN_8016F2F0,PS1Recomp-only candidate; linear sweep can mistake data for code,,False,False
DUNE.EXE,0x8016F304,32,[],[],HYPOTHESIS,FUN_8016F304,PS1Recomp-only candidate; linear sweep can mistake data for code,,False,False
DUNE.EXE,0x8016F324,16,[],[],HYPOTHESIS,FUN_8016F324,PS1Recomp-only candidate; linear sweep can mistake data for code,,False,False
DUNE.EXE,0x8016F334,132,[],[],HYPOTHESIS,FUN_8016F334,PS1Recomp-only candidate; linear sweep can mistake data for code,,False,False
DUNE.EXE,0x8016F3B8,84,[],[],HYPOTHESIS,FUN_8016F3B8,PS1Recomp-only candidate; linear sweep can mistake data for code,,False,False
DUNE.EXE,0x8016F40C,88,[],[],HYPOTHESIS,FUN_8016F40C,PS1Recomp-only candidate; linear sweep can mistake data for code,,False,False
DUNE.EXE,0x8016F464,88,[],[],HYPOTHESIS,FUN_8016F464,PS1Recomp-only candidate; linear sweep can mistake data for code,,False,False
DUNE.EXE,0x8016F4BC,92,[],[],HYPOTHESIS,FUN_8016F4BC,PS1Recomp-only candidate; linear sweep can mistake data for code,,False,False
DUNE.EXE,0x8016F518,20,[],[],HYPOTHESIS,FUN_8016F518,PS1Recomp-only candidate; linear sweep can mistake data for code,,False,False
DUNE.EXE,0x8016F52C,208,[],[],HYPOTHESIS,FUN_8016F52C,PS1Recomp-only candidate; linear sweep can mistake data for code,,False,False
DUNE.EXE,0x8016F5FC,24,[],[],HYPOTHESIS,FUN_8016F5FC,PS1Recomp-only candidate; linear sweep can mistake data for code,,False,False
DUNE.EXE,0x8016F614,32,[],[],HYPOTHESIS,FUN_8016F614,PS1Recomp-only candidate; linear sweep can mistake data for code,,False,False
DUNE.EXE,0x8016F634,564,[],[],HYPOTHESIS,FUN_8016F634,PS1Recomp-only candidate; linear sweep can mistake data for code,,False,False
DUNE.EXE,0x8016F868,1696,[],[],HYPOTHESIS,FUN_8016F868,PS1Recomp-only candidate; linear sweep can mistake data for code,,False,False
DUNE.EXE,0x8016FF08,1280,[],[],HYPOTHESIS,FUN_8016FF08,PS1Recomp-only candidate; linear sweep can mistake data for code,,False,False
DUNE.EXE,0x80170408,824,[],[],HYPOTHESIS,FUN_80170408,PS1Recomp-only candidate; linear sweep can mistake data for code,,False,False
DUNE.EXE,0x80170740,2628,[],[],HYPOTHESIS,FUN_80170740,PS1Recomp-only candidate; linear sweep can mistake data for code,,False,False
DUNE.EXE,0x80171184,828,[],[],HYPOTHESIS,FUN_80171184,PS1Recomp-only candidate; linear sweep can mistake data for code,,False,False
DUNE.EXE,0x801714C0,36,[],[],HYPOTHESIS,FUN_801714C0,PS1Recomp-only candidate; linear sweep can mistake data for code,,False,False
DUNE.EXE,0x801714E4,1252,[],[],HYPOTHESIS,FUN_801714E4,PS1Recomp-only candidate; linear sweep can mistake data for code,,False,False
DUNE.EXE,0x801719C8,80,[],[],HYPOTHESIS,FUN_801719C8,PS1Recomp-only candidate; linear sweep can mistake data for code,,False,False
DUNE.EXE,0x80171A18,28,[],[],HYPOTHESIS,FUN_80171A18,PS1Recomp-only candidate; linear sweep can mistake data for code,,False,False
DUNE.EXE,0x80171A34,168,[],[],HYPOTHESIS,FUN_80171A34,PS1Recomp-only candidate; linear sweep can mistake data for code,,False,False
DUNE.EXE,0x80171ADC,776,[],[],HYPOTHESIS,FUN_80171ADC,PS1Recomp-only candidate; linear sweep can mistake data for code,,False,False
DUNE.EXE,0x80171DE4,736,[],[],HYPOTHESIS,FUN_80171DE4,PS1Recomp-only candidate; linear sweep can mistake data for code,,False,False
DUNE.EXE,0x801720C4,704,[],[],HYPOTHESIS,FUN_801720C4,PS1Recomp-only candidate; linear sweep can mistake data for code,,False,False
DUNE.EXE,0x80172384,736,[],[],HYPOTHESIS,FUN_80172384,PS1Recomp-only candidate; linear sweep can mistake data for code,,False,False
DUNE.EXE,0x80172664,708,[],[],HYPOTHESIS,FUN_80172664,PS1Recomp-only candidate; linear sweep can mistake data for code,,False,False
DUNE.EXE,0x80172928,732,[],[],HYPOTHESIS,FUN_80172928,PS1Recomp-only candidate; linear sweep can mistake data for code,,False,False
DUNE.EXE,0x80172C04,3992,[],[],HYPOTHESIS,FUN_80172C04,PS1Recomp-only candidate; linear sweep can mistake data for code,,False,False
DUNE.EXE,0x80173B9C,3140,[],[],HYPOTHESIS,FUN_80173B9C,PS1Recomp-only candidate; linear sweep can mistake data for code,,False,False
DUNE.EXE,0x801747E0,3916,[],[],HYPOTHESIS,FUN_801747E0,PS1Recomp-only candidate; linear sweep can mistake data for code,,False,False
DUNE.EXE,0x8017572C,4736,[],[],HYPOTHESIS,FUN_8017572C,PS1Recomp-only candidate; linear sweep can mistake data for code,,False,False
DUNE.EXE,0x801769AC,300,[],[],HYPOTHESIS,FUN_801769AC,PS1Recomp-only candidate; linear sweep can mistake data for code,,False,False
DUNE.EXE,0x80176AD8,27368,[],[],HYPOTHESIS,FUN_80176AD8,PS1Recomp-only candidate; linear sweep can mistake data for code,,False,False
DUNE.EXE,0x801CFD78,532,[],[],HYPOTHESIS,FUN_801CFD78,PS1Recomp-only candidate; linear sweep can mistake data for code,,False,False
DUNE.EXE,0x801CFF8C,2120,[],[],HYPOTHESIS,FUN_801CFF8C,PS1Recomp-only candidate; linear sweep can mistake data for code,,False,False
DUNE.EXE,0x801D07D4,2120,[],[],HYPOTHESIS,FUN_801D07D4,PS1Recomp-only candidate; linear sweep can mistake data for code,,False,False
DUNE.EXE,0x801D101C,2120,[],[],HYPOTHESIS,FUN_801D101C,PS1Recomp-only candidate; linear sweep can mistake data for code,,False,False
DUNE.EXE,0x801D1864,2120,[],[],HYPOTHESIS,FUN_801D1864,PS1Recomp-only candidate; linear sweep can mistake data for code,,False,False
DUNE.EXE,0x801D20AC,2120,[],[],HYPOTHESIS,FUN_801D20AC,PS1Recomp-only candidate; linear sweep can mistake data for code,,False,False
DUNE.EXE,0x801D28F4,2120,[],[],HYPOTHESIS,FUN_801D28F4,PS1Recomp-only candidate; linear sweep can mistake data for code,,False,False
DUNE.EXE,0x801D313C,2120,[],[],HYPOTHESIS,FUN_801D313C,PS1Recomp-only candidate; linear sweep can mistake data for code,,False,False
DUNE.EXE,0x801D3984,2120,[],[],HYPOTHESIS,FUN_801D3984,PS1Recomp-only candidate; linear sweep can mistake data for code,,False,False
DUNE.EXE,0x801D41CC,2120,[],[],HYPOTHESIS,FUN_801D41CC,PS1Recomp-only candidate; linear sweep can mistake data for code,,False,False
DUNE.EXE,0x801D4A14,2120,[],[],HYPOTHESIS,FUN_801D4A14,PS1Recomp-only candidate; linear sweep can mistake data for code,,False,False
DUNE.EXE,0x801D525C,2120,[],[],HYPOTHESIS,FUN_801D525C,PS1Recomp-only candidate; linear sweep can mistake data for code,,False,False
DUNE.EXE,0x801D5AA4,2120,[],[],HYPOTHESIS,FUN_801D5AA4,PS1Recomp-only candidate; linear sweep can mistake data for code,,False,False
DUNE.EXE,0x801D62EC,2120,[],[],HYPOTHESIS,FUN_801D62EC,PS1Recomp-only candidate; linear sweep can mistake data for code,,False,False
DUNE.EXE,0x801D6B34,2120,[],[],HYPOTHESIS,FUN_801D6B34,PS1Recomp-only candidate; linear sweep can mistake data for code,,False,False
DUNE.EXE,0x801D737C,808,[],[],HYPOTHESIS,FUN_801D737C,PS1Recomp-only candidate; linear sweep can mistake data for code,,False,False
DUNE.EXE,0x801D76A4,48,[],[],HYPOTHESIS,FUN_801D76A4,PS1Recomp-only candidate; linear sweep can mistake data for code,,False,False
DUNE.EXE,0x801D76D4,36,[],[],HYPOTHESIS,FUN_801D76D4,PS1Recomp-only candidate; linear sweep can mistake data for code,,False,False
DUNE.EXE,0x801D76F8,16,[],[],HYPOTHESIS,FUN_801D76F8,PS1Recomp-only candidate; linear sweep can mistake data for code,,False,False
DUNE.EXE,0x801D7708,8,[],[],HYPOTHESIS,FUN_801D7708,PS1Recomp-only candidate; linear sweep can mistake data for code,,False,False
DUNE.EXE,0x801D7710,8,[],[],HYPOTHESIS,FUN_801D7710,PS1Recomp-only candidate; linear sweep can mistake data for code,,False,False
DUNE.EXE,0x801D7718,32,[],[],HYPOTHESIS,FUN_801D7718,PS1Recomp-only candidate; linear sweep can mistake data for code,,False,False
DUNE.EXE,0x801D7738,8,[],[],HYPOTHESIS,FUN_801D7738,PS1Recomp-only candidate; linear sweep can mistake data for code,,False,False
DUNE.EXE,0x801D7740,24,[],[],HYPOTHESIS,FUN_801D7740,PS1Recomp-only candidate; linear sweep can mistake data for code,,False,False
DUNE.EXE,0x801D7758,84,[],[],HYPOTHESIS,FUN_801D7758,PS1Recomp-only candidate; linear sweep can mistake data for code,,False,False
DUNE.EXE,0x801D77AC,1048,[],[],HYPOTHESIS,FUN_801D77AC,PS1Recomp-only candidate; linear sweep can mistake data for code,,False,False
DUNE.EXE,0x801D7BC4,2120,[],[],HYPOTHESIS,FUN_801D7BC4,PS1Recomp-only candidate; linear sweep can mistake data for code,,False,False
DUNE.EXE,0x801D840C,772,[],[],HYPOTHESIS,FUN_801D840C,PS1Recomp-only candidate; linear sweep can mistake data for code,,False,False
DUNE.EXE,0x801D8710,332,[],[],HYPOTHESIS,FUN_801D8710,PS1Recomp-only candidate; linear sweep can mistake data for code,,False,False
DUNE.EXE,0x801D885C,336,[],[],HYPOTHESIS,FUN_801D885C,PS1Recomp-only candidate; linear sweep can mistake data for code,,False,False
DUNE.EXE,0x801D89AC,500,[],[],HYPOTHESIS,FUN_801D89AC,PS1Recomp-only candidate; linear sweep can mistake data for code,,False,False
DUNE.EXE,0x801D8BA0,36,[],[],HYPOTHESIS,FUN_801D8BA0,PS1Recomp-only candidate; linear sweep can mistake data for code,,False,False
DUNE.EXE,0x801D8BC4,144,[],[],HYPOTHESIS,FUN_801D8BC4,PS1Recomp-only candidate; linear sweep can mistake data for code,,False,False
DUNE.EXE,0x801D8C54,2120,[],[],HYPOTHESIS,FUN_801D8C54,PS1Recomp-only candidate; linear sweep can mistake data for code,,False,False
DUNE.EXE,0x801D949C,2120,[],[],HYPOTHESIS,FUN_801D949C,PS1Recomp-only candidate; linear sweep can mistake data for code,,False,False
DUNE.EXE,0x801D9CE4,2120,[],[],HYPOTHESIS,FUN_801D9CE4,PS1Recomp-only candidate; linear sweep can mistake data for code,,False,False
DUNE.EXE,0x801DA52C,2120,[],[],HYPOTHESIS,FUN_801DA52C,PS1Recomp-only candidate; linear sweep can mistake data for code,,False,False
DUNE.EXE,0x801DAD74,2120,[],[],HYPOTHESIS,FUN_801DAD74,PS1Recomp-only candidate; linear sweep can mistake data for code,,False,False
DUNE.EXE,0x801DB5BC,2120,[],[],HYPOTHESIS,FUN_801DB5BC,PS1Recomp-only candidate; linear sweep can mistake data for code,,False,False
DUNE.EXE,0x801DBE04,2120,[],[],HYPOTHESIS,FUN_801DBE04,PS1Recomp-only candidate; linear sweep can mistake data for code,,False,False
DUNE.EXE,0x801DC64C,2120,[],[],HYPOTHESIS,FUN_801DC64C,PS1Recomp-only candidate; linear sweep can mistake data for code,,False,False
DUNE.EXE,0x801DCE94,2120,[],[],HYPOTHESIS,FUN_801DCE94,PS1Recomp-only candidate; linear sweep can mistake data for code,,False,False
DUNE.EXE,0x801DD6DC,2120,[],[],HYPOTHESIS,FUN_801DD6DC,PS1Recomp-only candidate; linear sweep can mistake data for code,,False,False
DUNE.EXE,0x801DDF24,2120,[],[],HYPOTHESIS,FUN_801DDF24,PS1Recomp-only candidate; linear sweep can mistake data for code,,False,False
DUNE.EXE,0x801DE76C,2120,[],[],HYPOTHESIS,FUN_801DE76C,PS1Recomp-only candidate; linear sweep can mistake data for code,,False,False
DUNE.EXE,0x801DEFB4,2120,[],[],HYPOTHESIS,FUN_801DEFB4,PS1Recomp-only candidate; linear sweep can mistake data for code,,False,False
DUNE.EXE,0x801DF7FC,1556,[],[],HYPOTHESIS,FUN_801DF7FC,PS1Recomp-only candidate; linear sweep can mistake data for code,,False,False
DUNE.EXE,0x801DFE10,564,[],[],HYPOTHESIS,FUN_801DFE10,PS1Recomp-only candidate; linear sweep can mistake data for code,,False,False
DUNE.EXE,0x801E0044,2120,[],[],HYPOTHESIS,FUN_801E0044,PS1Recomp-only candidate; linear sweep can mistake data for code,,False,False
DUNE.EXE,0x801E088C,2120,[],[],HYPOTHESIS,FUN_801E088C,PS1Recomp-only candidate; linear sweep can mistake data for code,,False,False
DUNE.EXE,0x801E10D4,3884,[],[],HYPOTHESIS,FUN_801E10D4,PS1Recomp-only candidate; linear sweep can mistake data for code,,False,False
