image,address,proposed_name,confidence,kind,read_sites,write_sites,notes
SLUS_009.73,0x8000FFD8,DAT_8000FFD8,LIKELY,data_candidate,"[""0x80012FC4"", ""0x80013564"", ""0x80013584"", ""0x80013764""]",[],Static LUI/low-pair reference; pointer arithmetic/control flow can invalidate inferred value
SLUS_009.73,0x8000FFE0,DAT_8000FFE0,LIKELY,data_candidate,"[""0x800125CC""]",[],Static LUI/low-pair reference; pointer arithmetic/control flow can invalidate inferred value
SLUS_009.73,0x8000FFF8,DAT_8000FFF8,LIKELY,data_candidate,"[""0x800127E4""]",[],Static LUI/low-pair reference; pointer arithmetic/control flow can invalidate inferred value
SLUS_009.73,0x8000FFFC,DAT_8000FFFC,LIKELY,data_candidate,"[""0x80013E4C""]",[],Static LUI/low-pair reference; pointer arithmetic/control flow can invalidate inferred value
SLUS_009.73,0x8000FFFF,DAT_8000FFFF,LIKELY,data_candidate,"[""0x800122CC""]",[],Static LUI/low-pair reference; pointer arithmetic/control flow can invalidate inferred value
SLUS_009.73,0x80010000,DAT_80010000,LIKELY,code_or_pointer,"[""0x8001189C"", ""0x80011A88"", ""0x80012FBC"", ""0x8001308C"", ""0x800130D4"", ""0x800130F4"", ""0x80013424"", ""0x8001355C"", ""0x8001357C"", ""0x800135EC"", ""0x800136D4"", ""0x8001375C"", ""0x80013DE0"", ""0x80013EC8"", ""0x80013FF4"", ""0x800141D0"", ""0x80014270""]","[""0x80010E84"", ""0x80010EF0"", ""0x80010F38"", ""0x800110E0"", ""0x800117E4"", ""0x80011BF8"", ""0x80011E80"", ""0x800125D0"", ""0x800137B8"", ""0x80013E58"", ""0x8001400C""]",Static LUI/low-pair reference; pointer arithmetic/control flow can invalidate inferred value
SLUS_009.73,0x80010001,DAT_80010001,LIKELY,code_or_pointer,"[""0x800110D8"", ""0x800111C8"", ""0x80011448""]","[""0x80010FE8"", ""0x80011060"", ""0x800110D4"", ""0x80011BE8"", ""0x80011E70""]",Static LUI/low-pair reference; pointer arithmetic/control flow can invalidate inferred value
SLUS_009.73,0x80010002,DAT_80010002,LIKELY,code_or_pointer,"[""0x80011058"", ""0x8001144C"", ""0x80011BE0"", ""0x80011E68""]","[""0x80011054"", ""0x80011BDC"", ""0x80011E64""]",Static LUI/low-pair reference; pointer arithmetic/control flow can invalidate inferred value
SLUS_009.73,0x80010004,DAT_80010004,LIKELY,code_or_pointer,"[""0x80012A48""]","[""0x800125D4"", ""0x800137B0""]",Static LUI/low-pair reference; pointer arithmetic/control flow can invalidate inferred value
SLUS_009.73,0x80010008,DAT_80010008,LIKELY,code_or_pointer,"[""0x80012D40"", ""0x800130D8"", ""0x800130F8"", ""0x80013268"", ""0x80013868""]","[""0x80013274""]",Static LUI/low-pair reference; pointer arithmetic/control flow can invalidate inferred value
SLUS_009.73,0x8001000C,DAT_8001000C,LIKELY,code_or_pointer,"[""0x80013730"", ""0x800137A0""]","[""0x8001372C"", ""0x800137AC""]",Static LUI/low-pair reference; pointer arithmetic/control flow can invalidate inferred value
SLUS_009.73,0x80010010,DAT_80010010,LIKELY,code_or_pointer,"[""0x80013264""]","[""0x80013794""]",Static LUI/low-pair reference; pointer arithmetic/control flow can invalidate inferred value
SLUS_009.73,0x80010014,DAT_80010014,LIKELY,code_or_pointer,"[""0x80013158"", ""0x80013278"", ""0x80013298"", ""0x800133C4"", ""0x8001346C""]","[""0x80013284"", ""0x800133C0"", ""0x80013468"", ""0x80013538""]",Static LUI/low-pair reference; pointer arithmetic/control flow can invalidate inferred value
SLUS_009.73,0x80010018,DAT_80010018,LIKELY,code_or_pointer,[],"[""0x80013154""]",Static LUI/low-pair reference; pointer arithmetic/control flow can invalidate inferred value
SLUS_009.73,0x8001001C,DAT_8001001C,LIKELY,code_or_pointer,[],"[""0x800133B8""]",Static LUI/low-pair reference; pointer arithmetic/control flow can invalidate inferred value
SLUS_009.73,0x80010020,DAT_80010020,LIKELY,code_or_pointer,"[""0x80013288""]","[""0x80013294"", ""0x8001349C""]",Static LUI/low-pair reference; pointer arithmetic/control flow can invalidate inferred value
SLUS_009.73,0x80010024,DAT_80010024,LIKELY,code_or_pointer,"[""0x8001353C""]",[],Static LUI/low-pair reference; pointer arithmetic/control flow can invalidate inferred value
SLUS_009.73,0x80010034,DAT_80010034,LIKELY,code_or_pointer,[],"[""0x80013000""]",Static LUI/low-pair reference; pointer arithmetic/control flow can invalidate inferred value
SLUS_009.73,0x800103F4,DAT_800103F4,LIKELY,code_or_pointer,"[""0x80010350""]",[],Static LUI/low-pair reference; pointer arithmetic/control flow can invalidate inferred value
SLUS_009.73,0x8001041C,DAT_8001041C,LIKELY,code_or_pointer,"[""0x80010360""]",[],Static LUI/low-pair reference; pointer arithmetic/control flow can invalidate inferred value
SLUS_009.73,0x80010444,DAT_80010444,LIKELY,code_or_pointer,"[""0x80010370""]",[],Static LUI/low-pair reference; pointer arithmetic/control flow can invalidate inferred value
SLUS_009.73,0x80010FDC,DAT_80010FDC,LIKELY,code_or_pointer,"[""0x80013E50""]",[],Static LUI/low-pair reference; pointer arithmetic/control flow can invalidate inferred value
SLUS_009.73,0x800122A0,DAT_800122A0,LIKELY,code_or_pointer,"[""0x80011D44"", ""0x80011DC4""]",[],Static LUI/low-pair reference; pointer arithmetic/control flow can invalidate inferred value
SLUS_009.73,0x80012FA8,DAT_80012FA8,LIKELY,code_or_pointer,"[""0x800131FC"", ""0x800132E0"", ""0x80013624""]",[],Static LUI/low-pair reference; pointer arithmetic/control flow can invalidate inferred value
SLUS_009.73,0x80012FDC,DAT_80012FDC,LIKELY,code_or_pointer,"[""0x8001348C""]",[],Static LUI/low-pair reference; pointer arithmetic/control flow can invalidate inferred value
SLUS_009.73,0x80013250,DAT_80013250,LIKELY,code_or_pointer,"[""0x80013068"", ""0x800134C0""]",[],Static LUI/low-pair reference; pointer arithmetic/control flow can invalidate inferred value
SLUS_009.73,0x800143B0,DAT_800143B0,LIKELY,code_or_pointer,"[""0x8001438C""]",[],Static LUI/low-pair reference; pointer arithmetic/control flow can invalidate inferred value
SLUS_009.73,0x8001441C,DAT_8001441C,LIKELY,code_or_pointer,"[""0x8001439C""]",[],Static LUI/low-pair reference; pointer arithmetic/control flow can invalidate inferred value
SLUS_009.73,0x800144C4,DAT_800144C4,LIKELY,code_or_pointer,"[""0x800144A0""]",[],Static LUI/low-pair reference; pointer arithmetic/control flow can invalidate inferred value
SLUS_009.73,0x80014644,DAT_80014644,LIKELY,code_or_pointer,"[""0x800144B0""]",[],Static LUI/low-pair reference; pointer arithmetic/control flow can invalidate inferred value
SLUS_009.73,0x80014718,DAT_80014718,LIKELY,data_candidate,"[""0x80010254"", ""0x8001027C"", ""0x800102C4"", ""0x800102E4""]","[""0x80010274""]",Static LUI/low-pair reference; pointer arithmetic/control flow can invalidate inferred value
SLUS_009.73,0x8001471C,DAT_8001471C,LIKELY,data_candidate,"[""0x800101B8""]",[],Static LUI/low-pair reference; pointer arithmetic/control flow can invalidate inferred value
SLUS_009.73,0x80014720,DAT_80014720,LIKELY,data_candidate,"[""0x80010190""]",[],Static LUI/low-pair reference; pointer arithmetic/control flow can invalidate inferred value
SLUS_009.73,0x80014724,DAT_80014724,LIKELY,data_candidate,[],"[""0x800101D8""]",Static LUI/low-pair reference; pointer arithmetic/control flow can invalidate inferred value
SLUS_009.73,0x80014728,DAT_80014728,LIKELY,data_candidate,[],"[""0x800101CC""]",Static LUI/low-pair reference; pointer arithmetic/control flow can invalidate inferred value
SLUS_009.73,0x80014744,DAT_80014744,LIKELY,data_candidate,"[""0x80013210"", ""0x800132F4"", ""0x8001394C""]","[""0x80010378"", ""0x80013958""]",Static LUI/low-pair reference; pointer arithmetic/control flow can invalidate inferred value
SLUS_009.73,0x80014748,DAT_80014748,LIKELY,data_candidate,"[""0x80013030"", ""0x800130B8"", ""0x800131D4"", ""0x800132B8"", ""0x8001334C"", ""0x800134A4"", ""0x8001350C"", ""0x800135FC"", ""0x800137CC"", ""0x80013960""]","[""0x80010384"", ""0x8001396C""]",Static LUI/low-pair reference; pointer arithmetic/control flow can invalidate inferred value
SLUS_009.73,0x80014754,DAT_80014754,LIKELY,data_candidate,"[""0x80010664"", ""0x800107A0"", ""0x800108DC""]",[],Static LUI/low-pair reference; pointer arithmetic/control flow can invalidate inferred value
SLUS_009.73,0x800147DC,DAT_800147DC,LIKELY,data_candidate,"[""0x80010610"", ""0x80010670"", ""0x800107AC"", ""0x800108E8"", ""0x8001132C"", ""0x800115AC"", ""0x80011A08"", ""0x80012324""]","[""0x80010358"", ""0x8001061C"", ""0x80010698"", ""0x80010704"", ""0x80010734"", ""0x800107D8"", ""0x80010838"", ""0x80010868"", ""0x8001090C"", ""0x8001096C"", ""0x8001099C"", ""0x80011D28"", ""0x80011DA8""]",Static LUI/low-pair reference; pointer arithmetic/control flow can invalidate inferred value
SLUS_009.73,0x800147E0,DAT_800147E0,LIKELY,data_candidate,"[""0x80010624"", ""0x800112FC"", ""0x8001157C"", ""0x800119D8"", ""0x800122F4""]","[""0x80010368"", ""0x80010630"", ""0x80011D20"", ""0x80011DA0""]",Static LUI/low-pair reference; pointer arithmetic/control flow can invalidate inferred value
SLUS_009.73,0x800147E4,DAT_800147E4,LIKELY,data_candidate,"[""0x80010554"", ""0x80010DE0"", ""0x80010E00"", ""0x800116C0"", ""0x8001174C"", ""0x80012720"", ""0x8001275C"", ""0x8001278C"", ""0x800127B4"", ""0x8001281C"", ""0x80012894"", ""0x80012950"", ""0x80012990"", ""0x800129E4"", ""0x80012A10"", ""0x80012AE4"", ""0x80012B70"", ""0x80012CE0"", ""0x80012D08"", ""0x80012DFC"", ""0x80012EB4""]","[""0x80010560""]",Static LUI/low-pair reference; pointer arithmetic/control flow can invalidate inferred value
SLUS_009.73,0x800147E8,DAT_800147E8,LIKELY,data_candidate,"[""0x8001048C"", ""0x800106AC"", ""0x800107E0"", ""0x80010914"", ""0x80010D6C"", ""0x80010E1C"", ""0x80011EB0""]","[""0x80010DC0"", ""0x80011D3C"", ""0x80011DBC""]",Static LUI/low-pair reference; pointer arithmetic/control flow can invalidate inferred value
SLUS_009.73,0x800147EC,DAT_800147EC,LIKELY,data_candidate,"[""0x80010E24""]","[""0x80010DC8"", ""0x80011D30"", ""0x80011DB0""]",Static LUI/low-pair reference; pointer arithmetic/control flow can invalidate inferred value
SLUS_009.73,0x800147F0,DAT_800147F0,LIKELY,data_candidate,"[""0x80010D98"", ""0x80012614"", ""0x8001265C""]","[""0x80010DA8""]",Static LUI/low-pair reference; pointer arithmetic/control flow can invalidate inferred value
SLUS_009.73,0x800147F4,DAT_800147F4,LIKELY,data_candidate,"[""0x800104C0""]",[],Static LUI/low-pair reference; pointer arithmetic/control flow can invalidate inferred value
SLUS_009.73,0x800147F8,DAT_800147F8,LIKELY,data_candidate,"[""0x8001049C""]","[""0x800117D4"", ""0x80011D98""]",Static LUI/low-pair reference; pointer arithmetic/control flow can invalidate inferred value
SLUS_009.73,0x800147F9,DAT_800147F9,LIKELY,data_candidate,"[""0x800104AC"", ""0x80010D44"", ""0x80010E14"", ""0x80010EC4"", ""0x80011270"", ""0x800114F0"", ""0x8001194C"", ""0x8001201C""]","[""0x80011868"", ""0x80011D90""]",Static LUI/low-pair reference; pointer arithmetic/control flow can invalidate inferred value
SLUS_009.73,0x80014800,DAT_80014800,LIKELY,data_candidate,"[""0x800111B4"", ""0x80011434"", ""0x800118BC"", ""0x80011F70""]",[],Static LUI/low-pair reference; pointer arithmetic/control flow can invalidate inferred value
SLUS_009.73,0x80014880,DAT_80014880,LIKELY,data_candidate,"[""0x800111BC"", ""0x8001143C"", ""0x800118C4"", ""0x80011F80""]",[],Static LUI/low-pair reference; pointer arithmetic/control flow can invalidate inferred value
SLUS_009.73,0x80014920,DAT_80014920,LIKELY,data_candidate,"[""0x800117FC""]",[],Static LUI/low-pair reference; pointer arithmetic/control flow can invalidate inferred value
SLUS_009.73,0x80014A84,DAT_80014A84,LIKELY,data_candidate,[],"[""0x8001229C""]",Static LUI/low-pair reference; pointer arithmetic/control flow can invalidate inferred value
SLUS_009.73,0x80014AA0,DAT_80014AA0,LIKELY,data_candidate,"[""0x80010C20"", ""0x80010C98"", ""0x80010D04"", ""0x80011020"", ""0x800112C8"", ""0x80011358"", ""0x80011548"", ""0x800115D8"", ""0x80011808"", ""0x800119A4"", ""0x80011A34"", ""0x80011ACC"", ""0x80011B04"", ""0x80011B54"", ""0x80011B88"", ""0x80011BF0"", ""0x80011C78"", ""0x80011CC4"", ""0x80011DD4"", ""0x80011E08"", ""0x80011E78"", ""0x800120AC"", ""0x8001212C"", ""0x800121AC"", ""0x8001222C"", ""0x800122A4"", ""0x80012350""]",[],Static LUI/low-pair reference; pointer arithmetic/control flow can invalidate inferred value
SLUS_009.73,0x80014AA4,DAT_80014AA4,LIKELY,data_candidate,"[""0x80010CB8"", ""0x80011860"", ""0x80011B14"", ""0x80011CD4""]",[],Static LUI/low-pair reference; pointer arithmetic/control flow can invalidate inferred value
SLUS_009.73,0x80014AA8,DAT_80014AA8,LIKELY,data_candidate,"[""0x80010D24"", ""0x80011838"", ""0x80011ADC"", ""0x80011B28"", ""0x80011BA8"", ""0x80011C9C"", ""0x80011CE8"", ""0x80011E28""]",[],Static LUI/low-pair reference; pointer arithmetic/control flow can invalidate inferred value
SLUS_009.73,0x80014AAC,DAT_80014AAC,LIKELY,data_candidate,"[""0x80010C3C"", ""0x80010D14"", ""0x80011030"", ""0x80011AF0"", ""0x80011B3C"", ""0x80011B64"", ""0x80011B98"", ""0x80011BB8"", ""0x80011C04"", ""0x80011CB0"", ""0x80011CFC"", ""0x80011DE4"", ""0x80011E18"", ""0x80011E38"", ""0x80011E8C"", ""0x800120BC"", ""0x800121BC""]",[],Static LUI/low-pair reference; pointer arithmetic/control flow can invalidate inferred value
SLUS_009.73,0x80014AB0,DAT_80014AB0,LIKELY,data_candidate,"[""0x80011C14"", ""0x80011E9C"", ""0x800120DC"", ""0x80012194"", ""0x800121DC""]",[],Static LUI/low-pair reference; pointer arithmetic/control flow can invalidate inferred value
SLUS_009.73,0x80014AB4,DAT_80014AB4,LIKELY,data_candidate,"[""0x80011C28"", ""0x80011C5C""]",[],Static LUI/low-pair reference; pointer arithmetic/control flow can invalidate inferred value
SLUS_009.73,0x80014AB8,DAT_80014AB8,LIKELY,data_candidate,"[""0x80010E80"", ""0x80010EEC"", ""0x80010F30"", ""0x80010FE4"", ""0x8001104C"", ""0x800110CC"", ""0x800111C4"", ""0x80011444"", ""0x800117DC"", ""0x80011888"", ""0x80011A84"", ""0x80011BD8"", ""0x80011E60"", ""0x80011F78""]","[""0x80010F84""]",Static LUI/low-pair reference; pointer arithmetic/control flow can invalidate inferred value
SLUS_009.73,0x80014AB9,DAT_80014AB9,LIKELY,data_candidate,"[""0x800122B4""]",[],Static LUI/low-pair reference; pointer arithmetic/control flow can invalidate inferred value
SLUS_009.73,0x80014ABC,DAT_80014ABC,LIKELY,data_candidate,"[""0x80011D88""]",[],Static LUI/low-pair reference; pointer arithmetic/control flow can invalidate inferred value
SLUS_009.73,0x80014AD4,DAT_80014AD4,LIKELY,data_candidate,"[""0x800120CC"", ""0x800121CC""]",[],Static LUI/low-pair reference; pointer arithmetic/control flow can invalidate inferred value
SLUS_009.73,0x80014AD8,DAT_80014AD8,LIKELY,data_candidate,"[""0x800120EC"", ""0x800121EC""]",[],Static LUI/low-pair reference; pointer arithmetic/control flow can invalidate inferred value
SLUS_009.73,0x80014ADC,DAT_80014ADC,LIKELY,data_candidate,"[""0x80012108"", ""0x80012208""]",[],Static LUI/low-pair reference; pointer arithmetic/control flow can invalidate inferred value
SLUS_009.73,0x80014AE0,DAT_80014AE0,LIKELY,data_candidate,"[""0x8001211C"", ""0x8001221C""]",[],Static LUI/low-pair reference; pointer arithmetic/control flow can invalidate inferred value
SLUS_009.73,0x80014AE4,DAT_80014AE4,LIKELY,data_candidate,"[""0x80012064"", ""0x8001214C"", ""0x8001215C"", ""0x80012264"", ""0x80012274""]",[],Static LUI/low-pair reference; pointer arithmetic/control flow can invalidate inferred value
SLUS_009.73,0x80014AF4,DAT_80014AF4,LIKELY,data_candidate,"[""0x80012C6C""]","[""0x80012B78"", ""0x80012E8C""]",Static LUI/low-pair reference; pointer arithmetic/control flow can invalidate inferred value
SLUS_009.73,0x80014AF8,DAT_80014AF8,LIKELY,data_candidate,"[""0x8001260C""]","[""0x80012664""]",Static LUI/low-pair reference; pointer arithmetic/control flow can invalidate inferred value
SLUS_009.73,0x80014B04,DAT_80014B04,LIKELY,data_candidate,"[""0x80012FEC"", ""0x80013150"", ""0x8001325C"", ""0x800133B4"", ""0x80013460"", ""0x80013494"", ""0x80013534"", ""0x80013728"", ""0x80013790"", ""0x8001379C""]",[],Static LUI/low-pair reference; pointer arithmetic/control flow can invalidate inferred value
SLUS_009.73,0x80014B0C,DAT_80014B0C,LIKELY,data_candidate,"[""0x800130D0"", ""0x800130F0""]",[],Static LUI/low-pair reference; pointer arithmetic/control flow can invalidate inferred value
SLUS_009.73,0x80014B10,DAT_80014B10,LIKELY,data_candidate,"[""0x80013420""]",[],Static LUI/low-pair reference; pointer arithmetic/control flow can invalidate inferred value
SLUS_009.73,0x80014B20,DAT_80014B20,LIKELY,data_candidate,"[""0x80013860""]",[],Static LUI/low-pair reference; pointer arithmetic/control flow can invalidate inferred value
SLUS_009.73,0x80014B24,DAT_80014B24,LIKELY,data_candidate,"[""0x80013088""]",[],Static LUI/low-pair reference; pointer arithmetic/control flow can invalidate inferred value
SLUS_009.73,0x80014B28,DAT_80014B28,LIKELY,data_candidate,"[""0x800136C4""]",[],Static LUI/low-pair reference; pointer arithmetic/control flow can invalidate inferred value
SLUS_009.73,0x80014B2C,DAT_80014B2C,LIKELY,data_candidate,"[""0x80012FB4"", ""0x80013558"", ""0x80013578"", ""0x80013758""]",[],Static LUI/low-pair reference; pointer arithmetic/control flow can invalidate inferred value
SLUS_009.73,0x80014B30,DAT_80014B30,LIKELY,data_candidate,"[""0x800135E8""]",[],Static LUI/low-pair reference; pointer arithmetic/control flow can invalidate inferred value
SLUS_009.73,0x80014B4C,DAT_80014B4C,LIKELY,data_candidate,"[""0x80013A0C"", ""0x80013AC4"", ""0x80013AF8""]",[],Static LUI/low-pair reference; pointer arithmetic/control flow can invalidate inferred value
SLUS_009.73,0x80014B50,DAT_80014B50,LIKELY,data_candidate,"[""0x80013A14"", ""0x80013B38""]",[],Static LUI/low-pair reference; pointer arithmetic/control flow can invalidate inferred value
SLUS_009.73,0x80014B54,DAT_80014B54,LIKELY,data_candidate,"[""0x80013A54"", ""0x80013B54""]","[""0x80013B4C""]",Static LUI/low-pair reference; pointer arithmetic/control flow can invalidate inferred value
SLUS_009.73,0x80014B58,DAT_80014B58,LIKELY,data_candidate,"[""0x80013A90"", ""0x80013AA8""]","[""0x80013B40""]",Static LUI/low-pair reference; pointer arithmetic/control flow can invalidate inferred value
SLUS_009.73,0x80014BBC,DAT_80014BBC,LIKELY,data_candidate,"[""0x80013DD8"", ""0x80013EB0"", ""0x800141C8"", ""0x80014268""]",[],Static LUI/low-pair reference; pointer arithmetic/control flow can invalidate inferred value
SLUS_009.73,0x80014BBE,DAT_80014BBE,LIKELY,data_candidate,"[""0x80013D90""]","[""0x80014050""]",Static LUI/low-pair reference; pointer arithmetic/control flow can invalidate inferred value
SLUS_009.73,0x80014BC0,DAT_80014BC0,LIKELY,data_candidate,"[""0x8001408C""]",[],Static LUI/low-pair reference; pointer arithmetic/control flow can invalidate inferred value
SLUS_009.73,0x80014BEC,DAT_80014BEC,LIKELY,data_candidate,"[""0x80013FA0""]",[],Static LUI/low-pair reference; pointer arithmetic/control flow can invalidate inferred value
SLUS_009.73,0x80014BF8,DAT_80014BF8,LIKELY,data_candidate,"[""0x80013E48""]",[],Static LUI/low-pair reference; pointer arithmetic/control flow can invalidate inferred value
SLUS_009.73,0x80015C44,DAT_80015C44,LIKELY,data_candidate,"[""0x80013C3C"", ""0x80013C6C"", ""0x80013C9C"", ""0x80013CD0"", ""0x80013D00"", ""0x80013D30"", ""0x80013D60"", ""0x80013E6C"", ""0x80013E7C""]",[],Static LUI/low-pair reference; pointer arithmetic/control flow can invalidate inferred value
SLUS_009.73,0x80015C48,DAT_80015C48,LIKELY,data_candidate,"[""0x80013DF4"", ""0x80013EDC"", ""0x80013F00"", ""0x80013F5C"", ""0x80013F98"", ""0x80013FC8"", ""0x8001402C"", ""0x8001420C""]",[],Static LUI/low-pair reference; pointer arithmetic/control flow can invalidate inferred value
SLUS_009.73,0x80015C4C,DAT_80015C4C,LIKELY,data_candidate,"[""0x80013DA0"", ""0x80013DB8"", ""0x80013DFC"", ""0x80013F14"", ""0x80013FA8"", ""0x80013FD0"", ""0x800140CC"", ""0x8001418C"", ""0x800141EC"", ""0x8001428C""]",[],Static LUI/low-pair reference; pointer arithmetic/control flow can invalidate inferred value
SLUS_009.73,0x80015C50,DAT_80015C50,LIKELY,data_candidate,"[""0x80013E18"", ""0x800141F4"", ""0x80014228"", ""0x800142A4""]",[],Static LUI/low-pair reference; pointer arithmetic/control flow can invalidate inferred value
SLUS_009.73,0x80015C54,DAT_80015C54,LIKELY,data_candidate,"[""0x80013FF0""]","[""0x80014034"", ""0x80014044""]",Static LUI/low-pair reference; pointer arithmetic/control flow can invalidate inferred value
SLUS_009.73,0x80015C64,DAT_80015C64,LIKELY,data_candidate,"[""0x80014360"", ""0x800143CC"", ""0x80014420""]",[],Static LUI/low-pair reference; pointer arithmetic/control flow can invalidate inferred value
SLUS_009.73,0x80015C84,DAT_80015C84,LIKELY,data_candidate,"[""0x80013A6C"", ""0x80013AD4"", ""0x80013B30"", ""0x80013B90"", ""0x80013BF4"", ""0x800143B4""]","[""0x8001437C"", ""0x800143DC""]",Static LUI/low-pair reference; pointer arithmetic/control flow can invalidate inferred value
SLUS_009.73,0x80015C88,DAT_80015C88,LIKELY,data_candidate,"[""0x80014368""]",[],Static LUI/low-pair reference; pointer arithmetic/control flow can invalidate inferred value
SLUS_009.73,0x80015C94,DAT_80015C94,LIKELY,data_candidate,"[""0x80014498"", ""0x800144C8"", ""0x8001453C"", ""0x80014580"", ""0x800145A4"", ""0x80014674"", ""0x800146B0""]",[],Static LUI/low-pair reference; pointer arithmetic/control flow can invalidate inferred value
SLUS_009.73,0x80015C98,DAT_80015C98,LIKELY,data_candidate,"[""0x80014480"", ""0x80014514"", ""0x8001464C""]",[],Static LUI/low-pair reference; pointer arithmetic/control flow can invalidate inferred value
SLUS_009.73,0x80015CB8,DAT_80015CB8,LIKELY,data_candidate,"[""0x800145FC""]",[],Static LUI/low-pair reference; pointer arithmetic/control flow can invalidate inferred value
SLUS_009.73,0x80015CDC,DAT_80015CDC,LIKELY,data_candidate,"[""0x800103A0""]",[],Static LUI/low-pair reference; pointer arithmetic/control flow can invalidate inferred value
SLUS_009.73,0x80015CFC,DAT_80015CFC,LIKELY,data_candidate,"[""0x8001058C"", ""0x800105C0""]",[],Static LUI/low-pair reference; pointer arithmetic/control flow can invalidate inferred value
SLUS_009.73,0x80015E48,DAT_80015E48,LIKELY,data_candidate,"[""0x80011248"", ""0x800114C8"", ""0x80011924"", ""0x80011FF4""]",[],Static LUI/low-pair reference; pointer arithmetic/control flow can invalidate inferred value
SLUS_009.73,0x80015E58,DAT_80015E58,LIKELY,data_candidate,"[""0x80011294"", ""0x80011514"", ""0x80011970"", ""0x80012040""]",[],Static LUI/low-pair reference; pointer arithmetic/control flow can invalidate inferred value
SLUS_009.73,0x80015E74,DAT_80015E74,LIKELY,data_candidate,"[""0x80010DF8""]",[],Static LUI/low-pair reference; pointer arithmetic/control flow can invalidate inferred value
SLUS_009.73,0x80015E80,DAT_80015E80,LIKELY,data_candidate,"[""0x80010E40""]",[],Static LUI/low-pair reference; pointer arithmetic/control flow can invalidate inferred value
SLUS_009.73,0x80015E9C,DAT_80015E9C,LIKELY,data_candidate,"[""0x80011148""]",[],Static LUI/low-pair reference; pointer arithmetic/control flow can invalidate inferred value
SLUS_009.73,0x80015EB0,DAT_80015EB0,LIKELY,data_candidate,"[""0x80011158""]",[],Static LUI/low-pair reference; pointer arithmetic/control flow can invalidate inferred value
SLUS_009.73,0x80015ED0,DAT_80015ED0,LIKELY,data_candidate,"[""0x800111E0""]",[],Static LUI/low-pair reference; pointer arithmetic/control flow can invalidate inferred value
SLUS_009.73,0x80015ED8,DAT_80015ED8,LIKELY,data_candidate,"[""0x80011460""]",[],Static LUI/low-pair reference; pointer arithmetic/control flow can invalidate inferred value
SLUS_009.73,0x80015EE4,DAT_80015EE4,LIKELY,data_candidate,"[""0x8001171C""]",[],Static LUI/low-pair reference; pointer arithmetic/control flow can invalidate inferred value
SLUS_009.73,0x80015EEC,DAT_80015EEC,LIKELY,data_candidate,"[""0x80011770""]",[],Static LUI/low-pair reference; pointer arithmetic/control flow can invalidate inferred value
SLUS_009.73,0x80015EFC,DAT_80015EFC,LIKELY,data_candidate,"[""0x800118A4""]",[],Static LUI/low-pair reference; pointer arithmetic/control flow can invalidate inferred value
SLUS_009.73,0x80015F3C,DAT_80015F3C,LIKELY,data_candidate,"[""0x80011D68""]",[],Static LUI/low-pair reference; pointer arithmetic/control flow can invalidate inferred value
SLUS_009.73,0x80015F48,DAT_80015F48,LIKELY,data_candidate,"[""0x80011D7C""]",[],Static LUI/low-pair reference; pointer arithmetic/control flow can invalidate inferred value
SLUS_009.73,0x80015F54,DAT_80015F54,LIKELY,data_candidate,"[""0x80011F94""]",[],Static LUI/low-pair reference; pointer arithmetic/control flow can invalidate inferred value
SLUS_009.73,0x80015F6C,DAT_80015F6C,LIKELY,data_candidate,"[""0x80012434""]",[],Static LUI/low-pair reference; pointer arithmetic/control flow can invalidate inferred value
SLUS_009.73,0x80015F7C,DAT_80015F7C,LIKELY,data_candidate,"[""0x80012734""]",[],Static LUI/low-pair reference; pointer arithmetic/control flow can invalidate inferred value
SLUS_009.73,0x80015F98,DAT_80015F98,LIKELY,data_candidate,"[""0x80012774""]",[],Static LUI/low-pair reference; pointer arithmetic/control flow can invalidate inferred value
SLUS_009.73,0x80015FB0,DAT_80015FB0,LIKELY,data_candidate,"[""0x800127A4""]",[],Static LUI/low-pair reference; pointer arithmetic/control flow can invalidate inferred value
SLUS_009.73,0x80015FCC,DAT_80015FCC,LIKELY,data_candidate,"[""0x800127CC""]",[],Static LUI/low-pair reference; pointer arithmetic/control flow can invalidate inferred value
SLUS_009.73,0x80015FEC,DAT_80015FEC,LIKELY,data_candidate,"[""0x80012834""]",[],Static LUI/low-pair reference; pointer arithmetic/control flow can invalidate inferred value
SLUS_009.73,0x80015FF8,DAT_80015FF8,LIKELY,data_candidate,"[""0x800128A8""]",[],Static LUI/low-pair reference; pointer arithmetic/control flow can invalidate inferred value
SLUS_009.73,0x80016008,DAT_80016008,LIKELY,data_candidate,"[""0x80012968""]",[],Static LUI/low-pair reference; pointer arithmetic/control flow can invalidate inferred value
SLUS_009.73,0x80016034,DAT_80016034,LIKELY,data_candidate,"[""0x80012978""]",[],Static LUI/low-pair reference; pointer arithmetic/control flow can invalidate inferred value
SLUS_009.73,0x8001603C,DAT_8001603C,LIKELY,data_candidate,"[""0x800129A8""]",[],Static LUI/low-pair reference; pointer arithmetic/control flow can invalidate inferred value
SLUS_009.73,0x8001606C,DAT_8001606C,LIKELY,data_candidate,"[""0x80012A00""]",[],Static LUI/low-pair reference; pointer arithmetic/control flow can invalidate inferred value
SLUS_009.73,0x80016090,DAT_80016090,LIKELY,data_candidate,"[""0x80012A2C""]",[],Static LUI/low-pair reference; pointer arithmetic/control flow can invalidate inferred value
SLUS_009.73,0x800160B0,DAT_800160B0,LIKELY,data_candidate,"[""0x80012B20""]",[],Static LUI/low-pair reference; pointer arithmetic/control flow can invalidate inferred value
SLUS_009.73,0x800160C4,DAT_800160C4,LIKELY,data_candidate,"[""0x80012B8C""]",[],Static LUI/low-pair reference; pointer arithmetic/control flow can invalidate inferred value
SLUS_009.73,0x800160E8,DAT_800160E8,LIKELY,data_candidate,"[""0x80012CF8""]",[],Static LUI/low-pair reference; pointer arithmetic/control flow can invalidate inferred value
SLUS_009.73,0x80016108,DAT_80016108,LIKELY,data_candidate,"[""0x80012D24""]",[],Static LUI/low-pair reference; pointer arithmetic/control flow can invalidate inferred value
SLUS_009.73,0x80016124,DAT_80016124,LIKELY,data_candidate,"[""0x80012DB4""]",[],Static LUI/low-pair reference; pointer arithmetic/control flow can invalidate inferred value
SLUS_009.73,0x80016128,DAT_80016128,LIKELY,data_candidate,"[""0x80012DC4""]",[],Static LUI/low-pair reference; pointer arithmetic/control flow can invalidate inferred value
SLUS_009.73,0x8001612A,DAT_8001612A,LIKELY,data_candidate,"[""0x80012DCC""]",[],Static LUI/low-pair reference; pointer arithmetic/control flow can invalidate inferred value
SLUS_009.73,0x8001612C,DAT_8001612C,LIKELY,data_candidate,"[""0x80012E44""]",[],Static LUI/low-pair reference; pointer arithmetic/control flow can invalidate inferred value
SLUS_009.73,0x80016148,DAT_80016148,LIKELY,data_candidate,"[""0x80012ECC""]",[],Static LUI/low-pair reference; pointer arithmetic/control flow can invalidate inferred value
SLUS_009.73,0x8001616C,DAT_8001616C,LIKELY,data_candidate,"[""0x800130A4""]",[],Static LUI/low-pair reference; pointer arithmetic/control flow can invalidate inferred value
SLUS_009.73,0x80016184,DAT_80016184,LIKELY,data_candidate,"[""0x80013398""]",[],Static LUI/low-pair reference; pointer arithmetic/control flow can invalidate inferred value
SLUS_009.73,0x8001619C,DAT_8001619C,LIKELY,data_candidate,"[""0x800133E0""]",[],Static LUI/low-pair reference; pointer arithmetic/control flow can invalidate inferred value
SLUS_009.73,0x800161BC,DAT_800161BC,LIKELY,data_candidate,"[""0x80013BD0""]",[],Static LUI/low-pair reference; pointer arithmetic/control flow can invalidate inferred value
SLUS_009.73,0x80016200,DAT_80016200,LIKELY,data_candidate,"[""0x80013EF0""]",[],Static LUI/low-pair reference; pointer arithmetic/control flow can invalidate inferred value
SLUS_009.73,0x8001621C,DAT_8001621C,LIKELY,data_candidate,"[""0x80014014""]",[],Static LUI/low-pair reference; pointer arithmetic/control flow can invalidate inferred value
SLUS_009.73,0x8001623C,DAT_8001623C,LIKELY,data_candidate,"[""0x800145DC""]",[],Static LUI/low-pair reference; pointer arithmetic/control flow can invalidate inferred value
SLUS_009.73,0x80016258,DAT_80016258,LIKELY,data_candidate,"[""0x800145F0""]",[],Static LUI/low-pair reference; pointer arithmetic/control flow can invalidate inferred value
SLUS_009.73,0x8001626C,DAT_8001626C,LIKELY,data_candidate,"[""0x800101E8""]",[],Static LUI/low-pair reference; pointer arithmetic/control flow can invalidate inferred value
SLUS_009.73,0x8001627C,DAT_8001627C,LIKELY,data_candidate,"[""0x800100BC""]",[],Static LUI/low-pair reference; pointer arithmetic/control flow can invalidate inferred value
SLUS_009.73,0x80016284,DAT_80016284,LIKELY,CRT_BSS,"[""0x8001016C""]",[],Static LUI/low-pair reference; pointer arithmetic/control flow can invalidate inferred value
SLUS_009.73,0x80016288,DAT_80016288,LIKELY,CRT_BSS,"[""0x80010224"", ""0x80010240""]","[""0x800101E0""]",Static LUI/low-pair reference; pointer arithmetic/control flow can invalidate inferred value
SLUS_009.73,0x8001628C,DAT_8001628C,LIKELY,CRT_BSS,"[""0x80010214""]","[""0x800101F4""]",Static LUI/low-pair reference; pointer arithmetic/control flow can invalidate inferred value
SLUS_009.73,0x80016290,DAT_80016290,LIKELY,CRT_BSS,"[""0x8001021C""]","[""0x800101FC""]",Static LUI/low-pair reference; pointer arithmetic/control flow can invalidate inferred value
SLUS_009.73,0x80016294,DAT_80016294,LIKELY,CRT_BSS,"[""0x80010014""]","[""0x80010024""]",Static LUI/low-pair reference; pointer arithmetic/control flow can invalidate inferred value
SLUS_009.73,0x80016304,DAT_80016304,LIKELY,CRT_BSS,"[""0x80010E8C"", ""0x80010EF8"", ""0x80010F40"", ""0x80010F8C"", ""0x800110C4"", ""0x80011348"", ""0x8001138C"", ""0x800115C8"", ""0x80011A24"", ""0x80011A54"", ""0x80012340""]",[],Static LUI/low-pair reference; pointer arithmetic/control flow can invalidate inferred value
SLUS_009.73,0x8001630C,DAT_8001630C,LIKELY,CRT_BSS,"[""0x80010FF0"", ""0x8001108C"", ""0x8001110C"", ""0x80011318"", ""0x80011598"", ""0x80011654"", ""0x800119F4"", ""0x80012310""]",[],Static LUI/low-pair reference; pointer arithmetic/control flow can invalidate inferred value
SLUS_009.73,0x80016314,DAT_80016314,LIKELY,CRT_BSS,"[""0x80011044"", ""0x80011600""]",[],Static LUI/low-pair reference; pointer arithmetic/control flow can invalidate inferred value
SLUS_009.73,0x8001631C,DAT_8001631C,LIKELY,CRT_BSS,"[""0x80011200"", ""0x80011480"", ""0x800118DC"", ""0x80011FB4""]","[""0x800111D8"", ""0x80011458"", ""0x80011890"", ""0x80011F8C""]",Static LUI/low-pair reference; pointer arithmetic/control flow can invalidate inferred value
SLUS_009.73,0x80016320,DAT_80016320,LIKELY,CRT_BSS,"[""0x80011218"", ""0x80011498"", ""0x800118F4"", ""0x80011FCC""]","[""0x800111E8"", ""0x8001122C"", ""0x80011468"", ""0x800114AC"", ""0x80011898"", ""0x80011908"", ""0x80011F9C"", ""0x80011FE8""]",Static LUI/low-pair reference; pointer arithmetic/control flow can invalidate inferred value
SLUS_009.73,0x80016324,DAT_80016324,LIKELY,CRT_BSS,"[""0x80011258"", ""0x800114D8"", ""0x80011934"", ""0x80012004""]","[""0x800111F0"", ""0x80011470"", ""0x800118AC"", ""0x80011FA4""]",Static LUI/low-pair reference; pointer arithmetic/control flow can invalidate inferred value
SLUS_009.73,0x80016338,DAT_80016338,LIKELY,CRT_BSS,"[""0x80012444"", ""0x80012488""]",[],Static LUI/low-pair reference; pointer arithmetic/control flow can invalidate inferred value
SLUS_009.73,0x8001633C,DAT_8001633C,LIKELY,CRT_BSS,"[""0x80012464"", ""0x8001247C""]",[],Static LUI/low-pair reference; pointer arithmetic/control flow can invalidate inferred value
SLUS_009.73,0x80016350,DAT_80016350,LIKELY,CRT_BSS,"[""0x80012578""]",[],Static LUI/low-pair reference; pointer arithmetic/control flow can invalidate inferred value
SLUS_009.73,0x80016370,DAT_80016370,LIKELY,CRT_BSS,"[""0x800125C8""]",[],Static LUI/low-pair reference; pointer arithmetic/control flow can invalidate inferred value
SLUS_009.73,0x80016398,DAT_80016398,LIKELY,CRT_BSS,"[""0x80012D3C""]",[],Static LUI/low-pair reference; pointer arithmetic/control flow can invalidate inferred value
SLUS_009.73,0x800163A0,DAT_800163A0,LIKELY,CRT_BSS,"[""0x800127E0""]",[],Static LUI/low-pair reference; pointer arithmetic/control flow can invalidate inferred value
SLUS_009.73,0x800169A0,DAT_800169A0,LIKELY,CRT_BSS,"[""0x80012A44""]",[],Static LUI/low-pair reference; pointer arithmetic/control flow can invalidate inferred value
SLUS_009.73,0x800169A4,DAT_800169A4,LIKELY,CRT_BSS,"[""0x80012BE8""]",[],Static LUI/low-pair reference; pointer arithmetic/control flow can invalidate inferred value
SLUS_009.73,0x80017F98,DAT_80017F98,LIKELY,CRT_BSS,"[""0x80012914"", ""0x80012CC4""]",[],Static LUI/low-pair reference; pointer arithmetic/control flow can invalidate inferred value
SLUS_009.73,0x80018798,DAT_80018798,LIKELY,CRT_BSS,"[""0x80012E78""]","[""0x800139D0""]",Static LUI/low-pair reference; pointer arithmetic/control flow can invalidate inferred value
SLUS_009.73,0x8001879C,DAT_8001879C,LIKELY,CRT_BSS,"[""0x800139E0""]","[""0x800139C8"", ""0x80013A04""]",Static LUI/low-pair reference; pointer arithmetic/control flow can invalidate inferred value
SLUS_009.73,0x800187A0,DAT_800187A0,LIKELY,CRT_BSS,[],"[""0x800139EC""]",Static LUI/low-pair reference; pointer arithmetic/control flow can invalidate inferred value
SLUS_009.73,0x800187A4,DAT_800187A4,LIKELY,CRT_BSS,[],"[""0x800139F4""]",Static LUI/low-pair reference; pointer arithmetic/control flow can invalidate inferred value
SLUS_009.73,0x800187A8,DAT_800187A8,LIKELY,data_candidate,"[""0x80010174"", ""0x800101A8""]",[],Static LUI/low-pair reference; pointer arithmetic/control flow can invalidate inferred value
D2KF.EXE,0x80019000,DAT_80019000,LIKELY,code_or_pointer,"[""0x80019238""]",[],Static LUI/low-pair reference; pointer arithmetic/control flow can invalidate inferred value
D2KF.EXE,0x80019028,DAT_80019028,LIKELY,code_or_pointer,"[""0x800195E0"", ""0x80019608""]",[],Static LUI/low-pair reference; pointer arithmetic/control flow can invalidate inferred value
D2KF.EXE,0x8002D4E8,DAT_8002D4E8,LIKELY,data_candidate,"[""0x8002CD0C"", ""0x8002D134""]",[],Static LUI/low-pair reference; pointer arithmetic/control flow can invalidate inferred value
D2KF.EXE,0x8002EE74,DAT_8002EE74,LIKELY,code_or_pointer,"[""0x8002EE54""]",[],Static LUI/low-pair reference; pointer arithmetic/control flow can invalidate inferred value
D2KF.EXE,0x80031A3C,DAT_80031A3C,LIKELY,code_or_pointer,"[""0x80031998""]",[],Static LUI/low-pair reference; pointer arithmetic/control flow can invalidate inferred value
D2KF.EXE,0x80031A64,DAT_80031A64,LIKELY,code_or_pointer,"[""0x800319A8""]",[],Static LUI/low-pair reference; pointer arithmetic/control flow can invalidate inferred value
D2KF.EXE,0x80031A8C,DAT_80031A8C,LIKELY,code_or_pointer,"[""0x800319B8""]",[],Static LUI/low-pair reference; pointer arithmetic/control flow can invalidate inferred value
D2KF.EXE,0x800338D8,DAT_800338D8,LIKELY,code_or_pointer,"[""0x8003337C"", ""0x800333FC""]",[],Static LUI/low-pair reference; pointer arithmetic/control flow can invalidate inferred value
D2KF.EXE,0x80034400,DAT_80034400,LIKELY,code_or_pointer,"[""0x80034654"", ""0x80034738"", ""0x80034A7C""]",[],Static LUI/low-pair reference; pointer arithmetic/control flow can invalidate inferred value
D2KF.EXE,0x80034434,DAT_80034434,LIKELY,code_or_pointer,"[""0x800348E4""]",[],Static LUI/low-pair reference; pointer arithmetic/control flow can invalidate inferred value
D2KF.EXE,0x800346A8,DAT_800346A8,LIKELY,code_or_pointer,"[""0x800344C0"", ""0x80034918""]",[],Static LUI/low-pair reference; pointer arithmetic/control flow can invalidate inferred value
D2KF.EXE,0x80034E54,DAT_80034E54,LIKELY,code_or_pointer,"[""0x80034E30""]",[],Static LUI/low-pair reference; pointer arithmetic/control flow can invalidate inferred value
D2KF.EXE,0x80034F60,DAT_80034F60,LIKELY,code_or_pointer,"[""0x80034E24""]",[],Static LUI/low-pair reference; pointer arithmetic/control flow can invalidate inferred value
D2KF.EXE,0x80036D88,DAT_80036D88,LIKELY,code_or_pointer,"[""0x80036D64""]",[],Static LUI/low-pair reference; pointer arithmetic/control flow can invalidate inferred value
D2KF.EXE,0x80036DF4,DAT_80036DF4,LIKELY,code_or_pointer,"[""0x80036D74""]",[],Static LUI/low-pair reference; pointer arithmetic/control flow can invalidate inferred value
D2KF.EXE,0x80036E9C,DAT_80036E9C,LIKELY,code_or_pointer,"[""0x80036E78""]",[],Static LUI/low-pair reference; pointer arithmetic/control flow can invalidate inferred value
D2KF.EXE,0x8003701C,DAT_8003701C,LIKELY,code_or_pointer,"[""0x80036E88""]",[],Static LUI/low-pair reference; pointer arithmetic/control flow can invalidate inferred value
D2KF.EXE,0x800384CC,DAT_800384CC,LIKELY,data_candidate,"[""0x80038454""]",[],Static LUI/low-pair reference; pointer arithmetic/control flow can invalidate inferred value
D2KF.EXE,0x800384E4,DAT_800384E4,LIKELY,data_candidate,"[""0x8003845C"", ""0x80038484""]",[],Static LUI/low-pair reference; pointer arithmetic/control flow can invalidate inferred value
D2KF.EXE,0x800384FC,DAT_800384FC,LIKELY,data_candidate,"[""0x8003848C""]",[],Static LUI/low-pair reference; pointer arithmetic/control flow can invalidate inferred value
D2KF.EXE,0x8003A8D4,DAT_8003A8D4,LIKELY,code_or_pointer,"[""0x8003A74C"", ""0x8003B3FC""]",[],Static LUI/low-pair reference; pointer arithmetic/control flow can invalidate inferred value
D2KF.EXE,0x8003B3F0,DAT_8003B3F0,LIKELY,code_or_pointer,"[""0x8003B084"", ""0x8003B170"", ""0x8003B264"", ""0x8003B3B4""]",[],Static LUI/low-pair reference; pointer arithmetic/control flow can invalidate inferred value
D2KF.EXE,0x8003CD04,DAT_8003CD04,LIKELY,code_or_pointer,"[""0x8003CCF0""]",[],Static LUI/low-pair reference; pointer arithmetic/control flow can invalidate inferred value
D2KF.EXE,0x8003CD6C,DAT_8003CD6C,LIKELY,code_or_pointer,"[""0x8003CCE4""]",[],Static LUI/low-pair reference; pointer arithmetic/control flow can invalidate inferred value
D2KF.EXE,0x8003DDAC,DAT_8003DDAC,LIKELY,code_or_pointer,"[""0x8003DD44""]",[],Static LUI/low-pair reference; pointer arithmetic/control flow can invalidate inferred value
D2KF.EXE,0x8003DE54,DAT_8003DE54,LIKELY,code_or_pointer,"[""0x8003DD54""]",[],Static LUI/low-pair reference; pointer arithmetic/control flow can invalidate inferred value
D2KF.EXE,0x8003E2B4,DAT_8003E2B4,LIKELY,code_or_pointer,"[""0x8003E288""]",[],Static LUI/low-pair reference; pointer arithmetic/control flow can invalidate inferred value
D2KF.EXE,0x8003E2D0,DAT_8003E2D0,LIKELY,code_or_pointer,"[""0x8003E294""]",[],Static LUI/low-pair reference; pointer arithmetic/control flow can invalidate inferred value
D2KF.EXE,0x8003E430,DAT_8003E430,LIKELY,code_or_pointer,"[""0x8003E3E8""]",[],Static LUI/low-pair reference; pointer arithmetic/control flow can invalidate inferred value
D2KF.EXE,0x8003E484,DAT_8003E484,LIKELY,code_or_pointer,"[""0x8003E3F4""]",[],Static LUI/low-pair reference; pointer arithmetic/control flow can invalidate inferred value
D2KF.EXE,0x8003ED20,DAT_8003ED20,LIKELY,code_or_pointer,"[""0x8003EC0C""]",[],Static LUI/low-pair reference; pointer arithmetic/control flow can invalidate inferred value
D2KF.EXE,0x8003ED88,DAT_8003ED88,LIKELY,code_or_pointer,"[""0x8003EBFC""]",[],Static LUI/low-pair reference; pointer arithmetic/control flow can invalidate inferred value
D2KF.EXE,0x8003EE7C,DAT_8003EE7C,LIKELY,code_or_pointer,"[""0x8003EC5C""]",[],Static LUI/low-pair reference; pointer arithmetic/control flow can invalidate inferred value
D2KF.EXE,0x8003EE8C,DAT_8003EE8C,LIKELY,code_or_pointer,"[""0x8003EC1C""]",[],Static LUI/low-pair reference; pointer arithmetic/control flow can invalidate inferred value
D2KF.EXE,0x8003EF48,DAT_8003EF48,LIKELY,code_or_pointer,"[""0x8003EC2C""]",[],Static LUI/low-pair reference; pointer arithmetic/control flow can invalidate inferred value
D2KF.EXE,0x8003F1C4,DAT_8003F1C4,LIKELY,code_or_pointer,"[""0x8003EC3C""]",[],Static LUI/low-pair reference; pointer arithmetic/control flow can invalidate inferred value
D2KF.EXE,0x8003F1FC,DAT_8003F1FC,LIKELY,code_or_pointer,"[""0x8003EC4C""]",[],Static LUI/low-pair reference; pointer arithmetic/control flow can invalidate inferred value
D2KF.EXE,0x8003F284,DAT_8003F284,LIKELY,code_or_pointer,"[""0x8003F254""]",[],Static LUI/low-pair reference; pointer arithmetic/control flow can invalidate inferred value
D2KF.EXE,0x8003F394,DAT_8003F394,LIKELY,code_or_pointer,"[""0x8003F274""]",[],Static LUI/low-pair reference; pointer arithmetic/control flow can invalidate inferred value
D2KF.EXE,0x8003F6D8,DAT_8003F6D8,LIKELY,code_or_pointer,"[""0x8003F264""]",[],Static LUI/low-pair reference; pointer arithmetic/control flow can invalidate inferred value
D2KF.EXE,0x8003FDB0,DAT_8003FDB0,LIKELY,code_or_pointer,"[""0x8003F904""]",[],Static LUI/low-pair reference; pointer arithmetic/control flow can invalidate inferred value
D2KF.EXE,0x80040004,DAT_80040004,LIKELY,code_or_pointer,"[""0x80019960""]","[""0x800191B8"", ""0x800192DC""]",Static LUI/low-pair reference; pointer arithmetic/control flow can invalidate inferred value
D2KF.EXE,0x80040008,DAT_80040008,LIKELY,code_or_pointer,"[""0x80019970"", ""0x80023A6C""]","[""0x800192E8"", ""0x80023AA8""]",Static LUI/low-pair reference; pointer arithmetic/control flow can invalidate inferred value
D2KF.EXE,0x8004000C,DAT_8004000C,LIKELY,data_candidate,"[""0x80019980""]","[""0x800192F4""]",Static LUI/low-pair reference; pointer arithmetic/control flow can invalidate inferred value
D2KF.EXE,0x80040010,DAT_80040010,LIKELY,data_candidate,"[""0x80019990"", ""0x80023AC0""]","[""0x80019300"", ""0x80023B08""]",Static LUI/low-pair reference; pointer arithmetic/control flow can invalidate inferred value
D2KF.EXE,0x80040014,DAT_80040014,LIKELY,data_candidate,"[""0x8001999C"", ""0x80023B20""]","[""0x800191C0"", ""0x8001930C"", ""0x80023B64""]",Static LUI/low-pair reference; pointer arithmetic/control flow can invalidate inferred value
D2KF.EXE,0x80040018,DAT_80040018,LIKELY,code_or_pointer,"[""0x800199A8"", ""0x80023B7C""]","[""0x800191C8"", ""0x8001931C"", ""0x80023BBC""]",Static LUI/low-pair reference; pointer arithmetic/control flow can invalidate inferred value
D2KF.EXE,0x8004001C,DAT_8004001C,LIKELY,code_or_pointer,"[""0x800199BC"", ""0x80023BD4""]","[""0x80019328"", ""0x80023C14""]",Static LUI/low-pair reference; pointer arithmetic/control flow can invalidate inferred value
D2KF.EXE,0x80040020,DAT_80040020,LIKELY,code_or_pointer,"[""0x800199C8""]","[""0x80019334""]",Static LUI/low-pair reference; pointer arithmetic/control flow can invalidate inferred value
D2KF.EXE,0x80040024,DAT_80040024,LIKELY,code_or_pointer,"[""0x800199D8"", ""0x80023C78""]","[""0x80019340"", ""0x80023CB0""]",Static LUI/low-pair reference; pointer arithmetic/control flow can invalidate inferred value
D2KF.EXE,0x80040028,DAT_80040028,LIKELY,code_or_pointer,"[""0x800199E4"", ""0x80023CCC""]","[""0x8001934C"", ""0x80023CDC""]",Static LUI/low-pair reference; pointer arithmetic/control flow can invalidate inferred value
D2KF.EXE,0x8004002C,DAT_8004002C,LIKELY,code_or_pointer,"[""0x800199F4"", ""0x80023CF8""]","[""0x80019358"", ""0x80023D0C""]",Static LUI/low-pair reference; pointer arithmetic/control flow can invalidate inferred value
D2KF.EXE,0x80041000,DAT_80041000,LIKELY,code_or_pointer,"[""0x800191BC""]",[],Static LUI/low-pair reference; pointer arithmetic/control flow can invalidate inferred value
D2KF.EXE,0x80042768,DAT_80042768,LIKELY,code_or_pointer,"[""0x80042724"", ""0x80042B50"", ""0x80043488"", ""0x800436E0""]",[],Static LUI/low-pair reference; pointer arithmetic/control flow can invalidate inferred value
D2KF.EXE,0x80042AD0,DAT_80042AD0,LIKELY,code_or_pointer,"[""0x80042A8C"", ""0x80042E3C"", ""0x80043924"", ""0x80043C64"", ""0x80043E2C""]",[],Static LUI/low-pair reference; pointer arithmetic/control flow can invalidate inferred value
D2KF.EXE,0x80042FFC,DAT_80042FFC,LIKELY,code_or_pointer,"[""0x80042FB0"", ""0x800434E8""]",[],Static LUI/low-pair reference; pointer arithmetic/control flow can invalidate inferred value
D2KF.EXE,0x800431F0,DAT_800431F0,LIKELY,code_or_pointer,"[""0x800431A4"", ""0x80043740""]",[],Static LUI/low-pair reference; pointer arithmetic/control flow can invalidate inferred value
D2KF.EXE,0x80043444,DAT_80043444,LIKELY,code_or_pointer,"[""0x800433D8""]",[],Static LUI/low-pair reference; pointer arithmetic/control flow can invalidate inferred value
D2KF.EXE,0x8004369C,DAT_8004369C,LIKELY,code_or_pointer,"[""0x80043630""]",[],Static LUI/low-pair reference; pointer arithmetic/control flow can invalidate inferred value
D2KF.EXE,0x800440E0,DAT_800440E0,LIKELY,code_or_pointer,"[""0x800426A4""]",[],Static LUI/low-pair reference; pointer arithmetic/control flow can invalidate inferred value
D2KF.EXE,0x8004446C,DAT_8004446C,LIKELY,code_or_pointer,"[""0x800443C8""]",[],Static LUI/low-pair reference; pointer arithmetic/control flow can invalidate inferred value
D2KF.EXE,0x80044690,DAT_80044690,LIKELY,code_or_pointer,"[""0x80044784""]",[],Static LUI/low-pair reference; pointer arithmetic/control flow can invalidate inferred value
D2KF.EXE,0x800446A4,DAT_800446A4,LIKELY,code_or_pointer,"[""0x800447A0""]",[],Static LUI/low-pair reference; pointer arithmetic/control flow can invalidate inferred value
D2KF.EXE,0x800446B8,DAT_800446B8,LIKELY,code_or_pointer,"[""0x800447C4""]",[],Static LUI/low-pair reference; pointer arithmetic/control flow can invalidate inferred value
D2KF.EXE,0x800446CC,DAT_800446CC,LIKELY,code_or_pointer,"[""0x800447E8""]",[],Static LUI/low-pair reference; pointer arithmetic/control flow can invalidate inferred value
D2KF.EXE,0x800446E0,DAT_800446E0,LIKELY,code_or_pointer,"[""0x8004480C""]",[],Static LUI/low-pair reference; pointer arithmetic/control flow can invalidate inferred value
D2KF.EXE,0x800446F4,DAT_800446F4,LIKELY,code_or_pointer,"[""0x80044830""]",[],Static LUI/low-pair reference; pointer arithmetic/control flow can invalidate inferred value
D2KF.EXE,0x80044708,DAT_80044708,LIKELY,code_or_pointer,"[""0x80044854""]",[],Static LUI/low-pair reference; pointer arithmetic/control flow can invalidate inferred value
D2KF.EXE,0x8004471C,DAT_8004471C,LIKELY,code_or_pointer,"[""0x80044878""]",[],Static LUI/low-pair reference; pointer arithmetic/control flow can invalidate inferred value
D2KF.EXE,0x800450E4,DAT_800450E4,LIKELY,code_or_pointer,"[""0x80045058""]",[],Static LUI/low-pair reference; pointer arithmetic/control flow can invalidate inferred value
D2KF.EXE,0x8004514C,DAT_8004514C,LIKELY,code_or_pointer,"[""0x80045064""]",[],Static LUI/low-pair reference; pointer arithmetic/control flow can invalidate inferred value
D2KF.EXE,0x80045310,DAT_80045310,LIKELY,code_or_pointer,"[""0x800454B4""]",[],Static LUI/low-pair reference; pointer arithmetic/control flow can invalidate inferred value
D2KF.EXE,0x80045380,DAT_80045380,LIKELY,code_or_pointer,"[""0x800453F8"", ""0x800454BC""]",[],Static LUI/low-pair reference; pointer arithmetic/control flow can invalidate inferred value
D2KF.EXE,0x80045394,DAT_80045394,LIKELY,data_candidate,"[""0x80045400"", ""0x8004546C""]",[],Static LUI/low-pair reference; pointer arithmetic/control flow can invalidate inferred value
D2KF.EXE,0x800453A8,DAT_800453A8,LIKELY,code_or_pointer,"[""0x80045474""]",[],Static LUI/low-pair reference; pointer arithmetic/control flow can invalidate inferred value
D2KF.EXE,0x80045550,DAT_80045550,LIKELY,data_candidate,"[""0x80045508""]",[],Static LUI/low-pair reference; pointer arithmetic/control flow can invalidate inferred value
D2KF.EXE,0x8004555C,DAT_8004555C,LIKELY,data_candidate,"[""0x80045510""]",[],Static LUI/low-pair reference; pointer arithmetic/control flow can invalidate inferred value
D2KF.EXE,0x800458D0,DAT_800458D0,LIKELY,code_or_pointer,"[""0x8002ED54""]",[],Static LUI/low-pair reference; pointer arithmetic/control flow can invalidate inferred value
D2KF.EXE,0x800458D4,DAT_800458D4,LIKELY,code_or_pointer,"[""0x8002EDBC""]",[],Static LUI/low-pair reference; pointer arithmetic/control flow can invalidate inferred value
D2KF.EXE,0x8004592C,DAT_8004592C,LIKELY,code_or_pointer,"[""0x80019A7C""]",[],Static LUI/low-pair reference; pointer arithmetic/control flow can invalidate inferred value
D2KF.EXE,0x80045A04,DAT_80045A04,LIKELY,code_or_pointer,"[""0x8001EE34""]",[],Static LUI/low-pair reference; pointer arithmetic/control flow can invalidate inferred value
D2KF.EXE,0x80045ADC,DAT_80045ADC,LIKELY,code_or_pointer,"[""0x800192D8"", ""0x80019950"", ""0x80019954"", ""0x8001B260"", ""0x8001EDA0"", ""0x8001EF18"", ""0x80020A30"", ""0x80020C74"", ""0x80020DC8"", ""0x800212EC"", ""0x80021844"", ""0x80021858"", ""0x80021868"", ""0x80021880"", ""0x800218BC"", ""0x8002334C"", ""0x80023384"", ""0x8002359C"", ""0x800235C0"", ""0x800235E8"", ""0x80023610"", ""0x80023638"", ""0x80023660"", ""0x80023688"", ""0x800236B0"", ""0x800236D8"", ""0x80023884"", ""0x800238A8"", ""0x800238D0"", ""0x800238F8"", ""0x80023920"", ""0x80023948"", ""0x80023970"", ""0x80023998"", ""0x800239C0"", ""0x80023A1C"", ""0x80023A68"", ""0x80023ABC"", ""0x80023B1C"", ""0x80023B78"", ""0x80023BD0"", ""0x80023C24"", ""0x80023C74"", ""0x80023CC8"", ""0x80023CF4"", ""0x80023E3C"", ""0x800244DC""]","[""0x800192D0"", ""0x80020C84"", ""0x80020E04"", ""0x80021328"", ""0x800235AC"", ""0x80023894"", ""0x80023A54""]",Static LUI/low-pair reference; pointer arithmetic/control flow can invalidate inferred value
D2KF.EXE,0x80045AEC,DAT_80045AEC,LIKELY,code_or_pointer,"[""0x80024EC8"", ""0x80025550""]",[],Static LUI/low-pair reference; pointer arithmetic/control flow can invalidate inferred value
D2KF.EXE,0x80045B0C,DAT_80045B0C,LIKELY,code_or_pointer,"[""0x800191AC"", ""0x80019ED8"", ""0x80019F20"", ""0x8001A140"", ""0x8001A1DC"", ""0x8001A550"", ""0x8001A7D0"", ""0x8001A968"", ""0x8001AB0C"", ""0x8001AC60"", ""0x8001B0B8"", ""0x8001B100"", ""0x8001B300"", ""0x8001B5AC"", ""0x8001B74C"", ""0x8001B8DC"", ""0x8001BA6C"", ""0x8001BB9C"", ""0x8001BF08"", ""0x8001BF50"", ""0x8001C2C8"", ""0x8001C3D8"", ""0x8001C54C"", ""0x8001C5B0"", ""0x8001C6C8"", ""0x8001C700"", ""0x8001CA24"", ""0x8001CB38"", ""0x8001D014"", ""0x8001D054"", ""0x8001D378"", ""0x8001D760"", ""0x8001DEB8"", ""0x8001E080"", ""0x8001E984"", ""0x8001EA98"", ""0x8001F0CC"", ""0x8001FDF4"", ""0x800200E4"", ""0x80020A10"", ""0x80020A90"", ""0x8002177C"", ""0x80021FD8"", ""0x800221F8"", ""0x80022CFC"", ""0x80022DA4"", ""0x80022EE8"", ""0x80023318"", ""0x80024470"", ""0x80024CCC"", ""0x80024E70"", ""0x80025A74"", ""0x80025AB4"", ""0x800262EC"", ""0x8002640C"", ""0x80026550"", ""0x80026C04"", ""0x80026F4C"", ""0x8002739C"", ""0x80027458"", ""0x80027A7C"", ""0x80027F44"", ""0x80028058"", ""0x80028334"", ""0x80028F68"", ""0x80028FBC"", ""0x800292B0"", ""0x800297A0"", ""0x80029B2C"", ""0x80029ED4"", ""0x80029FCC"", ""0x8002A388"", ""0x8002A550"", ""0x8002ABEC""]","[""0x800191A8""]",Static LUI/low-pair reference; pointer arithmetic/control flow can invalidate inferred value
D2KF.EXE,0x80045B34,DAT_80045B34,LIKELY,code_or_pointer,"[""0x800191B4""]",[],Static LUI/low-pair reference; pointer arithmetic/control flow can invalidate inferred value
D2KF.EXE,0x80047B34,DAT_80047B34,LIKELY,code_or_pointer,"[""0x80019F34"", ""0x8001B114"", ""0x8001BF64"", ""0x8001C5C4"", ""0x8001C718"", ""0x8001CB50"", ""0x8001D068"", ""0x8001E094"", ""0x80020AA4"", ""0x80022DB8"", ""0x8002332C"", ""0x80025AC8"", ""0x80027A90"", ""0x80028FD0""]",[],Static LUI/low-pair reference; pointer arithmetic/control flow can invalidate inferred value
D2KF.EXE,0x8005BB34,DAT_8005BB34,LIKELY,code_or_pointer,"[""0x80028914"", ""0x800294E8""]",[],Static LUI/low-pair reference; pointer arithmetic/control flow can invalidate inferred value
D2KF.EXE,0x8005BC0C,DAT_8005BC0C,LIKELY,code_or_pointer,"[""0x800285BC"", ""0x800286B0"", ""0x8002871C"", ""0x8002878C"", ""0x80028830"", ""0x80028858"", ""0x800288AC"", ""0x800288D4"", ""0x80028A1C"", ""0x80028B10"", ""0x80028B5C"", ""0x80028C48"", ""0x80028CA8"", ""0x80028D00"", ""0x80028DA8"", ""0x80028E08"", ""0x80029E44""]",[],Static LUI/low-pair reference; pointer arithmetic/control flow can invalidate inferred value
D2KF.EXE,0x8005BC78,DAT_8005BC78,LIKELY,code_or_pointer,"[""0x800285B4"", ""0x80028A10"", ""0x80028ABC"", ""0x80028B50"", ""0x80028C30"", ""0x80028C90"", ""0x80028CE8"", ""0x80028D48"", ""0x80028D90"", ""0x80028DF0""]",[],Static LUI/low-pair reference; pointer arithmetic/control flow can invalidate inferred value
D2KF.EXE,0x8005BCE4,DAT_8005BCE4,LIKELY,code_or_pointer,"[""0x8001E7BC"", ""0x8001EBDC"", ""0x8001ECF4"", ""0x8001EE80"", ""0x8001EFA0"", ""0x8001FBCC"", ""0x8001FCBC"", ""0x8001FD10"", ""0x8001FD64"", ""0x8001FF88"", ""0x8001FFE4"", ""0x8001FFEC"", ""0x8001FFFC"", ""0x80020094""]","[""0x8001EB7C""]",Static LUI/low-pair reference; pointer arithmetic/control flow can invalidate inferred value
D2KF.EXE,0x8005BD10,DAT_8005BD10,LIKELY,code_or_pointer,"[""0x8001ECE8"", ""0x8001EE54"", ""0x8001EF34""]",[],Static LUI/low-pair reference; pointer arithmetic/control flow can invalidate inferred value
D2KF.EXE,0x8005BDE8,DAT_8005BDE8,LIKELY,code_or_pointer,"[""0x8001EDAC""]",[],Static LUI/low-pair reference; pointer arithmetic/control flow can invalidate inferred value
D2KF.EXE,0x8005CB54,DAT_8005CB54,LIKELY,code_or_pointer,"[""0x8001E2A4"", ""0x8001F650"", ""0x8001F944"", ""0x8002E2A8""]",[],Static LUI/low-pair reference; pointer arithmetic/control flow can invalidate inferred value
D2KF.EXE,0x8005CB56,DAT_8005CB56,LIKELY,code_or_pointer,"[""0x80019F6C"", ""0x8001A3CC"", ""0x80022DEC"", ""0x80029010""]",[],Static LUI/low-pair reference; pointer arithmetic/control flow can invalidate inferred value
D2KF.EXE,0x8005CB64,DAT_8005CB64,LIKELY,code_or_pointer,"[""0x8002A2BC"", ""0x8002A2CC"", ""0x8002A2E4"", ""0x8002A2F8"", ""0x8002A310"", ""0x8002A320"", ""0x8002A33C"", ""0x8002A350"", ""0x8002A5E8"", ""0x8002E318""]",[],Static LUI/low-pair reference; pointer arithmetic/control flow can invalidate inferred value
D2KF.EXE,0x8005CB6B,DAT_8005CB6B,LIKELY,code_or_pointer,"[""0x800212A8"", ""0x80023F68"", ""0x80027D5C"", ""0x80029610""]",[],Static LUI/low-pair reference; pointer arithmetic/control flow can invalidate inferred value
D2KF.EXE,0x8005CB84,DAT_8005CB84,LIKELY,code_or_pointer,"[""0x8001E524"", ""0x8001F68C"", ""0x8001F984"", ""0x800290D4"", ""0x8002E3B0"", ""0x8002E468""]",[],Static LUI/low-pair reference; pointer arithmetic/control flow can invalidate inferred value
D2KF.EXE,0x8005CB88,DAT_8005CB88,LIKELY,code_or_pointer,"[""0x8001C04C""]",[],Static LUI/low-pair reference; pointer arithmetic/control flow can invalidate inferred value
D2KF.EXE,0x8005CB8A,DAT_8005CB8A,LIKELY,code_or_pointer,"[""0x8001A420"", ""0x80022E20"", ""0x80023798""]",[],Static LUI/low-pair reference; pointer arithmetic/control flow can invalidate inferred value
D2KF.EXE,0x8005CB9C,DAT_8005CB9C,LIKELY,code_or_pointer,"[""0x80027C70"", ""0x8002E330"", ""0x8002E680""]",[],Static LUI/low-pair reference; pointer arithmetic/control flow can invalidate inferred value
D2KF.EXE,0x8005CBC4,DAT_8005CBC4,LIKELY,code_or_pointer,"[""0x8002E3C4"", ""0x8002E9E8""]",[],Static LUI/low-pair reference; pointer arithmetic/control flow can invalidate inferred value
D2KF.EXE,0x8005CBE4,DAT_8005CBE4,LIKELY,code_or_pointer,"[""0x8002ED2C"", ""0x8002ED9C""]","[""0x8002ED4C""]",Static LUI/low-pair reference; pointer arithmetic/control flow can invalidate inferred value
D2KF.EXE,0x8005CBE8,DAT_8005CBE8,LIKELY,code_or_pointer,"[""0x8002EC90""]",[],Static LUI/low-pair reference; pointer arithmetic/control flow can invalidate inferred value
D2KF.EXE,0x8005CBEC,DAT_8005CBEC,LIKELY,code_or_pointer,"[""0x8002EC68""]",[],Static LUI/low-pair reference; pointer arithmetic/control flow can invalidate inferred value
D2KF.EXE,0x8005CBF0,DAT_8005CBF0,LIKELY,code_or_pointer,[],"[""0x8002ECB0""]",Static LUI/low-pair reference; pointer arithmetic/control flow can invalidate inferred value
D2KF.EXE,0x8005CBF4,DAT_8005CBF4,LIKELY,code_or_pointer,[],"[""0x8002ECA4""]",Static LUI/low-pair reference; pointer arithmetic/control flow can invalidate inferred value
D2KF.EXE,0x8005CC10,DAT_8005CC10,LIKELY,code_or_pointer,"[""0x8001D324"", ""0x8001D504"", ""0x800285CC"", ""0x80028680"", ""0x80028A08"", ""0x80028AA4"", ""0x80028B38"", ""0x80028C04"", ""0x80028CBC"", ""0x80028D64"", ""0x80029024"", ""0x800290EC"", ""0x80029150"", ""0x80029808"", ""0x800298B0""]",[],Static LUI/low-pair reference; pointer arithmetic/control flow can invalidate inferred value
D2KF.EXE,0x8005CD14,DAT_8005CD14,LIKELY,code_or_pointer,"[""0x8001DBA8"", ""0x8001DBE8""]",[],Static LUI/low-pair reference; pointer arithmetic/control flow can invalidate inferred value
D2KF.EXE,0x8005EA88,DAT_8005EA88,LIKELY,code_or_pointer,"[""0x8001C5F0""]",[],Static LUI/low-pair reference; pointer arithmetic/control flow can invalidate inferred value
D2KF.EXE,0x8005FFD8,DAT_8005FFD8,LIKELY,code_or_pointer,"[""0x8003441C"", ""0x800349BC"", ""0x800349DC"", ""0x80034BBC""]",[],Static LUI/low-pair reference; pointer arithmetic/control flow can invalidate inferred value
D2KF.EXE,0x8005FFF8,DAT_8005FFF8,LIKELY,code_or_pointer,"[""0x80038C7C"", ""0x8003B2D4""]",[],Static LUI/low-pair reference; pointer arithmetic/control flow can invalidate inferred value
D2KF.EXE,0x8005FFFC,DAT_8005FFFC,LIKELY,code_or_pointer,"[""0x800367B4""]",[],Static LUI/low-pair reference; pointer arithmetic/control flow can invalidate inferred value
D2KF.EXE,0x8005FFFF,DAT_8005FFFF,LIKELY,code_or_pointer,"[""0x80033904""]",[],Static LUI/low-pair reference; pointer arithmetic/control flow can invalidate inferred value
D2KF.EXE,0x80060000,DAT_80060000,LIKELY,code_or_pointer,"[""0x80030EC4"", ""0x800310C0"", ""0x80032ED4"", ""0x800330C0"", ""0x80034414"", ""0x800344E4"", ""0x8003452C"", ""0x8003454C"", ""0x8003487C"", ""0x800349B4"", ""0x800349D4"", ""0x80034A44"", ""0x80034B2C"", ""0x80034BB4"", ""0x80036748"", ""0x80036830"", ""0x8003695C"", ""0x80036B38"", ""0x80036BD8"", ""0x80038698"", ""0x80038700"", ""0x800387AC"", ""0x8003880C"", ""0x8003890C"", ""0x80038F0C"", ""0x80038FD4"", ""0x800390DC"", ""0x800392A8"", ""0x8003AAD8"", ""0x8003AE24"", ""0x8003D36C"", ""0x80042280"", ""0x800422BC"", ""0x800422C8"", ""0x80042594""]","[""0x80030ED8"", ""0x800324BC"", ""0x80032528"", ""0x80032570"", ""0x80032718"", ""0x80032E1C"", ""0x80033230"", ""0x800334B8"", ""0x80034C10"", ""0x800367C0"", ""0x80036974"", ""0x8003869C"", ""0x80038C74"", ""0x80038D58"", ""0x80038E04"", ""0x8003AE34"", ""0x8003B2B8"", ""0x8003D38C"", ""0x8003F85C"", ""0x80042360"", ""0x800425C4""]",Static LUI/low-pair reference; pointer arithmetic/control flow can invalidate inferred value
D2KF.EXE,0x80060001,DAT_80060001,LIKELY,code_or_pointer,"[""0x80032710"", ""0x80032800"", ""0x80032A80"", ""0x800386FC"", ""0x8003A6A8""]","[""0x80032620"", ""0x80032698"", ""0x8003270C"", ""0x80033220"", ""0x800334A8""]",Static LUI/low-pair reference; pointer arithmetic/control flow can invalidate inferred value
D2KF.EXE,0x80060002,DAT_80060002,LIKELY,code_or_pointer,"[""0x8001E2A8"", ""0x8001F654"", ""0x8001F948"", ""0x80032690"", ""0x80032A84"", ""0x80033218"", ""0x800334A0""]","[""0x8003268C"", ""0x80033214"", ""0x8003349C""]",Static LUI/low-pair reference; pointer arithmetic/control flow can invalidate inferred value
D2KF.EXE,0x80060004,DAT_80060004,LIKELY,code_or_pointer,"[""0x800310C4"", ""0x800422CC""]","[""0x80034C08"", ""0x80038C70"", ""0x8003B2B4"", ""0x8003F860"", ""0x800425C8""]",Static LUI/low-pair reference; pointer arithmetic/control flow can invalidate inferred value
D2KF.EXE,0x80060006,DAT_80060006,LIKELY,code_or_pointer,"[""0x8001E528"", ""0x8001F690"", ""0x8001F988"", ""0x800290D8""]","[""0x8003F864""]",Static LUI/low-pair reference; pointer arithmetic/control flow can invalidate inferred value
D2KF.EXE,0x80060008,DAT_80060008,LIKELY,code_or_pointer,"[""0x800310C8"", ""0x80034530"", ""0x80034550"", ""0x800346C0"", ""0x80034CC0"", ""0x800422D0""]","[""0x800346CC"", ""0x80038C80"", ""0x8003A6B4"", ""0x8003B2C4"", ""0x8003F868"", ""0x800425CC""]",Static LUI/low-pair reference; pointer arithmetic/control flow can invalidate inferred value
D2KF.EXE,0x8006000C,DAT_8006000C,LIKELY,code_or_pointer,"[""0x80034B88"", ""0x80034BF8"", ""0x800422D4""]","[""0x80034B84"", ""0x80034C04"", ""0x8003F86C"", ""0x800425D0""]",Static LUI/low-pair reference; pointer arithmetic/control flow can invalidate inferred value
D2KF.EXE,0x80060010,DAT_80060010,LIKELY,code_or_pointer,"[""0x800346BC"", ""0x800422D8""]","[""0x80034BEC"", ""0x800425D4""]",Static LUI/low-pair reference; pointer arithmetic/control flow can invalidate inferred value
D2KF.EXE,0x80060014,DAT_80060014,LIKELY,code_or_pointer,"[""0x800345B0"", ""0x800346D0"", ""0x800346F0"", ""0x8003481C"", ""0x800348C4"", ""0x800422DC""]","[""0x800346DC"", ""0x80034818"", ""0x800348C0"", ""0x80034990"", ""0x800425D8""]",Static LUI/low-pair reference; pointer arithmetic/control flow can invalidate inferred value
D2KF.EXE,0x80060018,DAT_80060018,LIKELY,code_or_pointer,"[""0x800422E0""]","[""0x800345AC"", ""0x800425DC""]",Static LUI/low-pair reference; pointer arithmetic/control flow can invalidate inferred value
D2KF.EXE,0x8006001C,DAT_8006001C,LIKELY,code_or_pointer,"[""0x800422E4""]","[""0x80034810"", ""0x800425E0""]",Static LUI/low-pair reference; pointer arithmetic/control flow can invalidate inferred value
D2KF.EXE,0x80060020,DAT_80060020,LIKELY,code_or_pointer,"[""0x800346E0"", ""0x800422E8""]","[""0x800346EC"", ""0x800348F4"", ""0x800425E4""]",Static LUI/low-pair reference; pointer arithmetic/control flow can invalidate inferred value
D2KF.EXE,0x80060024,DAT_80060024,LIKELY,code_or_pointer,"[""0x80034994""]",[],Static LUI/low-pair reference; pointer arithmetic/control flow can invalidate inferred value
D2KF.EXE,0x80060034,DAT_80060034,LIKELY,code_or_pointer,[],"[""0x80034458""]",Static LUI/low-pair reference; pointer arithmetic/control flow can invalidate inferred value
D2KF.EXE,0x800600D8,DAT_800600D8,LIKELY,code_or_pointer,"[""0x8001EF3C""]",[],Static LUI/low-pair reference; pointer arithmetic/control flow can invalidate inferred value
D2KF.EXE,0x80060FDC,DAT_80060FDC,LIKELY,code_or_pointer,"[""0x800367B8""]",[],Static LUI/low-pair reference; pointer arithmetic/control flow can invalidate inferred value
D2KF.EXE,0x800617C8,DAT_800617C8,LIKELY,code_or_pointer,"[""0x8002FC1C""]",[],Static LUI/low-pair reference; pointer arithmetic/control flow can invalidate inferred value
D2KF.EXE,0x80061900,DAT_80061900,LIKELY,code_or_pointer,"[""0x80030E3C"", ""0x80030E78"", ""0x80030F74"", ""0x80030FB0""]","[""0x80030E2C"", ""0x80030E88"", ""0x80030F64"", ""0x80030FC0""]",Static LUI/low-pair reference; pointer arithmetic/control flow can invalidate inferred value
D2KF.EXE,0x80061904,DAT_80061904,LIKELY,code_or_pointer,"[""0x80030E90"", ""0x80030EC0"", ""0x80030EF0"", ""0x80030FC8"", ""0x80030FF8"", ""0x80031018""]","[""0x80030EB8"", ""0x80030F14"", ""0x80030FF0"", ""0x80031010"", ""0x8003103C""]",Static LUI/low-pair reference; pointer arithmetic/control flow can invalidate inferred value
D2KF.EXE,0x80061910,DAT_80061910,LIKELY,code_or_pointer,"[""0x800310BC""]",[],Static LUI/low-pair reference; pointer arithmetic/control flow can invalidate inferred value
D2KF.EXE,0x80061930,DAT_80061930,LIKELY,code_or_pointer,"[""0x80034668"", ""0x8003474C"", ""0x80034DA4""]","[""0x800319C0"", ""0x80034DB0""]",Static LUI/low-pair reference; pointer arithmetic/control flow can invalidate inferred value
D2KF.EXE,0x80061934,DAT_80061934,LIKELY,code_or_pointer,"[""0x80034488"", ""0x80034510"", ""0x8003462C"", ""0x80034710"", ""0x800347A4"", ""0x800348FC"", ""0x80034964"", ""0x80034A54"", ""0x80034C24"", ""0x80034DB8""]","[""0x800319CC"", ""0x80034DC4""]",Static LUI/low-pair reference; pointer arithmetic/control flow can invalidate inferred value
D2KF.EXE,0x80061940,DAT_80061940,LIKELY,code_or_pointer,"[""0x80031C9C"", ""0x80031DD8"", ""0x80031F14""]",[],Static LUI/low-pair reference; pointer arithmetic/control flow can invalidate inferred value
D2KF.EXE,0x800619C8,DAT_800619C8,LIKELY,code_or_pointer,"[""0x80031C48"", ""0x80031CA8"", ""0x80031DE4"", ""0x80031F20"", ""0x80032964"", ""0x80032BE4"", ""0x80033040"", ""0x8003395C""]","[""0x800319A0"", ""0x80031C54"", ""0x80031CD0"", ""0x80031D3C"", ""0x80031D6C"", ""0x80031E10"", ""0x80031E70"", ""0x80031EA0"", ""0x80031F44"", ""0x80031FA4"", ""0x80031FD4"", ""0x80033360"", ""0x800333E0""]",Static LUI/low-pair reference; pointer arithmetic/control flow can invalidate inferred value
D2KF.EXE,0x800619CC,DAT_800619CC,LIKELY,code_or_pointer,"[""0x80031C5C"", ""0x80032934"", ""0x80032BB4"", ""0x80033010"", ""0x8003392C""]","[""0x800319B0"", ""0x80031C68"", ""0x80033358"", ""0x800333D8""]",Static LUI/low-pair reference; pointer arithmetic/control flow can invalidate inferred value
D2KF.EXE,0x800619D0,DAT_800619D0,LIKELY,code_or_pointer,"[""0x80031B8C"", ""0x80032418"", ""0x80032438"", ""0x80032CF8"", ""0x80032D84"", ""0x80033B28"", ""0x80033B64"", ""0x80033B94"", ""0x80033BBC"", ""0x80033C24"", ""0x80033C9C"", ""0x80033D58"", ""0x80033D98"", ""0x80033DEC"", ""0x80033E18"", ""0x80033EEC"", ""0x80033F78"", ""0x800340E8"", ""0x80034110"", ""0x80034204"", ""0x800342BC""]","[""0x80031B98""]",Static LUI/low-pair reference; pointer arithmetic/control flow can invalidate inferred value
D2KF.EXE,0x800619D4,DAT_800619D4,LIKELY,code_or_pointer,"[""0x80031AC4"", ""0x80031CE4"", ""0x80031E18"", ""0x80031F4C"", ""0x800323A4"", ""0x80032454"", ""0x800334E8""]","[""0x800323F8"", ""0x80033374"", ""0x800333F4""]",Static LUI/low-pair reference; pointer arithmetic/control flow can invalidate inferred value
D2KF.EXE,0x800619D8,DAT_800619D8,LIKELY,code_or_pointer,"[""0x8003245C""]","[""0x80032400"", ""0x80033368"", ""0x800333E8""]",Static LUI/low-pair reference; pointer arithmetic/control flow can invalidate inferred value
D2KF.EXE,0x800619DC,DAT_800619DC,LIKELY,code_or_pointer,"[""0x800323D0"", ""0x80033A1C"", ""0x80033A64""]","[""0x800323E0""]",Static LUI/low-pair reference; pointer arithmetic/control flow can invalidate inferred value
D2KF.EXE,0x800619E0,DAT_800619E0,LIKELY,code_or_pointer,"[""0x80031AF8""]",[],Static LUI/low-pair reference; pointer arithmetic/control flow can invalidate inferred value
D2KF.EXE,0x800619E4,DAT_800619E4,LIKELY,code_or_pointer,"[""0x80031AD4""]","[""0x80032E0C"", ""0x800333D0""]",Static LUI/low-pair reference; pointer arithmetic/control flow can invalidate inferred value
D2KF.EXE,0x800619E5,DAT_800619E5,LIKELY,code_or_pointer,"[""0x80031AE4"", ""0x8003237C"", ""0x8003244C"", ""0x800324FC"", ""0x800328A8"", ""0x80032B28"", ""0x80032F84"", ""0x80033654""]","[""0x80032EA0"", ""0x800333C8""]",Static LUI/low-pair reference; pointer arithmetic/control flow can invalidate inferred value
D2KF.EXE,0x800619E8,DAT_800619E8,LIKELY,code_or_pointer,"[""0x80034EF4""]",[],Static LUI/low-pair reference; pointer arithmetic/control flow can invalidate inferred value
D2KF.EXE,0x800619EC,DAT_800619EC,LIKELY,code_or_pointer,"[""0x800327EC"", ""0x80032A6C"", ""0x80032EF4"", ""0x800335A8""]",[],Static LUI/low-pair reference; pointer arithmetic/control flow can invalidate inferred value
D2KF.EXE,0x80061A6C,DAT_80061A6C,LIKELY,code_or_pointer,"[""0x800327F4"", ""0x80032A74"", ""0x80032EFC"", ""0x800335B8""]",[],Static LUI/low-pair reference; pointer arithmetic/control flow can invalidate inferred value
D2KF.EXE,0x80061B0C,DAT_80061B0C,LIKELY,code_or_pointer,"[""0x80032E34""]",[],Static LUI/low-pair reference; pointer arithmetic/control flow can invalidate inferred value
D2KF.EXE,0x80061C70,DAT_80061C70,LIKELY,code_or_pointer,[],"[""0x800338D4""]",Static LUI/low-pair reference; pointer arithmetic/control flow can invalidate inferred value
D2KF.EXE,0x80061C8C,DAT_80061C8C,LIKELY,code_or_pointer,"[""0x80032258"", ""0x800322D0"", ""0x8003233C"", ""0x80032658"", ""0x80032900"", ""0x80032990"", ""0x80032B80"", ""0x80032C10"", ""0x80032E40"", ""0x80032FDC"", ""0x8003306C"", ""0x80033104"", ""0x8003313C"", ""0x8003318C"", ""0x800331C0"", ""0x80033228"", ""0x800332B0"", ""0x800332FC"", ""0x8003340C"", ""0x80033440"", ""0x800334B0"", ""0x800336E4"", ""0x80033764"", ""0x800337E4"", ""0x80033864"", ""0x800338DC"", ""0x80033988""]",[],Static LUI/low-pair reference; pointer arithmetic/control flow can invalidate inferred value
D2KF.EXE,0x80061C90,DAT_80061C90,LIKELY,code_or_pointer,"[""0x800322F0"", ""0x80032E98"", ""0x8003314C"", ""0x8003330C""]",[],Static LUI/low-pair reference; pointer arithmetic/control flow can invalidate inferred value
D2KF.EXE,0x80061C94,DAT_80061C94,LIKELY,code_or_pointer,"[""0x8003235C"", ""0x80032E70"", ""0x80033114"", ""0x80033160"", ""0x800331E0"", ""0x800332D4"", ""0x80033320"", ""0x80033460""]",[],Static LUI/low-pair reference; pointer arithmetic/control flow can invalidate inferred value
D2KF.EXE,0x80061C98,DAT_80061C98,LIKELY,code_or_pointer,"[""0x80032274"", ""0x8003234C"", ""0x80032668"", ""0x80033128"", ""0x80033174"", ""0x8003319C"", ""0x800331D0"", ""0x800331F0"", ""0x8003323C"", ""0x800332E8"", ""0x80033334"", ""0x8003341C"", ""0x80033450"", ""0x80033470"", ""0x800334C4"", ""0x800336F4"", ""0x800337F4""]",[],Static LUI/low-pair reference; pointer arithmetic/control flow can invalidate inferred value
D2KF.EXE,0x80061C9C,DAT_80061C9C,LIKELY,code_or_pointer,"[""0x8003324C"", ""0x800334D4"", ""0x80033714"", ""0x800337CC"", ""0x80033814""]",[],Static LUI/low-pair reference; pointer arithmetic/control flow can invalidate inferred value
D2KF.EXE,0x80061CA0,DAT_80061CA0,LIKELY,code_or_pointer,"[""0x80033260"", ""0x80033294""]",[],Static LUI/low-pair reference; pointer arithmetic/control flow can invalidate inferred value
D2KF.EXE,0x80061CA4,DAT_80061CA4,LIKELY,code_or_pointer,"[""0x800324B8"", ""0x80032524"", ""0x80032568"", ""0x8003261C"", ""0x80032684"", ""0x80032704"", ""0x800327FC"", ""0x80032A7C"", ""0x80032E14"", ""0x80032EC0"", ""0x800330BC"", ""0x80033210"", ""0x80033498"", ""0x800335B0""]","[""0x800325BC""]",Static LUI/low-pair reference; pointer arithmetic/control flow can invalidate inferred value
D2KF.EXE,0x80061CA5,DAT_80061CA5,LIKELY,code_or_pointer,"[""0x800338EC""]",[],Static LUI/low-pair reference; pointer arithmetic/control flow can invalidate inferred value
D2KF.EXE,0x80061CA8,DAT_80061CA8,LIKELY,code_or_pointer,"[""0x800333C0""]",[],Static LUI/low-pair reference; pointer arithmetic/control flow can invalidate inferred value
D2KF.EXE,0x80061CC0,DAT_80061CC0,LIKELY,code_or_pointer,"[""0x80033704"", ""0x80033804""]",[],Static LUI/low-pair reference; pointer arithmetic/control flow can invalidate inferred value
D2KF.EXE,0x80061CC4,DAT_80061CC4,LIKELY,code_or_pointer,"[""0x80033724"", ""0x80033824""]",[],Static LUI/low-pair reference; pointer arithmetic/control flow can invalidate inferred value
D2KF.EXE,0x80061CC8,DAT_80061CC8,LIKELY,code_or_pointer,"[""0x80033740"", ""0x80033840""]",[],Static LUI/low-pair reference; pointer arithmetic/control flow can invalidate inferred value
D2KF.EXE,0x80061CCC,DAT_80061CCC,LIKELY,code_or_pointer,"[""0x80033754"", ""0x80033854""]",[],Static LUI/low-pair reference; pointer arithmetic/control flow can invalidate inferred value
D2KF.EXE,0x80061CD0,DAT_80061CD0,LIKELY,code_or_pointer,"[""0x8003369C"", ""0x80033784"", ""0x80033794"", ""0x8003389C"", ""0x800338AC""]",[],Static LUI/low-pair reference; pointer arithmetic/control flow can invalidate inferred value
D2KF.EXE,0x80061CF0,DAT_80061CF0,LIKELY,code_or_pointer,"[""0x80034074""]","[""0x80033F80"", ""0x80034294""]",Static LUI/low-pair reference; pointer arithmetic/control flow can invalidate inferred value
D2KF.EXE,0x80061CF4,DAT_80061CF4,LIKELY,code_or_pointer,"[""0x80033A14""]","[""0x80033A6C""]",Static LUI/low-pair reference; pointer arithmetic/control flow can invalidate inferred value
D2KF.EXE,0x80061D00,DAT_80061D00,LIKELY,code_or_pointer,"[""0x80034444"", ""0x800345A8"", ""0x800346B4"", ""0x8003480C"", ""0x800348B8"", ""0x800348EC"", ""0x8003498C"", ""0x80034B80"", ""0x80034BE8"", ""0x80034BF4""]",[],Static LUI/low-pair reference; pointer arithmetic/control flow can invalidate inferred value
D2KF.EXE,0x80061D08,DAT_80061D08,LIKELY,code_or_pointer,"[""0x80034528"", ""0x80034548""]",[],Static LUI/low-pair reference; pointer arithmetic/control flow can invalidate inferred value
D2KF.EXE,0x80061D0C,DAT_80061D0C,LIKELY,code_or_pointer,"[""0x80034878""]",[],Static LUI/low-pair reference; pointer arithmetic/control flow can invalidate inferred value
D2KF.EXE,0x80061D1C,DAT_80061D1C,LIKELY,code_or_pointer,"[""0x80034CB8""]",[],Static LUI/low-pair reference; pointer arithmetic/control flow can invalidate inferred value
D2KF.EXE,0x80061D20,DAT_80061D20,LIKELY,code_or_pointer,"[""0x800344E0""]",[],Static LUI/low-pair reference; pointer arithmetic/control flow can invalidate inferred value
D2KF.EXE,0x80061D24,DAT_80061D24,LIKELY,code_or_pointer,"[""0x80034B1C""]",[],Static LUI/low-pair reference; pointer arithmetic/control flow can invalidate inferred value
D2KF.EXE,0x80061D28,DAT_80061D28,LIKELY,code_or_pointer,"[""0x8003440C"", ""0x800349B0"", ""0x800349D0"", ""0x80034BB0""]",[],Static LUI/low-pair reference; pointer arithmetic/control flow can invalidate inferred value
D2KF.EXE,0x80061D2C,DAT_80061D2C,LIKELY,code_or_pointer,"[""0x80034A40""]",[],Static LUI/low-pair reference; pointer arithmetic/control flow can invalidate inferred value
D2KF.EXE,0x80061D50,DAT_80061D50,LIKELY,code_or_pointer,"[""0x80034F30""]",[],Static LUI/low-pair reference; pointer arithmetic/control flow can invalidate inferred value
D2KF.EXE,0x80061D5C,DAT_80061D5C,LIKELY,code_or_pointer,"[""0x80034F40""]",[],Static LUI/low-pair reference; pointer arithmetic/control flow can invalidate inferred value
D2KF.EXE,0x80061DC0,DAT_80061DC0,LIKELY,code_or_pointer,"[""0x800353E8"", ""0x80035408"", ""0x80035D38""]",[],Static LUI/low-pair reference; pointer arithmetic/control flow can invalidate inferred value
D2KF.EXE,0x80061DC8,DAT_80061DC8,LIKELY,code_or_pointer,"[""0x80035460"", ""0x80035488""]",[],Static LUI/low-pair reference; pointer arithmetic/control flow can invalidate inferred value
D2KF.EXE,0x80061DCC,DAT_80061DCC,LIKELY,code_or_pointer,"[""0x800353F8"", ""0x80035418""]",[],Static LUI/low-pair reference; pointer arithmetic/control flow can invalidate inferred value
D2KF.EXE,0x80061DD0,DAT_80061DD0,LIKELY,code_or_pointer,"[""0x80035428"", ""0x80035554"", ""0x800359EC"", ""0x80035A1C""]",[],Static LUI/low-pair reference; pointer arithmetic/control flow can invalidate inferred value
D2KF.EXE,0x80061DD4,DAT_80061DD4,LIKELY,code_or_pointer,"[""0x80035438"", ""0x80035574"", ""0x800359FC"", ""0x80035B64""]",[],Static LUI/low-pair reference; pointer arithmetic/control flow can invalidate inferred value
D2KF.EXE,0x80061DD8,DAT_80061DD8,LIKELY,code_or_pointer,"[""0x80035D10""]",[],Static LUI/low-pair reference; pointer arithmetic/control flow can invalidate inferred value
D2KF.EXE,0x80061DDC,DAT_80061DDC,LIKELY,code_or_pointer,"[""0x80035C80"", ""0x80035CBC"", ""0x80035CD8""]",[],Static LUI/low-pair reference; pointer arithmetic/control flow can invalidate inferred value
D2KF.EXE,0x80061DE0,DAT_80061DE0,LIKELY,code_or_pointer,"[""0x800352E0""]",[],Static LUI/low-pair reference; pointer arithmetic/control flow can invalidate inferred value
D2KF.EXE,0x80061DF0,DAT_80061DF0,LIKELY,code_or_pointer,"[""0x8003550C""]",[],Static LUI/low-pair reference; pointer arithmetic/control flow can invalidate inferred value
D2KF.EXE,0x80061E08,DAT_80061E08,LIKELY,code_or_pointer,[],"[""0x80035330"", ""0x80035374"", ""0x800353E0"", ""0x8003566C"", ""0x80035730"", ""0x8003581C"", ""0x800358C0"", ""0x8003591C"", ""0x80035984""]",Static LUI/low-pair reference; pointer arithmetic/control flow can invalidate inferred value
D2KF.EXE,0x80061E18,DAT_80061E18,LIKELY,code_or_pointer,"[""0x80036384"", ""0x8003643C"", ""0x80036470""]",[],Static LUI/low-pair reference; pointer arithmetic/control flow can invalidate inferred value
D2KF.EXE,0x80061E1C,DAT_80061E1C,LIKELY,code_or_pointer,"[""0x8003638C"", ""0x800364B0""]",[],Static LUI/low-pair reference; pointer arithmetic/control flow can invalidate inferred value
D2KF.EXE,0x80061E20,DAT_80061E20,LIKELY,code_or_pointer,"[""0x800363CC"", ""0x800364CC""]","[""0x800364C4""]",Static LUI/low-pair reference; pointer arithmetic/control flow can invalidate inferred value
D2KF.EXE,0x80061E24,DAT_80061E24,LIKELY,code_or_pointer,"[""0x80036408"", ""0x80036420""]","[""0x800364B8""]",Static LUI/low-pair reference; pointer arithmetic/control flow can invalidate inferred value
D2KF.EXE,0x80061E88,DAT_80061E88,LIKELY,code_or_pointer,"[""0x80036740"", ""0x80036818"", ""0x80036B30"", ""0x80036BD0""]",[],Static LUI/low-pair reference; pointer arithmetic/control flow can invalidate inferred value
D2KF.EXE,0x80061E8A,DAT_80061E8A,LIKELY,code_or_pointer,"[""0x800366F8""]","[""0x800369B8""]",Static LUI/low-pair reference; pointer arithmetic/control flow can invalidate inferred value
D2KF.EXE,0x80061E8C,DAT_80061E8C,LIKELY,code_or_pointer,"[""0x800369F4""]",[],Static LUI/low-pair reference; pointer arithmetic/control flow can invalidate inferred value
D2KF.EXE,0x80061EB8,DAT_80061EB8,LIKELY,code_or_pointer,"[""0x80036908""]",[],Static LUI/low-pair reference; pointer arithmetic/control flow can invalidate inferred value
D2KF.EXE,0x80061EC4,DAT_80061EC4,LIKELY,code_or_pointer,"[""0x800367B0""]",[],Static LUI/low-pair reference; pointer arithmetic/control flow can invalidate inferred value
D2KF.EXE,0x80062F10,DAT_80062F10,LIKELY,code_or_pointer,"[""0x800365A4"", ""0x800365D4"", ""0x80036604"", ""0x80036638"", ""0x80036668"", ""0x80036698"", ""0x800366C8"", ""0x800367D4"", ""0x800367E4""]",[],Static LUI/low-pair reference; pointer arithmetic/control flow can invalidate inferred value
D2KF.EXE,0x80062F14,DAT_80062F14,LIKELY,code_or_pointer,"[""0x8003675C"", ""0x80036844"", ""0x80036868"", ""0x800368C4"", ""0x80036900"", ""0x80036930"", ""0x80036994"", ""0x80036B74""]",[],Static LUI/low-pair reference; pointer arithmetic/control flow can invalidate inferred value
D2KF.EXE,0x80062F18,DAT_80062F18,LIKELY,code_or_pointer,"[""0x80036708"", ""0x80036720"", ""0x80036764"", ""0x8003687C"", ""0x80036910"", ""0x80036938"", ""0x80036A34"", ""0x80036AF4"", ""0x80036B54"", ""0x80036BF4""]",[],Static LUI/low-pair reference; pointer arithmetic/control flow can invalidate inferred value
D2KF.EXE,0x80062F1C,DAT_80062F1C,LIKELY,code_or_pointer,"[""0x80036780"", ""0x80036B5C"", ""0x80036B90"", ""0x80036C0C""]",[],Static LUI/low-pair reference; pointer arithmetic/control flow can invalidate inferred value
D2KF.EXE,0x80062F20,DAT_80062F20,LIKELY,code_or_pointer,"[""0x80036958""]","[""0x8003699C"", ""0x800369AC""]",Static LUI/low-pair reference; pointer arithmetic/control flow can invalidate inferred value
D2KF.EXE,0x80062F30,DAT_80062F30,LIKELY,code_or_pointer,"[""0x80036D38"", ""0x80036DA4"", ""0x80036DF8""]",[],Static LUI/low-pair reference; pointer arithmetic/control flow can invalidate inferred value
D2KF.EXE,0x80062F50,DAT_80062F50,LIKELY,code_or_pointer,"[""0x800363E4"", ""0x8003644C"", ""0x800364A8"", ""0x80036508"", ""0x8003656C"", ""0x80036D8C""]","[""0x80036D54"", ""0x80036DB4""]",Static LUI/low-pair reference; pointer arithmetic/control flow can invalidate inferred value
D2KF.EXE,0x80062F54,DAT_80062F54,LIKELY,code_or_pointer,"[""0x80036D40""]",[],Static LUI/low-pair reference; pointer arithmetic/control flow can invalidate inferred value
D2KF.EXE,0x80062F60,DAT_80062F60,LIKELY,code_or_pointer,"[""0x80036E70"", ""0x80036EA0"", ""0x80036F14"", ""0x80036F58"", ""0x80036F7C"", ""0x8003704C"", ""0x80037088""]",[],Static LUI/low-pair reference; pointer arithmetic/control flow can invalidate inferred value
D2KF.EXE,0x80062F64,DAT_80062F64,LIKELY,code_or_pointer,"[""0x80036E58"", ""0x80036EEC"", ""0x80037024""]",[],Static LUI/low-pair reference; pointer arithmetic/control flow can invalidate inferred value
D2KF.EXE,0x80062F84,DAT_80062F84,LIKELY,code_or_pointer,"[""0x80036FD4""]",[],Static LUI/low-pair reference; pointer arithmetic/control flow can invalidate inferred value
D2KF.EXE,0x80062F90,DAT_80062F90,LIKELY,code_or_pointer,"[""0x800370F4"", ""0x80037108""]","[""0x80037100""]",Static LUI/low-pair reference; pointer arithmetic/control flow can invalidate inferred value
D2KF.EXE,0x80062FC0,DAT_80062FC0,LIKELY,code_or_pointer,"[""0x800382AC""]","[""0x8003829C""]",Static LUI/low-pair reference; pointer arithmetic/control flow can invalidate inferred value
D2KF.EXE,0x80063158,DAT_80063158,LIKELY,code_or_pointer,"[""0x80038568""]",[],Static LUI/low-pair reference; pointer arithmetic/control flow can invalidate inferred value
D2KF.EXE,0x80063198,DAT_80063198,LIKELY,code_or_pointer,"[""0x800385A0"", ""0x80038658"", ""0x80038740"", ""0x80038858"", ""0x800388CC"", ""0x80038A68"", ""0x80038B00"", ""0x80038B68"", ""0x80038BC8"", ""0x80038C68"", ""0x80038DC4"", ""0x80038E34"", ""0x80038E54"", ""0x80038EC4"", ""0x80038F64"", ""0x8003903C"", ""0x8003911C"", ""0x80039280"", ""0x80039540"", ""0x8003956C"", ""0x800395EC"", ""0x8003B094"", ""0x8003B180"", ""0x8003B2A8"", ""0x8003B3C4""]",[],Static LUI/low-pair reference; pointer arithmetic/control flow can invalidate inferred value
D2KF.EXE,0x8006319C,DAT_8006319C,LIKELY,code_or_pointer,"[""0x80038644"", ""0x800386B0"", ""0x8003871C"", ""0x800387C4"", ""0x8003882C"", ""0x800388B8"", ""0x800389C8"", ""0x800389EC"", ""0x80038CDC"", ""0x80038DB0"", ""0x80038EAC"", ""0x80038F2C"", ""0x80038FF8"", ""0x800390FC"", ""0x8003B320""]",[],Static LUI/low-pair reference; pointer arithmetic/control flow can invalidate inferred value
D2KF.EXE,0x800631A0,DAT_800631A0,LIKELY,code_or_pointer,"[""0x80038574"", ""0x8003857C"", ""0x8003A69C""]",[],Static LUI/low-pair reference; pointer arithmetic/control flow can invalidate inferred value
D2KF.EXE,0x800631A1,DAT_800631A1,LIKELY,code_or_pointer,"[""0x800386F0""]",[],Static LUI/low-pair reference; pointer arithmetic/control flow can invalidate inferred value
D2KF.EXE,0x800631A2,DAT_800631A2,LIKELY,code_or_pointer,"[""0x80038624"", ""0x8003868C"", ""0x80038788"", ""0x800387A0"", ""0x80038800"", ""0x80038890"", ""0x80038904"", ""0x80038CB4"", ""0x80038D7C"", ""0x80038E84"", ""0x80038EFC"", ""0x80038FC4"", ""0x800390D0"", ""0x8003B2F8""]",[],Static LUI/low-pair reference; pointer arithmetic/control flow can invalidate inferred value
D2KF.EXE,0x800631A3,DAT_800631A3,LIKELY,code_or_pointer,"[""0x80039200""]",[],Static LUI/low-pair reference; pointer arithmetic/control flow can invalidate inferred value
D2KF.EXE,0x800631A4,DAT_800631A4,LIKELY,code_or_pointer,"[""0x800397D0"", ""0x800397E4"", ""0x800399C8"", ""0x800399DC"", ""0x80039B74"", ""0x80039B88"", ""0x80039C0C"", ""0x80039C20"", ""0x80039E50"", ""0x80039E64"", ""0x8003A098"", ""0x8003A0A0"", ""0x8003A2CC"", ""0x8003A2D4""]",[],Static LUI/low-pair reference; pointer arithmetic/control flow can invalidate inferred value
D2KF.EXE,0x800631A6,DAT_800631A6,LIKELY,code_or_pointer,"[""0x80039808"", ""0x8003981C"", ""0x80039A00"", ""0x80039A14"", ""0x80039BB0"", ""0x80039BC4"", ""0x80039C48"", ""0x80039C5C"", ""0x80039E90"", ""0x80039EA4"", ""0x8003A0D4"", ""0x8003A0DC"", ""0x8003A308"", ""0x8003A310""]",[],Static LUI/low-pair reference; pointer arithmetic/control flow can invalidate inferred value
D2KF.EXE,0x800631A8,DAT_800631A8,LIKELY,code_or_pointer,"[""0x8003AAD4""]",[],Static LUI/low-pair reference; pointer arithmetic/control flow can invalidate inferred value
D2KF.EXE,0x800631AC,DAT_800631AC,LIKELY,code_or_pointer,"[""0x8003A970""]",[],Static LUI/low-pair reference; pointer arithmetic/control flow can invalidate inferred value
D2KF.EXE,0x800631B0,DAT_800631B0,LIKELY,code_or_pointer,"[""0x80039098""]",[],Static LUI/low-pair reference; pointer arithmetic/control flow can invalidate inferred value
D2KF.EXE,0x8006320C,DAT_8006320C,LIKELY,code_or_pointer,"[""0x80039588"", ""0x800395C4""]",[],Static LUI/low-pair reference; pointer arithmetic/control flow can invalidate inferred value
D2KF.EXE,0x80063214,DAT_80063214,LIKELY,code_or_pointer,"[""0x800392A4""]",[],Static LUI/low-pair reference; pointer arithmetic/control flow can invalidate inferred value
D2KF.EXE,0x80063240,DAT_80063240,LIKELY,code_or_pointer,"[""0x80038C54"", ""0x8003B2B0""]",[],Static LUI/low-pair reference; pointer arithmetic/control flow can invalidate inferred value
D2KF.EXE,0x8006324C,DAT_8006324C,LIKELY,code_or_pointer,"[""0x80038D48"", ""0x80038DF4""]",[],Static LUI/low-pair reference; pointer arithmetic/control flow can invalidate inferred value
D2KF.EXE,0x80063260,DAT_80063260,LIKELY,code_or_pointer,"[""0x80038D40"", ""0x80038DEC""]",[],Static LUI/low-pair reference; pointer arithmetic/control flow can invalidate inferred value
D2KF.EXE,0x800632A4,DAT_800632A4,LIKELY,code_or_pointer,"[""0x8003A1A4"", ""0x8003A1B4"", ""0x8003A1CC"", ""0x8003A1E0"", ""0x8003A20C"", ""0x8003A3D8"", ""0x8003A3E8"", ""0x8003A3F8"", ""0x8003A40C"", ""0x8003A484"", ""0x8003A570"", ""0x8003A5E8"", ""0x8003AF50"", ""0x8003AF94""]",[],Static LUI/low-pair reference; pointer arithmetic/control flow can invalidate inferred value
D2KF.EXE,0x800632A8,DAT_800632A8,LIKELY,code_or_pointer,"[""0x80039D30"", ""0x80039F38"", ""0x80039FE8"", ""0x8003A140"", ""0x8003A174"", ""0x8003A194"", ""0x8003A228"", ""0x8003A374"", ""0x8003A3A8"", ""0x8003A3C8"", ""0x8003A420"", ""0x8003A454"", ""0x8003A4AC"", ""0x8003A514"", ""0x8003A550"", ""0x8003A590"", ""0x8003A5D8"", ""0x8003A708"", ""0x8003A98C"", ""0x8003ABD8"", ""0x8003AC34"", ""0x8003AC44"", ""0x8003AD14"", ""0x8003AD88"", ""0x8003AE4C"", ""0x8003AEF0"", ""0x8003AF00"", ""0x8003AF40"", ""0x8003AF74"", ""0x8003AFBC"", ""0x8003B064"", ""0x8003B150"", ""0x8003B244"", ""0x8003B394""]",[],Static LUI/low-pair reference; pointer arithmetic/control flow can invalidate inferred value
D2KF.EXE,0x800632AC,DAT_800632AC,LIKELY,code_or_pointer,"[""0x8003A238"", ""0x8003A4BC"", ""0x8003A5A0"", ""0x8003AE68""]",[],Static LUI/low-pair reference; pointer arithmetic/control flow can invalidate inferred value
D2KF.EXE,0x800632B0,DAT_800632B0,LIKELY,code_or_pointer,"[""0x8003A24C"", ""0x8003A4D0"", ""0x8003A5B0""]",[],Static LUI/low-pair reference; pointer arithmetic/control flow can invalidate inferred value
D2KF.EXE,0x800632B4,DAT_800632B4,LIKELY,code_or_pointer,"[""0x8003A25C"", ""0x8003A4E0"", ""0x8003A5C0"", ""0x8003A6D8"", ""0x8003A8D8"", ""0x8003A928"", ""0x8003AA68"", ""0x8003AAB4"", ""0x8003ABA8"", ""0x8003AC08"", ""0x8003ACF4"", ""0x8003AD68"", ""0x8003AE84"", ""0x8003AEC4"", ""0x8003B00C"", ""0x8003B044"", ""0x8003B0F8"", ""0x8003B130"", ""0x8003B1EC"", ""0x8003B224"", ""0x8003B33C"", ""0x8003B374""]",[],Static LUI/low-pair reference; pointer arithmetic/control flow can invalidate inferred value
D2KF.EXE,0x800632B8,DAT_800632B8,LIKELY,code_or_pointer,"[""0x80039D8C""]",[],Static LUI/low-pair reference; pointer arithmetic/control flow can invalidate inferred value
D2KF.EXE,0x800632BC,DAT_800632BC,LIKELY,code_or_pointer,"[""0x80039D9C""]",[],Static LUI/low-pair reference; pointer arithmetic/control flow can invalidate inferred value
D2KF.EXE,0x800632C0,DAT_800632C0,LIKELY,code_or_pointer,"[""0x80039D74"", ""0x80039DAC"", ""0x80039DC0"", ""0x80039DF4""]",[],Static LUI/low-pair reference; pointer arithmetic/control flow can invalidate inferred value
D2KF.EXE,0x800632C4,DAT_800632C4,LIKELY,code_or_pointer,"[""0x80039D54"", ""0x8003ABB8"", ""0x8003AC18"", ""0x8003AED4""]",[],Static LUI/low-pair reference; pointer arithmetic/control flow can invalidate inferred value
D2KF.EXE,0x800632C8,DAT_800632C8,LIKELY,code_or_pointer,"[""0x8003A674"", ""0x8003A6BC"", ""0x8003A798"", ""0x8003A7C4"", ""0x8003A7CC"", ""0x8003A808"", ""0x8003A82C"", ""0x8003A850"", ""0x8003A874"", ""0x8003A8A0"", ""0x8003A90C"", ""0x8003A958"", ""0x8003AA4C"", ""0x8003AA98"", ""0x8003AB08"", ""0x8003ACC0"", ""0x8003AD3C"", ""0x8003AE60""]","[""0x8003A890"", ""0x8003AB6C"", ""0x8003AEBC""]",Static LUI/low-pair reference; pointer arithmetic/control flow can invalidate inferred value
D2KF.EXE,0x800632CC,DAT_800632CC,LIKELY,code_or_pointer,"[""0x8003A67C"", ""0x8003A6C4"", ""0x8003A8A8"", ""0x8003A914"", ""0x8003A950"", ""0x8003A9C0"", ""0x8003A9C8"", ""0x8003A9F4"", ""0x8003AA30"", ""0x8003AA54"", ""0x8003AAA0"", ""0x8003AB10"", ""0x8003AB58"", ""0x8003ACC8"", ""0x8003AD44"", ""0x8003AE70"", ""0x8003AEAC""]","[""0x8003AA44"", ""0x8003AB50"", ""0x8003AEA4""]",Static LUI/low-pair reference; pointer arithmetic/control flow can invalidate inferred value
D2KF.EXE,0x800632D0,DAT_800632D0,LIKELY,code_or_pointer,"[""0x8003A734"", ""0x8003A87C""]","[""0x8003A6A4""]",Static LUI/low-pair reference; pointer arithmetic/control flow can invalidate inferred value
D2KF.EXE,0x800632D4,DAT_800632D4,LIKELY,code_or_pointer,"[""0x8003AA88""]","[""0x8003A920""]",Static LUI/low-pair reference; pointer arithmetic/control flow can invalidate inferred value
D2KF.EXE,0x800632D8,DAT_800632D8,LIKELY,code_or_pointer,"[""0x8003AC54"", ""0x8003AF10""]","[""0x8003AB60"", ""0x8003AEB4""]",Static LUI/low-pair reference; pointer arithmetic/control flow can invalidate inferred value
D2KF.EXE,0x800632DC,DAT_800632DC,LIKELY,code_or_pointer,"[""0x8003AE08""]","[""0x8003ADD8"", ""0x8003B018"", ""0x8003B104"", ""0x8003B1F8"", ""0x8003B348""]",Static LUI/low-pair reference; pointer arithmetic/control flow can invalidate inferred value
D2KF.EXE,0x800632E0,DAT_800632E0,LIKELY,code_or_pointer,"[""0x8003AE20""]","[""0x8003ADE0"", ""0x8003B020"", ""0x8003B10C"", ""0x8003B200"", ""0x8003B350""]",Static LUI/low-pair reference; pointer arithmetic/control flow can invalidate inferred value
D2KF.EXE,0x800632F8,DAT_800632F8,LIKELY,code_or_pointer,"[""0x8003B64C"", ""0x8003B720"", ""0x8003B754"", ""0x8003B7A0"", ""0x8003B7FC"", ""0x8003B81C"", ""0x8003B85C"", ""0x8003B888"", ""0x8003B8F8"", ""0x8003B9F8"", ""0x8003BA44"", ""0x8003BA6C"", ""0x8003BA90"", ""0x8003BAC8"", ""0x8003BB18"", ""0x8003BBE8"", ""0x8003BC00"", ""0x8003BCFC"", ""0x8003BD58"", ""0x8003BD74"", ""0x8003BDD8"", ""0x8003BE3C"", ""0x8003BE94"", ""0x8003BEEC"", ""0x8003BF18"", ""0x8003BF48"", ""0x8003BFAC"", ""0x8003BFD0"", ""0x8003BFF4"", ""0x8003C0A0"", ""0x8003C104"", ""0x8003C250"", ""0x8003C2F8"", ""0x8003C31C"", ""0x8003C350"", ""0x8003C3EC"", ""0x8003C40C"", ""0x8003C444"", ""0x8003C554""]",[],Static LUI/low-pair reference; pointer arithmetic/control flow can invalidate inferred value
D2KF.EXE,0x800632FC,DAT_800632FC,LIKELY,code_or_pointer,"[""0x8003C26C"", ""0x8003C288"", ""0x8003C2A4""]",[],Static LUI/low-pair reference; pointer arithmetic/control flow can invalidate inferred value
D2KF.EXE,0x80063300,DAT_80063300,LIKELY,code_or_pointer,"[""0x8003C490"", ""0x8003C580""]",[],Static LUI/low-pair reference; pointer arithmetic/control flow can invalidate inferred value
D2KF.EXE,0x80063310,DAT_80063310,LIKELY,code_or_pointer,"[""0x8003C060"", ""0x8003C0DC"", ""0x8003C4BC"", ""0x8003C540""]",[],Static LUI/low-pair reference; pointer arithmetic/control flow can invalidate inferred value
D2KF.EXE,0x80063330,DAT_80063330,LIKELY,code_or_pointer,"[""0x8003B5A4""]",[],Static LUI/low-pair reference; pointer arithmetic/control flow can invalidate inferred value
D2KF.EXE,0x80063388,DAT_80063388,LIKELY,code_or_pointer,"[""0x8003CE6C"", ""0x8003D3EC"", ""0x8003D424"", ""0x8003EB7C""]","[""0x8003EC04""]",Static LUI/low-pair reference; pointer arithmetic/control flow can invalidate inferred value
D2KF.EXE,0x8006338C,DAT_8006338C,LIKELY,code_or_pointer,"[""0x8003CC38"", ""0x8003CC90"", ""0x8003CF84"", ""0x8003CFA0"", ""0x8003DC1C"", ""0x8003E4C0"", ""0x8003F2E0"", ""0x8003F3E4"", ""0x8003F4D0"", ""0x8003F538"", ""0x8003F680""]","[""0x8003EC14""]",Static LUI/low-pair reference; pointer arithmetic/control flow can invalidate inferred value
D2KF.EXE,0x80063390,DAT_80063390,LIKELY,code_or_pointer,"[""0x8003E7D0"", ""0x8003E8C0"", ""0x8003EA44"", ""0x8003EAD4""]","[""0x8003EC24""]",Static LUI/low-pair reference; pointer arithmetic/control flow can invalidate inferred value
D2KF.EXE,0x80063394,DAT_80063394,LIKELY,code_or_pointer,"[""0x8003E7B4"", ""0x8003E854"", ""0x8003E8A8""]","[""0x8003EC34""]",Static LUI/low-pair reference; pointer arithmetic/control flow can invalidate inferred value
D2KF.EXE,0x80063398,DAT_80063398,LIKELY,code_or_pointer,[],"[""0x8003EC44""]",Static LUI/low-pair reference; pointer arithmetic/control flow can invalidate inferred value
D2KF.EXE,0x8006339C,DAT_8006339C,LIKELY,code_or_pointer,"[""0x8003C7B0"", ""0x8003C87C"", ""0x8003C974"", ""0x8003CA48"", ""0x8003CAF0"", ""0x8003CB28"", ""0x8003CB70""]","[""0x8003EC54""]",Static LUI/low-pair reference; pointer arithmetic/control flow can invalidate inferred value
D2KF.EXE,0x800633A0,DAT_800633A0,LIKELY,code_or_pointer,"[""0x8003E59C"", ""0x8003E654"", ""0x8003E66C"", ""0x8003E6D4"", ""0x8003E6EC""]","[""0x8003F25C""]",Static LUI/low-pair reference; pointer arithmetic/control flow can invalidate inferred value
D2KF.EXE,0x800633A4,DAT_800633A4,LIKELY,code_or_pointer,"[""0x8003DD08"", ""0x8003E260"", ""0x8003E3BC""]","[""0x8003F26C""]",Static LUI/low-pair reference; pointer arithmetic/control flow can invalidate inferred value
D2KF.EXE,0x800633A8,DAT_800633A8,LIKELY,code_or_pointer,"[""0x8003D0F4"", ""0x8003D158"", ""0x8003E988"", ""0x8003E9E4"", ""0x8003EA10""]","[""0x8003F280""]",Static LUI/low-pair reference; pointer arithmetic/control flow can invalidate inferred value
D2KF.EXE,0x800633AC,DAT_800633AC,LIKELY,code_or_pointer,"[""0x8003D16C"", ""0x8003EA24""]","[""0x8003EC70""]",Static LUI/low-pair reference; pointer arithmetic/control flow can invalidate inferred value
D2KF.EXE,0x800633B0,DAT_800633B0,LIKELY,code_or_pointer,"[""0x8003CD40""]",[],Static LUI/low-pair reference; pointer arithmetic/control flow can invalidate inferred value
D2KF.EXE,0x800633B4,DAT_800633B4,LIKELY,code_or_pointer,"[""0x8003E628""]",[],Static LUI/low-pair reference; pointer arithmetic/control flow can invalidate inferred value
D2KF.EXE,0x800633B8,DAT_800633B8,LIKELY,code_or_pointer,"[""0x8003E614""]",[],Static LUI/low-pair reference; pointer arithmetic/control flow can invalidate inferred value
D2KF.EXE,0x800633BC,DAT_800633BC,LIKELY,code_or_pointer,"[""0x8003C788"", ""0x8003CC30"", ""0x8003CC88"", ""0x8003CE40"", ""0x8003CEAC"", ""0x8003CF7C"", ""0x8003CF98"", ""0x8003E968"", ""0x8003EA00""]","[""0x8003EC68""]",Static LUI/low-pair reference; pointer arithmetic/control flow can invalidate inferred value
D2KF.EXE,0x800633C0,DAT_800633C0,LIKELY,code_or_pointer,"[""0x8003CE08""]","[""0x8003CC00"", ""0x8003CCB8"", ""0x8003CF24"", ""0x8003CFC8"", ""0x8003EBDC"", ""0x8003ED04""]",Static LUI/low-pair reference; pointer arithmetic/control flow can invalidate inferred value
D2KF.EXE,0x800633C4,DAT_800633C4,LIKELY,code_or_pointer,"[""0x8003E600""]",[],Static LUI/low-pair reference; pointer arithmetic/control flow can invalidate inferred value
D2KF.EXE,0x800633C8,DAT_800633C8,LIKELY,code_or_pointer,"[""0x8003CE80"", ""0x8003CEC0"", ""0x8003D078"", ""0x8003D0C0"", ""0x8003D108"", ""0x8003D12C"", ""0x8003E5DC"", ""0x8003E910"", ""0x8003EDBC"", ""0x8003EE08""]","[""0x8003CE54"", ""0x8003EE28""]",Static LUI/low-pair reference; pointer arithmetic/control flow can invalidate inferred value
D2KF.EXE,0x800633CC,DAT_800633CC,LIKELY,code_or_pointer,"[""0x8003D364"", ""0x8003D3A0"", ""0x8003D400"", ""0x8003D7F8"", ""0x8003D834""]","[""0x8003CE4C"", ""0x8003D41C"", ""0x8003EE10""]",Static LUI/low-pair reference; pointer arithmetic/control flow can invalidate inferred value
D2KF.EXE,0x800633D0,DAT_800633D0,LIKELY,code_or_pointer,"[""0x8003F038"", ""0x8003F138"", ""0x8003F15C""]","[""0x8003CE90"", ""0x8003F058"", ""0x8003F170""]",Static LUI/low-pair reference; pointer arithmetic/control flow can invalidate inferred value
D2KF.EXE,0x800633D4,DAT_800633D4,LIKELY,code_or_pointer,"[""0x8003C764"", ""0x8003E710"", ""0x8003E76C""]","[""0x8003EBE4""]",Static LUI/low-pair reference; pointer arithmetic/control flow can invalidate inferred value
D2KF.EXE,0x800633D8,DAT_800633D8,LIKELY,code_or_pointer,"[""0x8003CBCC"", ""0x8003CD9C"", ""0x8003CE1C"", ""0x8003E5E4""]","[""0x8003CC1C"", ""0x8003CC54""]",Static LUI/low-pair reference; pointer arithmetic/control flow can invalidate inferred value
D2KF.EXE,0x800633DC,DAT_800633DC,LIKELY,code_or_pointer,"[""0x8003CBC4"", ""0x8003CDD4"", ""0x8003CE24"", ""0x8003CE88"", ""0x8003CEC8"", ""0x8003EE1C""]","[""0x8003CC74"", ""0x8003CCAC""]",Static LUI/low-pair reference; pointer arithmetic/control flow can invalidate inferred value
D2KF.EXE,0x800633E0,DAT_800633E0,LIKELY,code_or_pointer,"[""0x8003D0AC"", ""0x8003D134"", ""0x8003E930"", ""0x8003EDAC""]",[],Static LUI/low-pair reference; pointer arithmetic/control flow can invalidate inferred value
D2KF.EXE,0x800633E8,DAT_800633E8,LIKELY,code_or_pointer,"[""0x8003CD08"", ""0x8003CF50"", ""0x8003D230"", ""0x8003D2AC"", ""0x8003D310"", ""0x8003D578"", ""0x8003D5AC"", ""0x8003D5E8"", ""0x8003D714"", ""0x8003D850"", ""0x8003D8D4""]",[],Static LUI/low-pair reference; pointer arithmetic/control flow can invalidate inferred value
D2KF.EXE,0x800633EC,DAT_800633EC,LIKELY,code_or_pointer,"[""0x8003CD70"", ""0x8003CEE0"", ""0x8003D030"", ""0x8003D080"", ""0x8003D180"", ""0x8003D1D4"", ""0x8003D200"", ""0x8003D250"", ""0x8003D27C"", ""0x8003D2CC"", ""0x8003D2F8"", ""0x8003D46C"", ""0x8003D494"", ""0x8003D4D8"", ""0x8003D52C"", ""0x8003D570"", ""0x8003D5CC"", ""0x8003D5F0"", ""0x8003D6AC"", ""0x8003D6D4"", ""0x8003D824"", ""0x8003D858"", ""0x8003D8DC"", ""0x8003D914"", ""0x8003D934"", ""0x8003D960""]",[],Static LUI/low-pair reference; pointer arithmetic/control flow can invalidate inferred value
D2KF.EXE,0x800633F0,DAT_800633F0,LIKELY,code_or_pointer,"[""0x8003CF00""]","[""0x8003CDAC"", ""0x8003CF0C""]",Static LUI/low-pair reference; pointer arithmetic/control flow can invalidate inferred value
D2KF.EXE,0x80063400,DAT_80063400,LIKELY,code_or_pointer,"[""0x8003E880"", ""0x8003E918"", ""0x8003EA8C"", ""0x8003EAB0"", ""0x8003EB30""]","[""0x8003E730"", ""0x8003E744"", ""0x8003E894"", ""0x8003EA9C"", ""0x8003EAC4"", ""0x8003EB44""]",Static LUI/low-pair reference; pointer arithmetic/control flow can invalidate inferred value
D2KF.EXE,0x80063404,DAT_80063404,LIKELY,code_or_pointer,"[""0x8003EAFC"", ""0x8003EB64""]",[],Static LUI/low-pair reference; pointer arithmetic/control flow can invalidate inferred value
D2KF.EXE,0x80063408,DAT_80063408,LIKELY,code_or_pointer,"[""0x8003E63C"", ""0x8003E6B4""]","[""0x8003E5BC""]",Static LUI/low-pair reference; pointer arithmetic/control flow can invalidate inferred value
D2KF.EXE,0x8006340C,DAT_8006340C,LIKELY,code_or_pointer,"[""0x8003E7C8"", ""0x8003E824"", ""0x8003E868""]","[""0x8003E7AC""]",Static LUI/low-pair reference; pointer arithmetic/control flow can invalidate inferred value
D2KF.EXE,0x80063430,DAT_80063430,LIKELY,code_or_pointer,"[""0x8003EE00""]",[],Static LUI/low-pair reference; pointer arithmetic/control flow can invalidate inferred value
D2KF.EXE,0x80063448,DAT_80063448,LIKELY,code_or_pointer,"[""0x80040520"", ""0x80040530"", ""0x80040FE4""]","[""0x8003F92C""]",Static LUI/low-pair reference; pointer arithmetic/control flow can invalidate inferred value
D2KF.EXE,0x8006344C,DAT_8006344C,LIKELY,code_or_pointer,"[""0x80040CF8"", ""0x80040DD0"", ""0x80040E44""]","[""0x8003F8AC"", ""0x80040DE0""]",Static LUI/low-pair reference; pointer arithmetic/control flow can invalidate inferred value
D2KF.EXE,0x80063450,DAT_80063450,LIKELY,code_or_pointer,"[""0x80040FA4""]","[""0x8003F89C"", ""0x80040F90""]",Static LUI/low-pair reference; pointer arithmetic/control flow can invalidate inferred value
D2KF.EXE,0x80063454,DAT_80063454,LIKELY,code_or_pointer,[],"[""0x8003F850""]",Static LUI/low-pair reference; pointer arithmetic/control flow can invalidate inferred value
D2KF.EXE,0x80063458,DAT_80063458,LIKELY,code_or_pointer,"[""0x800405E4""]","[""0x8003F858""]",Static LUI/low-pair reference; pointer arithmetic/control flow can invalidate inferred value
D2KF.EXE,0x8006345C,DAT_8006345C,LIKELY,code_or_pointer,"[""0x80040620""]","[""0x8003F874""]",Static LUI/low-pair reference; pointer arithmetic/control flow can invalidate inferred value
D2KF.EXE,0x80063464,DAT_80063464,LIKELY,code_or_pointer,"[""0x8003F840""]",[],Static LUI/low-pair reference; pointer arithmetic/control flow can invalidate inferred value
D2KF.EXE,0x80063474,DAT_80063474,LIKELY,code_or_pointer,"[""0x80040C94"", ""0x80040D58""]","[""0x8003F8BC"", ""0x80040CA4"", ""0x80040D68""]",Static LUI/low-pair reference; pointer arithmetic/control flow can invalidate inferred value
D2KF.EXE,0x80063478,DAT_80063478,LIKELY,code_or_pointer,"[""0x80040C7C"", ""0x80040D40""]","[""0x8003F8B4"", ""0x80040C8C"", ""0x80040D50""]",Static LUI/low-pair reference; pointer arithmetic/control flow can invalidate inferred value
D2KF.EXE,0x8006347C,DAT_8006347C,LIKELY,code_or_pointer,"[""0x80041410""]",[],Static LUI/low-pair reference; pointer arithmetic/control flow can invalidate inferred value
D2KF.EXE,0x800634AA,DAT_800634AA,LIKELY,code_or_pointer,"[""0x8003F81C""]",[],Static LUI/low-pair reference; pointer arithmetic/control flow can invalidate inferred value
D2KF.EXE,0x800634AC,DAT_800634AC,LIKELY,code_or_pointer,"[""0x80040C54"", ""0x80040D18""]","[""0x8003F8C4""]",Static LUI/low-pair reference; pointer arithmetic/control flow can invalidate inferred value
D2KF.EXE,0x800634B0,DAT_800634B0,LIKELY,code_or_pointer,"[""0x8003F8DC"", ""0x800404E8""]","[""0x8003F8F8"", ""0x80040500""]",Static LUI/low-pair reference; pointer arithmetic/control flow can invalidate inferred value
D2KF.EXE,0x800634C0,DAT_800634C0,LIKELY,code_or_pointer,"[""0x8003F9A0"", ""0x8003F9D0"", ""0x8003FA24"", ""0x8003FA80"", ""0x8003FAD0"", ""0x8003FB18"", ""0x8003FB50"", ""0x8003FB80"", ""0x8003FBB4"", ""0x8003FBF4"", ""0x8003FC50"", ""0x8003FC74"", ""0x8003FC98"", ""0x8003FCE4"", ""0x8003FD1C"", ""0x8003FD78"", ""0x8003FDD0"", ""0x8003FE70"", ""0x8003FE98"", ""0x8003FF84"", ""0x8003FFA4"", ""0x8003FFE8"", ""0x80040054"", ""0x80040090"", ""0x80040288"", ""0x800402A0"", ""0x8004034C"", ""0x80040368"", ""0x80040D00"", ""0x80040DBC"", ""0x80040E3C"", ""0x80041128"", ""0x800411E8"", ""0x80041208"", ""0x8004122C"", ""0x80041250"", ""0x80041274"", ""0x800412A8"", ""0x800412C0"", ""0x800412FC"", ""0x80041314"", ""0x80041350"", ""0x80041368"", ""0x800413A4"", ""0x800413BC"", ""0x8004144C"", ""0x800414A8"", ""0x80041584"", ""0x80041664"", ""0x800416D0"", ""0x800416FC"", ""0x80041760"", ""0x800417B4"", ""0x80041864"", ""0x800418E8"", ""0x80041934""]",[],Static LUI/low-pair reference; pointer arithmetic/control flow can invalidate inferred value
D2KF.EXE,0x800634C4,DAT_800634C4,LIKELY,code_or_pointer,"[""0x8003FECC"", ""0x80040110""]",[],Static LUI/low-pair reference; pointer arithmetic/control flow can invalidate inferred value
D2KF.EXE,0x800634C8,DAT_800634C8,LIKELY,code_or_pointer,"[""0x8003FEDC"", ""0x80040144""]",[],Static LUI/low-pair reference; pointer arithmetic/control flow can invalidate inferred value
D2KF.EXE,0x800634CC,DAT_800634CC,LIKELY,code_or_pointer,"[""0x8003FEEC"", ""0x80040174""]",[],Static LUI/low-pair reference; pointer arithmetic/control flow can invalidate inferred value
D2KF.EXE,0x800634D0,DAT_800634D0,LIKELY,code_or_pointer,"[""0x8003F980"", ""0x800403A4"", ""0x800403C4"", ""0x800403DC""]",[],Static LUI/low-pair reference; pointer arithmetic/control flow can invalidate inferred value
D2KF.EXE,0x800634D4,DAT_800634D4,LIKELY,code_or_pointer,"[""0x800403FC"", ""0x80040424""]",[],Static LUI/low-pair reference; pointer arithmetic/control flow can invalidate inferred value
D2KF.EXE,0x800634D8,DAT_800634D8,LIKELY,code_or_pointer,"[""0x8003FBFC"", ""0x8003FFAC"", ""0x800401BC"", ""0x80040230"", ""0x80040F44""]","[""0x8003F9B8"", ""0x8003FADC"", ""0x8003FF90"", ""0x80040F3C""]",Static LUI/low-pair reference; pointer arithmetic/control flow can invalidate inferred value
D2KF.EXE,0x800634DC,DAT_800634DC,LIKELY,code_or_pointer,"[""0x80040198""]","[""0x8003F8A4"", ""0x8003F9A8"", ""0x80040F9C""]",Static LUI/low-pair reference; pointer arithmetic/control flow can invalidate inferred value
D2KF.EXE,0x800634E0,DAT_800634E0,LIKELY,code_or_pointer,[],"[""0x8003F9B0""]",Static LUI/low-pair reference; pointer arithmetic/control flow can invalidate inferred value
D2KF.EXE,0x800634E4,DAT_800634E4,LIKELY,code_or_pointer,"[""0x800402C4""]","[""0x8003FA54""]",Static LUI/low-pair reference; pointer arithmetic/control flow can invalidate inferred value
D2KF.EXE,0x800634E8,DAT_800634E8,LIKELY,code_or_pointer,"[""0x8003FF7C"", ""0x800401C4"", ""0x80040238"", ""0x800402A8"", ""0x80040314"", ""0x80040388"", ""0x80040598"", ""0x80040628"", ""0x80040658"", ""0x80040F4C""]","[""0x8003FA60""]",Static LUI/low-pair reference; pointer arithmetic/control flow can invalidate inferred value
D2KF.EXE,0x800634EC,DAT_800634EC,LIKELY,code_or_pointer,"[""0x800402D8""]","[""0x8003FA6C""]",Static LUI/low-pair reference; pointer arithmetic/control flow can invalidate inferred value
D2KF.EXE,0x800634F0,DAT_800634F0,LIKELY,code_or_pointer,"[""0x80040300"", ""0x80040638""]","[""0x8003FA78""]",Static LUI/low-pair reference; pointer arithmetic/control flow can invalidate inferred value
D2KF.EXE,0x800634F4,DAT_800634F4,LIKELY,code_or_pointer,"[""0x80040FC8""]","[""0x8003FBC0"", ""0x80040EF8"", ""0x8004102C""]",Static LUI/low-pair reference; pointer arithmetic/control flow can invalidate inferred value
D2KF.EXE,0x800634F8,DAT_800634F8,LIKELY,code_or_pointer,"[""0x8003FE24"", ""0x8003FE38"", ""0x80040EE4""]","[""0x8003FBD0"", ""0x8004050C""]",Static LUI/low-pair reference; pointer arithmetic/control flow can invalidate inferred value
D2KF.EXE,0x800634FC,DAT_800634FC,LIKELY,code_or_pointer,[],"[""0x8003FBD8"", ""0x80040518""]",Static LUI/low-pair reference; pointer arithmetic/control flow can invalidate inferred value
D2KF.EXE,0x80063500,DAT_80063500,LIKELY,code_or_pointer,"[""0x8003FAC8""]",[],Static LUI/low-pair reference; pointer arithmetic/control flow can invalidate inferred value
D2KF.EXE,0x80063510,DAT_80063510,LIKELY,code_or_pointer,"[""0x8003FDB4"", ""0x80040078"", ""0x800400D0"", ""0x80040158""]","[""0x8003FEF8"", ""0x8003FFB8""]",Static LUI/low-pair reference; pointer arithmetic/control flow can invalidate inferred value
D2KF.EXE,0x80063514,DAT_80063514,LIKELY,code_or_pointer,"[""0x80040124""]","[""0x80040104""]",Static LUI/low-pair reference; pointer arithmetic/control flow can invalidate inferred value
D2KF.EXE,0x80063518,DAT_80063518,LIKELY,code_or_pointer,"[""0x8004013C""]","[""0x80040130""]",Static LUI/low-pair reference; pointer arithmetic/control flow can invalidate inferred value
D2KF.EXE,0x80063520,DAT_80063520,LIKELY,code_or_pointer,"[""0x80040694"", ""0x80040740"", ""0x800407FC"", ""0x80040BB8""]","[""0x8003F884"", ""0x800405BC""]",Static LUI/low-pair reference; pointer arithmetic/control flow can invalidate inferred value
D2KF.EXE,0x80063524,DAT_80063524,LIKELY,code_or_pointer,"[""0x800407F4"", ""0x800408B4"", ""0x80040984"", ""0x800409D4"", ""0x80040A28"", ""0x80040A88"", ""0x80040AA0"", ""0x80040B0C"", ""0x80040B24"", ""0x80040B70""]","[""0x8003F88C"", ""0x800405B4"", ""0x800407AC"", ""0x8004083C"", ""0x80040AFC"", ""0x80040B84""]",Static LUI/low-pair reference; pointer arithmetic/control flow can invalidate inferred value
D2KF.EXE,0x80063528,DAT_80063528,LIKELY,code_or_pointer,"[""0x80040660"", ""0x800406B8"", ""0x8004071C"", ""0x800407C4"", ""0x80040850"", ""0x80040878"", ""0x800408DC"", ""0x800409A4"", ""0x800409F0"", ""0x80040ABC"", ""0x80040B4C"", ""0x80040BDC""]","[""0x8003F894"", ""0x800405AC""]",Static LUI/low-pair reference; pointer arithmetic/control flow can invalidate inferred value
D2KF.EXE,0x80063546,DAT_80063546,LIKELY,code_or_pointer,"[""0x80041B0C""]",[],Static LUI/low-pair reference; pointer arithmetic/control flow can invalidate inferred value
D2KF.EXE,0x80063646,DAT_80063646,LIKELY,code_or_pointer,"[""0x80041B70""]",[],Static LUI/low-pair reference; pointer arithmetic/control flow can invalidate inferred value
D2KF.EXE,0x80063650,DAT_80063650,LIKELY,code_or_pointer,"[""0x8003F848""]",[],Static LUI/low-pair reference; pointer arithmetic/control flow can invalidate inferred value
D2KF.EXE,0x80063680,DAT_80063680,LIKELY,code_or_pointer,"[""0x80041D08"", ""0x80041EE0""]",[],Static LUI/low-pair reference; pointer arithmetic/control flow can invalidate inferred value
D2KF.EXE,0x80063684,DAT_80063684,LIKELY,code_or_pointer,"[""0x80041C1C"", ""0x80041CB0""]",[],Static LUI/low-pair reference; pointer arithmetic/control flow can invalidate inferred value
D2KF.EXE,0x800636C4,DAT_800636C4,LIKELY,code_or_pointer,"[""0x80041C48"", ""0x80041CDC""]",[],Static LUI/low-pair reference; pointer arithmetic/control flow can invalidate inferred value
D2KF.EXE,0x80063704,DAT_80063704,LIKELY,code_or_pointer,"[""0x80041D18"", ""0x80041F10""]",[],Static LUI/low-pair reference; pointer arithmetic/control flow can invalidate inferred value
D2KF.EXE,0x80063708,DAT_80063708,LIKELY,code_or_pointer,"[""0x80041C74""]",[],Static LUI/low-pair reference; pointer arithmetic/control flow can invalidate inferred value
D2KF.EXE,0x80063790,DAT_80063790,LIKELY,code_or_pointer,"[""0x80041FCC""]",[],Static LUI/low-pair reference; pointer arithmetic/control flow can invalidate inferred value
D2KF.EXE,0x80063794,DAT_80063794,LIKELY,code_or_pointer,"[""0x80041FDC""]",[],Static LUI/low-pair reference; pointer arithmetic/control flow can invalidate inferred value
D2KF.EXE,0x80063798,DAT_80063798,LIKELY,code_or_pointer,"[""0x80041ED8"", ""0x80041F38"", ""0x80042000"", ""0x8004221C""]",[],Static LUI/low-pair reference; pointer arithmetic/control flow can invalidate inferred value
D2KF.EXE,0x8006379C,DAT_8006379C,LIKELY,code_or_pointer,"[""0x8004206C""]",[],Static LUI/low-pair reference; pointer arithmetic/control flow can invalidate inferred value
D2KF.EXE,0x800637A0,DAT_800637A0,LIKELY,code_or_pointer,"[""0x8004207C""]",[],Static LUI/low-pair reference; pointer arithmetic/control flow can invalidate inferred value
D2KF.EXE,0x800637A4,DAT_800637A4,LIKELY,code_or_pointer,"[""0x80041EEC"", ""0x80041F48"", ""0x80041F58"", ""0x8004205C"", ""0x8004208C"", ""0x80042148"", ""0x800421A8"", ""0x8004222C"", ""0x80042240""]",[],Static LUI/low-pair reference; pointer arithmetic/control flow can invalidate inferred value
D2KF.EXE,0x800637C0,DAT_800637C0,LIKELY,code_or_pointer,"[""0x80041FEC""]",[],Static LUI/low-pair reference; pointer arithmetic/control flow can invalidate inferred value
D2KF.EXE,0x800637C4,DAT_800637C4,LIKELY,code_or_pointer,"[""0x80041EC8"", ""0x80041EFC"", ""0x80041F28"", ""0x80041F60"", ""0x800420B4"", ""0x80042114"", ""0x800421D8"", ""0x8004220C"", ""0x80042248""]",[],Static LUI/low-pair reference; pointer arithmetic/control flow can invalidate inferred value
D2KF.EXE,0x800637C8,DAT_800637C8,LIKELY,code_or_pointer,"[""0x80041FB0"", ""0x80042040""]",[],Static LUI/low-pair reference; pointer arithmetic/control flow can invalidate inferred value
D2KF.EXE,0x800637D0,DAT_800637D0,LIKELY,code_or_pointer,"[""0x80042274"", ""0x800422A4""]",[],Static LUI/low-pair reference; pointer arithmetic/control flow can invalidate inferred value
D2KF.EXE,0x800637D4,DAT_800637D4,LIKELY,code_or_pointer,"[""0x800422C4"", ""0x800425C0""]",[],Static LUI/low-pair reference; pointer arithmetic/control flow can invalidate inferred value
D2KF.EXE,0x800637F8,DAT_800637F8,LIKELY,code_or_pointer,"[""0x8004235C"", ""0x80042590""]",[],Static LUI/low-pair reference; pointer arithmetic/control flow can invalidate inferred value
D2KF.EXE,0x80064000,DAT_80064000,LIKELY,code_or_pointer,"[""0x800422AC""]",[],Static LUI/low-pair reference; pointer arithmetic/control flow can invalidate inferred value
D2KF.EXE,0x80074000,DAT_80074000,LIKELY,code_or_pointer,"[""0x800422B4""]",[],Static LUI/low-pair reference; pointer arithmetic/control flow can invalidate inferred value
D2KF.EXE,0x80074810,DAT_80074810,LIKELY,data_candidate,"[""0x800428A8""]","[""0x800427FC""]",Static LUI/low-pair reference; pointer arithmetic/control flow can invalidate inferred value
D2KF.EXE,0x80074814,DAT_80074814,LIKELY,data_candidate,"[""0x800430D8""]","[""0x8004304C"", ""0x800430E8""]",Static LUI/low-pair reference; pointer arithmetic/control flow can invalidate inferred value
D2KF.EXE,0x80074818,DAT_80074818,LIKELY,data_candidate,"[""0x80043274""]","[""0x80043240"", ""0x80043284""]",Static LUI/low-pair reference; pointer arithmetic/control flow can invalidate inferred value
D2KF.EXE,0x8007481C,DAT_8007481C,LIKELY,data_candidate,[],"[""0x80043494""]",Static LUI/low-pair reference; pointer arithmetic/control flow can invalidate inferred value
D2KF.EXE,0x80074820,DAT_80074820,LIKELY,data_candidate,[],"[""0x800436EC""]",Static LUI/low-pair reference; pointer arithmetic/control flow can invalidate inferred value
D2KF.EXE,0x80074830,DAT_80074830,LIKELY,data_candidate,"[""0x80044594"", ""0x80044610"", ""0x80044654"", ""0x8004467C""]","[""0x8004458C"", ""0x800445DC"", ""0x80044664""]",Static LUI/low-pair reference; pointer arithmetic/control flow can invalidate inferred value
D2KF.EXE,0x80074850,DAT_80074850,LIKELY,data_candidate,"[""0x80044EA0""]","[""0x80044E98"", ""0x80044F1C"", ""0x80044FAC"", ""0x80045020""]",Static LUI/low-pair reference; pointer arithmetic/control flow can invalidate inferred value
D2KF.EXE,0x80074854,DAT_80074854,LIKELY,data_candidate,"[""0x800450E8""]",[],Static LUI/low-pair reference; pointer arithmetic/control flow can invalidate inferred value
D2KF.EXE,0x80074858,DAT_80074858,LIKELY,data_candidate,"[""0x80045150""]",[],Static LUI/low-pair reference; pointer arithmetic/control flow can invalidate inferred value
D2KF.EXE,0x80074860,DAT_80074860,LIKELY,data_candidate,"[""0x8001EFA8""]",[],Static LUI/low-pair reference; pointer arithmetic/control flow can invalidate inferred value
D2KF.EXE,0x80074924,DAT_80074924,LIKELY,data_candidate,"[""0x8002AAF8""]",[],Static LUI/low-pair reference; pointer arithmetic/control flow can invalidate inferred value
D2KF.EXE,0x80075628,DAT_80075628,LIKELY,data_candidate,"[""0x8002AB34""]",[],Static LUI/low-pair reference; pointer arithmetic/control flow can invalidate inferred value
D2KF.EXE,0x8007662C,DAT_8007662C,LIKELY,data_candidate,"[""0x8002AAF0""]",[],Static LUI/low-pair reference; pointer arithmetic/control flow can invalidate inferred value
D2KF.EXE,0x8007E630,DAT_8007E630,LIKELY,data_candidate,"[""0x80019AD8""]",[],Static LUI/low-pair reference; pointer arithmetic/control flow can invalidate inferred value
D2KF.EXE,0x8007EB10,DAT_8007EB10,LIKELY,data_candidate,"[""0x8002A260""]",[],Static LUI/low-pair reference; pointer arithmetic/control flow can invalidate inferred value
D2KF.EXE,0x8007EF74,DAT_8007EF74,LIKELY,data_candidate,"[""0x8002A464""]",[],Static LUI/low-pair reference; pointer arithmetic/control flow can invalidate inferred value
D2KF.EXE,0x8007F398,DAT_8007F398,LIKELY,data_candidate,"[""0x8002A490""]",[],Static LUI/low-pair reference; pointer arithmetic/control flow can invalidate inferred value
D2KF.EXE,0x8007F7BC,DAT_8007F7BC,LIKELY,data_candidate,"[""0x80027780""]",[],Static LUI/low-pair reference; pointer arithmetic/control flow can invalidate inferred value
D2KF.EXE,0x80087DE8,DAT_80087DE8,LIKELY,data_candidate,"[""0x800277F4"", ""0x80027CB0""]",[],Static LUI/low-pair reference; pointer arithmetic/control flow can invalidate inferred value
D2KF.EXE,0x80088534,DAT_80088534,LIKELY,data_candidate,"[""0x80027840"", ""0x80027CC4""]",[],Static LUI/low-pair reference; pointer arithmetic/control flow can invalidate inferred value
D2KF.EXE,0x80088C80,DAT_80088C80,LIKELY,data_candidate,"[""0x80027874"", ""0x80027CD8""]",[],Static LUI/low-pair reference; pointer arithmetic/control flow can invalidate inferred value
D2KF.EXE,0x800893CC,DAT_800893CC,LIKELY,data_candidate,"[""0x800278A8"", ""0x80027CEC""]",[],Static LUI/low-pair reference; pointer arithmetic/control flow can invalidate inferred value
D2KF.EXE,0x80089B18,DAT_80089B18,LIKELY,data_candidate,"[""0x800278DC"", ""0x80027D00""]",[],Static LUI/low-pair reference; pointer arithmetic/control flow can invalidate inferred value
D2KF.EXE,0x8008A264,DAT_8008A264,LIKELY,data_candidate,"[""0x80025650"", ""0x80025F8C""]",[],Static LUI/low-pair reference; pointer arithmetic/control flow can invalidate inferred value
D2KF.EXE,0x8008AC70,DAT_8008AC70,LIKELY,data_candidate,"[""0x80025684"", ""0x80025FA0""]",[],Static LUI/low-pair reference; pointer arithmetic/control flow can invalidate inferred value
D2KF.EXE,0x8008B6A8,DAT_8008B6A8,LIKELY,data_candidate,"[""0x800256B8"", ""0x80025FB4""]",[],Static LUI/low-pair reference; pointer arithmetic/control flow can invalidate inferred value
D2KF.EXE,0x8008C31C,DAT_8008C31C,LIKELY,code_or_pointer,"[""0x800256E8"", ""0x80025FC8""]",[],Static LUI/low-pair reference; pointer arithmetic/control flow can invalidate inferred value
D2KF.EXE,0x8008D178,DAT_8008D178,LIKELY,code_or_pointer,"[""0x80025720"", ""0x80025FDC""]",[],Static LUI/low-pair reference; pointer arithmetic/control flow can invalidate inferred value
D2KF.EXE,0x8008DEAC,DAT_8008DEAC,LIKELY,code_or_pointer,"[""0x80025754"", ""0x80025FF0""]",[],Static LUI/low-pair reference; pointer arithmetic/control flow can invalidate inferred value
D2KF.EXE,0x8008EAE0,DAT_8008EAE0,LIKELY,code_or_pointer,"[""0x80025788""]",[],Static LUI/low-pair reference; pointer arithmetic/control flow can invalidate inferred value
D2KF.EXE,0x8009053C,DAT_8009053C,LIKELY,code_or_pointer,"[""0x800257BC""]",[],Static LUI/low-pair reference; pointer arithmetic/control flow can invalidate inferred value
D2KF.EXE,0x80093640,DAT_80093640,LIKELY,code_or_pointer,"[""0x80025824""]",[],Static LUI/low-pair reference; pointer arithmetic/control flow can invalidate inferred value
D2KF.EXE,0x80096744,DAT_80096744,LIKELY,code_or_pointer,"[""0x800257EC""]",[],Static LUI/low-pair reference; pointer arithmetic/control flow can invalidate inferred value
D2KF.EXE,0x80098A38,DAT_80098A38,LIKELY,code_or_pointer,"[""0x80025858""]",[],Static LUI/low-pair reference; pointer arithmetic/control flow can invalidate inferred value
D2KF.EXE,0x80099FBC,DAT_80099FBC,LIKELY,code_or_pointer,"[""0x8002588C"", ""0x80026C64""]",[],Static LUI/low-pair reference; pointer arithmetic/control flow can invalidate inferred value
D2KF.EXE,0x8009A4F8,DAT_8009A4F8,LIKELY,code_or_pointer,"[""0x800258C0""]",[],Static LUI/low-pair reference; pointer arithmetic/control flow can invalidate inferred value
D2KF.EXE,0x8009B9DC,DAT_8009B9DC,LIKELY,code_or_pointer,"[""0x800259AC""]",[],Static LUI/low-pair reference; pointer arithmetic/control flow can invalidate inferred value
D2KF.EXE,0x8009CD34,DAT_8009CD34,LIKELY,code_or_pointer,"[""0x800258EC"", ""0x80026DFC"", ""0x80026E20"", ""0x80027040"", ""0x800270AC"", ""0x80027120"", ""0x80027194""]",[],Static LUI/low-pair reference; pointer arithmetic/control flow can invalidate inferred value
D2KF.EXE,0x8009D360,DAT_8009D360,LIKELY,code_or_pointer,"[""0x80025948"", ""0x800271A8""]",[],Static LUI/low-pair reference; pointer arithmetic/control flow can invalidate inferred value
D2KF.EXE,0x8009D98C,DAT_8009D98C,LIKELY,code_or_pointer,"[""0x80025978"", ""0x80027018"", ""0x80027088"", ""0x80027100"", ""0x80027170""]",[],Static LUI/low-pair reference; pointer arithmetic/control flow can invalidate inferred value
D2KF.EXE,0x8009DFB8,DAT_8009DFB8,LIKELY,code_or_pointer,"[""0x8002591C"", ""0x80026E34"", ""0x8002702C"", ""0x80027098"", ""0x80027110"", ""0x80027184""]",[],Static LUI/low-pair reference; pointer arithmetic/control flow can invalidate inferred value
D2KF.EXE,0x8009E5E4,DAT_8009E5E4,LIKELY,code_or_pointer,"[""0x800259DC""]",[],Static LUI/low-pair reference; pointer arithmetic/control flow can invalidate inferred value
D2KF.EXE,0x8009E9A0,DAT_8009E9A0,LIKELY,code_or_pointer,"[""0x80025A10"", ""0x80026460""]",[],Static LUI/low-pair reference; pointer arithmetic/control flow can invalidate inferred value
D2KF.EXE,0x8009ECC0,DAT_8009ECC0,LIKELY,code_or_pointer,"[""0x80025A48"", ""0x800265A8""]",[],Static LUI/low-pair reference; pointer arithmetic/control flow can invalidate inferred value
D2KF.EXE,0x8009F1F4,DAT_8009F1F4,LIKELY,code_or_pointer,"[""0x800255E0""]",[],Static LUI/low-pair reference; pointer arithmetic/control flow can invalidate inferred value
D2KF.EXE,0x800B5C18,DAT_800B5C18,LIKELY,code_or_pointer,"[""0x80019D20""]",[],Static LUI/low-pair reference; pointer arithmetic/control flow can invalidate inferred value
D2KF.EXE,0x800BE7E0,DAT_800BE7E0,LIKELY,code_or_pointer,"[""0x80019D94""]",[],Static LUI/low-pair reference; pointer arithmetic/control flow can invalidate inferred value
D2KF.EXE,0x800C17CC,DAT_800C17CC,LIKELY,code_or_pointer,"[""0x80019DDC""]",[],Static LUI/low-pair reference; pointer arithmetic/control flow can invalidate inferred value
D2KF.EXE,0x800C432C,DAT_800C432C,LIKELY,code_or_pointer,"[""0x80019E10""]",[],Static LUI/low-pair reference; pointer arithmetic/control flow can invalidate inferred value
D2KF.EXE,0x800C7C28,DAT_800C7C28,LIKELY,code_or_pointer,"[""0x80019E48""]",[],Static LUI/low-pair reference; pointer arithmetic/control flow can invalidate inferred value
D2KF.EXE,0x800CAE00,DAT_800CAE00,LIKELY,code_or_pointer,"[""0x80019E78""]",[],Static LUI/low-pair reference; pointer arithmetic/control flow can invalidate inferred value
D2KF.EXE,0x800CBF14,DAT_800CBF14,LIKELY,code_or_pointer,"[""0x80019EAC""]",[],Static LUI/low-pair reference; pointer arithmetic/control flow can invalidate inferred value
D2KF.EXE,0x800CF96C,DAT_800CF96C,LIKELY,code_or_pointer,"[""0x80028E3C""]",[],Static LUI/low-pair reference; pointer arithmetic/control flow can invalidate inferred value
D2KF.EXE,0x800D5070,DAT_800D5070,LIKELY,code_or_pointer,"[""0x80028EAC""]",[],Static LUI/low-pair reference; pointer arithmetic/control flow can invalidate inferred value
D2KF.EXE,0x800D5694,DAT_800D5694,LIKELY,code_or_pointer,"[""0x80028EDC""]",[],Static LUI/low-pair reference; pointer arithmetic/control flow can invalidate inferred value
D2KF.EXE,0x800D5CB8,DAT_800D5CB8,LIKELY,code_or_pointer,"[""0x80028F10""]",[],Static LUI/low-pair reference; pointer arithmetic/control flow can invalidate inferred value
D2KF.EXE,0x800D62DC,DAT_800D62DC,LIKELY,code_or_pointer,"[""0x8002B2E0""]",[],Static LUI/low-pair reference; pointer arithmetic/control flow can invalidate inferred value
D2KF.EXE,0x800D6BB0,DAT_800D6BB0,LIKELY,code_or_pointer,"[""0x8002B3A8""]",[],Static LUI/low-pair reference; pointer arithmetic/control flow can invalidate inferred value
D2KF.EXE,0x800D7548,DAT_800D7548,LIKELY,code_or_pointer,"[""0x8002B478""]",[],Static LUI/low-pair reference; pointer arithmetic/control flow can invalidate inferred value
D2KF.EXE,0x800D81BC,DAT_800D81BC,LIKELY,code_or_pointer,"[""0x8002B564""]",[],Static LUI/low-pair reference; pointer arithmetic/control flow can invalidate inferred value
D2KF.EXE,0x800D8E30,DAT_800D8E30,LIKELY,code_or_pointer,"[""0x8002B664""]",[],Static LUI/low-pair reference; pointer arithmetic/control flow can invalidate inferred value
D2KF.EXE,0x800D9664,DAT_800D9664,LIKELY,code_or_pointer,"[""0x8002B748""]",[],Static LUI/low-pair reference; pointer arithmetic/control flow can invalidate inferred value
D2KF.EXE,0x800D9F78,DAT_800D9F78,LIKELY,code_or_pointer,"[""0x8002B818""]",[],Static LUI/low-pair reference; pointer arithmetic/control flow can invalidate inferred value
D2KF.EXE,0x800DAB3C,DAT_800DAB3C,LIKELY,code_or_pointer,"[""0x8002B938""]",[],Static LUI/low-pair reference; pointer arithmetic/control flow can invalidate inferred value
D2KF.EXE,0x800DB4F8,DAT_800DB4F8,LIKELY,code_or_pointer,"[""0x8002B9CC""]",[],Static LUI/low-pair reference; pointer arithmetic/control flow can invalidate inferred value
D2KF.EXE,0x800DBCB0,DAT_800DBCB0,LIKELY,code_or_pointer,"[""0x8002BA98""]",[],Static LUI/low-pair reference; pointer arithmetic/control flow can invalidate inferred value
D2KF.EXE,0x800DC794,DAT_800DC794,LIKELY,code_or_pointer,"[""0x8002BB90""]",[],Static LUI/low-pair reference; pointer arithmetic/control flow can invalidate inferred value
D2KF.EXE,0x800DD24C,DAT_800DD24C,LIKELY,code_or_pointer,"[""0x8002BC6C""]",[],Static LUI/low-pair reference; pointer arithmetic/control flow can invalidate inferred value
D2KF.EXE,0x800DD7AC,DAT_800DD7AC,LIKELY,code_or_pointer,"[""0x8002BD3C""]",[],Static LUI/low-pair reference; pointer arithmetic/control flow can invalidate inferred value
D2KF.EXE,0x800DE00C,DAT_800DE00C,LIKELY,code_or_pointer,"[""0x8002BE2C""]",[],Static LUI/low-pair reference; pointer arithmetic/control flow can invalidate inferred value
D2KF.EXE,0x800DEB38,DAT_800DEB38,LIKELY,code_or_pointer,"[""0x8002BF40""]",[],Static LUI/low-pair reference; pointer arithmetic/control flow can invalidate inferred value
D2KF.EXE,0x800DF844,DAT_800DF844,LIKELY,code_or_pointer,"[""0x8002BFD4""]",[],Static LUI/low-pair reference; pointer arithmetic/control flow can invalidate inferred value
D2KF.EXE,0x800E03C8,DAT_800E03C8,LIKELY,code_or_pointer,"[""0x8002C0C4""]",[],Static LUI/low-pair reference; pointer arithmetic/control flow can invalidate inferred value
D2KF.EXE,0x800E1010,DAT_800E1010,LIKELY,code_or_pointer,"[""0x8002C1C0""]",[],Static LUI/low-pair reference; pointer arithmetic/control flow can invalidate inferred value
D2KF.EXE,0x800E1610,DAT_800E1610,LIKELY,code_or_pointer,"[""0x8002C290""]",[],Static LUI/low-pair reference; pointer arithmetic/control flow can invalidate inferred value
D2KF.EXE,0x800E1F64,DAT_800E1F64,LIKELY,code_or_pointer,"[""0x8002C37C""]",[],Static LUI/low-pair reference; pointer arithmetic/control flow can invalidate inferred value
D2KF.EXE,0x800E2A24,DAT_800E2A24,LIKELY,code_or_pointer,"[""0x8002C468""]",[],Static LUI/low-pair reference; pointer arithmetic/control flow can invalidate inferred value
D2KF.EXE,0x800E3548,DAT_800E3548,LIKELY,code_or_pointer,"[""0x8002C544""]",[],Static LUI/low-pair reference; pointer arithmetic/control flow can invalidate inferred value
D2KF.EXE,0x800E3B70,DAT_800E3B70,LIKELY,code_or_pointer,"[""0x8002C610""]",[],Static LUI/low-pair reference; pointer arithmetic/control flow can invalidate inferred value
D2KF.EXE,0x800E447C,DAT_800E447C,LIKELY,code_or_pointer,"[""0x8002C6FC""]",[],Static LUI/low-pair reference; pointer arithmetic/control flow can invalidate inferred value
D2KF.EXE,0x800E4C9C,DAT_800E4C9C,LIKELY,code_or_pointer,"[""0x8002C830""]",[],Static LUI/low-pair reference; pointer arithmetic/control flow can invalidate inferred value
D2KF.EXE,0x800E58E0,DAT_800E58E0,LIKELY,code_or_pointer,"[""0x8002C8C4""]",[],Static LUI/low-pair reference; pointer arithmetic/control flow can invalidate inferred value
D2KF.EXE,0x800E5ED0,DAT_800E5ED0,LIKELY,code_or_pointer,"[""0x8002C9D4""]",[],Static LUI/low-pair reference; pointer arithmetic/control flow can invalidate inferred value
D2KF.EXE,0x800E6748,DAT_800E6748,LIKELY,code_or_pointer,"[""0x80020524"", ""0x800227DC""]",[],Static LUI/low-pair reference; pointer arithmetic/control flow can invalidate inferred value
D2KF.EXE,0x800FD16C,DAT_800FD16C,LIKELY,code_or_pointer,"[""0x80020578"", ""0x800211CC"", ""0x80022838"", ""0x80023E78""]",[],Static LUI/low-pair reference; pointer arithmetic/control flow can invalidate inferred value
D2KF.EXE,0x800FDBA8,DAT_800FDBA8,LIKELY,code_or_pointer,"[""0x800205AC"", ""0x800211DC"", ""0x8002286C"", ""0x80023E88""]",[],Static LUI/low-pair reference; pointer arithmetic/control flow can invalidate inferred value
D2KF.EXE,0x800FE5E4,DAT_800FE5E4,LIKELY,code_or_pointer,"[""0x800205E0"", ""0x800211EC"", ""0x800228A0"", ""0x80023E98""]",[],Static LUI/low-pair reference; pointer arithmetic/control flow can invalidate inferred value
D2KF.EXE,0x800FF020,DAT_800FF020,LIKELY,code_or_pointer,"[""0x80020614"", ""0x800211FC"", ""0x800228D4"", ""0x80023EA8""]",[],Static LUI/low-pair reference; pointer arithmetic/control flow can invalidate inferred value
D2KF.EXE,0x800FFA5C,DAT_800FFA5C,LIKELY,code_or_pointer,"[""0x80020648"", ""0x8002120C"", ""0x80022908"", ""0x80023EB8""]",[],Static LUI/low-pair reference; pointer arithmetic/control flow can invalidate inferred value
D2KF.EXE,0x80100498,DAT_80100498,LIKELY,code_or_pointer,"[""0x80020678"", ""0x8002121C"", ""0x80022938"", ""0x80023EC8""]",[],Static LUI/low-pair reference; pointer arithmetic/control flow can invalidate inferred value
D2KF.EXE,0x80100ED4,DAT_80100ED4,LIKELY,code_or_pointer,"[""0x800206AC"", ""0x8002122C"", ""0x8002296C"", ""0x80023ED8""]",[],Static LUI/low-pair reference; pointer arithmetic/control flow can invalidate inferred value
D2KF.EXE,0x80101910,DAT_80101910,LIKELY,code_or_pointer,"[""0x800206E0"", ""0x8002123C"", ""0x800229A0"", ""0x80023EE8""]",[],Static LUI/low-pair reference; pointer arithmetic/control flow can invalidate inferred value
D2KF.EXE,0x8010234C,DAT_8010234C,LIKELY,code_or_pointer,"[""0x80020718"", ""0x8002124C"", ""0x800229D8"", ""0x80023EF8""]",[],Static LUI/low-pair reference; pointer arithmetic/control flow can invalidate inferred value
D2KF.EXE,0x80102D88,DAT_80102D88,LIKELY,code_or_pointer,"[""0x80020748"", ""0x8002125C"", ""0x80022A08"", ""0x80023F08""]",[],Static LUI/low-pair reference; pointer arithmetic/control flow can invalidate inferred value
D2KF.EXE,0x801037C4,DAT_801037C4,LIKELY,code_or_pointer,"[""0x8002077C"", ""0x80022A3C""]",[],Static LUI/low-pair reference; pointer arithmetic/control flow can invalidate inferred value
D2KF.EXE,0x80103C7C,DAT_80103C7C,LIKELY,code_or_pointer,"[""0x80020948"", ""0x80022C34""]",[],Static LUI/low-pair reference; pointer arithmetic/control flow can invalidate inferred value
D2KF.EXE,0x80105250,DAT_80105250,LIKELY,code_or_pointer,"[""0x8002097C"", ""0x80022C68""]",[],Static LUI/low-pair reference; pointer arithmetic/control flow can invalidate inferred value
D2KF.EXE,0x80106284,DAT_80106284,LIKELY,code_or_pointer,"[""0x800207B0"", ""0x80022A70""]",[],Static LUI/low-pair reference; pointer arithmetic/control flow can invalidate inferred value
D2KF.EXE,0x8010682C,DAT_8010682C,LIKELY,code_or_pointer,"[""0x800207E4"", ""0x80022AA4""]",[],Static LUI/low-pair reference; pointer arithmetic/control flow can invalidate inferred value
D2KF.EXE,0x80107700,DAT_80107700,LIKELY,code_or_pointer,"[""0x80020814"", ""0x80022AD4""]",[],Static LUI/low-pair reference; pointer arithmetic/control flow can invalidate inferred value
D2KF.EXE,0x80107C88,DAT_80107C88,LIKELY,code_or_pointer,"[""0x80020848"", ""0x80022B08""]",[],Static LUI/low-pair reference; pointer arithmetic/control flow can invalidate inferred value
D2KF.EXE,0x80108F4C,DAT_80108F4C,LIKELY,code_or_pointer,"[""0x800209AC"", ""0x80022C98""]",[],Static LUI/low-pair reference; pointer arithmetic/control flow can invalidate inferred value
D2KF.EXE,0x80109200,DAT_80109200,LIKELY,code_or_pointer,"[""0x80020880"", ""0x80022B40""]",[],Static LUI/low-pair reference; pointer arithmetic/control flow can invalidate inferred value
D2KF.EXE,0x801098A4,DAT_801098A4,LIKELY,code_or_pointer,"[""0x800208B4"", ""0x80022B70""]",[],Static LUI/low-pair reference; pointer arithmetic/control flow can invalidate inferred value
D2KF.EXE,0x80109F48,DAT_80109F48,LIKELY,code_or_pointer,"[""0x800208E8"", ""0x80022BA4""]",[],Static LUI/low-pair reference; pointer arithmetic/control flow can invalidate inferred value
D2KF.EXE,0x8010A5EC,DAT_8010A5EC,LIKELY,data_candidate,"[""0x80020918"", ""0x80022240""]",[],Static LUI/low-pair reference; pointer arithmetic/control flow can invalidate inferred value
D2KF.EXE,0x8010AC90,DAT_8010AC90,LIKELY,data_candidate,"[""0x80022BD4"", ""0x80024D4C""]",[],Static LUI/low-pair reference; pointer arithmetic/control flow can invalidate inferred value
D2KF.EXE,0x8010B334,DAT_8010B334,LIKELY,data_candidate,"[""0x80022C04""]",[],Static LUI/low-pair reference; pointer arithmetic/control flow can invalidate inferred value
D2KF.EXE,0x8010D810,DAT_8010D810,LIKELY,data_candidate,"[""0x8002CA24""]",[],Static LUI/low-pair reference; pointer arithmetic/control flow can invalidate inferred value
D2KF.EXE,0x8010DD34,DAT_8010DD34,LIKELY,data_candidate,"[""0x8002CABC""]",[],Static LUI/low-pair reference; pointer arithmetic/control flow can invalidate inferred value
D2KF.EXE,0x8010E258,DAT_8010E258,LIKELY,data_candidate,"[""0x8002CA2C""]",[],Static LUI/low-pair reference; pointer arithmetic/control flow can invalidate inferred value
D2KF.EXE,0x8010E77C,DAT_8010E77C,LIKELY,data_candidate,"[""0x8002CA4C""]",[],Static LUI/low-pair reference; pointer arithmetic/control flow can invalidate inferred value
D2KF.EXE,0x8010ECA0,DAT_8010ECA0,LIKELY,data_candidate,"[""0x8002CA54""]",[],Static LUI/low-pair reference; pointer arithmetic/control flow can invalidate inferred value
D2KF.EXE,0x8010F1C4,DAT_8010F1C4,LIKELY,data_candidate,"[""0x8002CA5C""]",[],Static LUI/low-pair reference; pointer arithmetic/control flow can invalidate inferred value
D2KF.EXE,0x8010F6E8,DAT_8010F6E8,LIKELY,data_candidate,"[""0x8002CA64""]",[],Static LUI/low-pair reference; pointer arithmetic/control flow can invalidate inferred value
D2KF.EXE,0x8010F9FC,DAT_8010F9FC,LIKELY,data_candidate,"[""0x8002CA6C""]",[],Static LUI/low-pair reference; pointer arithmetic/control flow can invalidate inferred value
D2KF.EXE,0x8010FD10,DAT_8010FD10,LIKELY,data_candidate,"[""0x8002CA74""]",[],Static LUI/low-pair reference; pointer arithmetic/control flow can invalidate inferred value
D2KF.EXE,0x80110144,DAT_80110144,LIKELY,data_candidate,"[""0x8002CA7C""]",[],Static LUI/low-pair reference; pointer arithmetic/control flow can invalidate inferred value
D2KF.EXE,0x80110458,DAT_80110458,LIKELY,data_candidate,"[""0x8002CA84""]",[],Static LUI/low-pair reference; pointer arithmetic/control flow can invalidate inferred value
D2KF.EXE,0x8011097C,DAT_8011097C,LIKELY,data_candidate,"[""0x8002CA8C""]",[],Static LUI/low-pair reference; pointer arithmetic/control flow can invalidate inferred value
D2KF.EXE,0x80111240,DAT_80111240,LIKELY,data_candidate,"[""0x8002CA94""]",[],Static LUI/low-pair reference; pointer arithmetic/control flow can invalidate inferred value
D2KF.EXE,0x80111A04,DAT_80111A04,LIKELY,data_candidate,"[""0x8002CA9C""]",[],Static LUI/low-pair reference; pointer arithmetic/control flow can invalidate inferred value
D2KF.EXE,0x801124F8,DAT_801124F8,LIKELY,data_candidate,"[""0x8002CAA4""]",[],Static LUI/low-pair reference; pointer arithmetic/control flow can invalidate inferred value
D2KF.EXE,0x80112BCC,DAT_80112BCC,LIKELY,data_candidate,"[""0x8002CAAC""]",[],Static LUI/low-pair reference; pointer arithmetic/control flow can invalidate inferred value
D2KF.EXE,0x80113390,DAT_80113390,LIKELY,data_candidate,"[""0x8002CB04""]",[],Static LUI/low-pair reference; pointer arithmetic/control flow can invalidate inferred value
D2KF.EXE,0x80113B54,DAT_80113B54,LIKELY,data_candidate,"[""0x8002CB0C""]",[],Static LUI/low-pair reference; pointer arithmetic/control flow can invalidate inferred value
D2KF.EXE,0x80114318,DAT_80114318,LIKELY,data_candidate,"[""0x8002CB14""]",[],Static LUI/low-pair reference; pointer arithmetic/control flow can invalidate inferred value
D2KF.EXE,0x8011483C,DAT_8011483C,LIKELY,data_candidate,"[""0x8002CB1C""]",[],Static LUI/low-pair reference; pointer arithmetic/control flow can invalidate inferred value
D2KF.EXE,0x80114D60,DAT_80114D60,LIKELY,data_candidate,"[""0x8002CB24""]",[],Static LUI/low-pair reference; pointer arithmetic/control flow can invalidate inferred value
D2KF.EXE,0x801158E4,DAT_801158E4,LIKELY,data_candidate,"[""0x8002CB2C""]",[],Static LUI/low-pair reference; pointer arithmetic/control flow can invalidate inferred value
D2KF.EXE,0x801163D8,DAT_801163D8,LIKELY,data_candidate,"[""0x8001DCD4""]",[],Static LUI/low-pair reference; pointer arithmetic/control flow can invalidate inferred value
D2KF.EXE,0x801214FC,DAT_801214FC,LIKELY,code_or_pointer,"[""0x8001DD3C""]",[],Static LUI/low-pair reference; pointer arithmetic/control flow can invalidate inferred value
D2KF.EXE,0x80122DA0,DAT_80122DA0,LIKELY,code_or_pointer,"[""0x8001B08C"", ""0x8001DE54""]",[],Static LUI/low-pair reference; pointer arithmetic/control flow can invalidate inferred value
D2KF.EXE,0x801266E4,DAT_801266E4,LIKELY,code_or_pointer,"[""0x8001DD88""]",[],Static LUI/low-pair reference; pointer arithmetic/control flow can invalidate inferred value
D2KF.EXE,0x80126ED8,DAT_80126ED8,LIKELY,code_or_pointer,"[""0x8001DDB8""]",[],Static LUI/low-pair reference; pointer arithmetic/control flow can invalidate inferred value
D2KF.EXE,0x801276CC,DAT_801276CC,LIKELY,code_or_pointer,"[""0x8001DDEC""]",[],Static LUI/low-pair reference; pointer arithmetic/control flow can invalidate inferred value
D2KF.EXE,0x80127EC0,DAT_80127EC0,LIKELY,code_or_pointer,"[""0x8001DE20""]",[],Static LUI/low-pair reference; pointer arithmetic/control flow can invalidate inferred value
D2KF.EXE,0x801294E4,DAT_801294E4,LIKELY,code_or_pointer,"[""0x8001DE88""]",[],Static LUI/low-pair reference; pointer arithmetic/control flow can invalidate inferred value
D2KF.EXE,0x8012995C,DAT_8012995C,LIKELY,code_or_pointer,"[""0x8001CE60""]",[],Static LUI/low-pair reference; pointer arithmetic/control flow can invalidate inferred value
D2KF.EXE,0x80134638,DAT_80134638,LIKELY,code_or_pointer,"[""0x8001CFB4""]",[],Static LUI/low-pair reference; pointer arithmetic/control flow can invalidate inferred value
D2KF.EXE,0x80134898,DAT_80134898,LIKELY,code_or_pointer,"[""0x8001CFE8""]",[],Static LUI/low-pair reference; pointer arithmetic/control flow can invalidate inferred value
D2KF.EXE,0x80134AF8,DAT_80134AF8,LIKELY,code_or_pointer,"[""0x8001CF84""]",[],Static LUI/low-pair reference; pointer arithmetic/control flow can invalidate inferred value
D2KF.EXE,0x801350F4,DAT_801350F4,LIKELY,code_or_pointer,"[""0x8001CED4""]",[],Static LUI/low-pair reference; pointer arithmetic/control flow can invalidate inferred value
D2KF.EXE,0x801358E8,DAT_801358E8,LIKELY,code_or_pointer,"[""0x8001CF1C""]",[],Static LUI/low-pair reference; pointer arithmetic/control flow can invalidate inferred value
D2KF.EXE,0x801360DC,DAT_801360DC,LIKELY,code_or_pointer,"[""0x8001CF4C""]",[],Static LUI/low-pair reference; pointer arithmetic/control flow can invalidate inferred value
D2KF.EXE,0x801368D0,DAT_801368D0,LIKELY,code_or_pointer,"[""0x8001BE50""]",[],Static LUI/low-pair reference; pointer arithmetic/control flow can invalidate inferred value
D2KF.EXE,0x8014323C,DAT_8014323C,LIKELY,code_or_pointer,"[""0x8001BEBC""]",[],Static LUI/low-pair reference; pointer arithmetic/control flow can invalidate inferred value
D2KF.EXE,0x80143778,DAT_80143778,LIKELY,data_candidate,"[""0x8001AE9C""]",[],Static LUI/low-pair reference; pointer arithmetic/control flow can invalidate inferred value
D2KF.EXE,0x8014DFBC,DAT_8014DFBC,LIKELY,code_or_pointer,"[""0x8001AF1C""]",[],Static LUI/low-pair reference; pointer arithmetic/control flow can invalidate inferred value
D2KF.EXE,0x80150300,DAT_80150300,LIKELY,code_or_pointer,"[""0x8001AF54""]",[],Static LUI/low-pair reference; pointer arithmetic/control flow can invalidate inferred value
D2KF.EXE,0x80152644,DAT_80152644,LIKELY,code_or_pointer,"[""0x8001AF8C""]",[],Static LUI/low-pair reference; pointer arithmetic/control flow can invalidate inferred value
D2KF.EXE,0x80154988,DAT_80154988,LIKELY,code_or_pointer,"[""0x8001AFC0""]",[],Static LUI/low-pair reference; pointer arithmetic/control flow can invalidate inferred value
D2KF.EXE,0x80154FFC,DAT_80154FFC,LIKELY,code_or_pointer,"[""0x8001AFF0""]",[],Static LUI/low-pair reference; pointer arithmetic/control flow can invalidate inferred value
D2KF.EXE,0x80155670,DAT_80155670,LIKELY,code_or_pointer,"[""0x8001B024""]",[],Static LUI/low-pair reference; pointer arithmetic/control flow can invalidate inferred value
D2KF.EXE,0x80155CE4,DAT_80155CE4,LIKELY,code_or_pointer,"[""0x8001B058""]",[],Static LUI/low-pair reference; pointer arithmetic/control flow can invalidate inferred value
D2KF.EXE,0x80156358,DAT_80156358,LIKELY,code_or_pointer,"[""0x8001C904""]",[],Static LUI/low-pair reference; pointer arithmetic/control flow can invalidate inferred value
D2KF.EXE,0x801572FC,DAT_801572FC,LIKELY,code_or_pointer,"[""0x8001C90C""]",[],Static LUI/low-pair reference; pointer arithmetic/control flow can invalidate inferred value
D2KF.EXE,0x80157B30,DAT_80157B30,LIKELY,code_or_pointer,"[""0x8001C914""]",[],Static LUI/low-pair reference; pointer arithmetic/control flow can invalidate inferred value
D2KF.EXE,0x80158358,DAT_80158358,LIKELY,code_or_pointer,"[""0x8001C91C""]",[],Static LUI/low-pair reference; pointer arithmetic/control flow can invalidate inferred value
D2KF.EXE,0x8015A044,DAT_8015A044,LIKELY,code_or_pointer,"[""0x8001C924""]",[],Static LUI/low-pair reference; pointer arithmetic/control flow can invalidate inferred value
D2KF.EXE,0x8015AED4,DAT_8015AED4,LIKELY,code_or_pointer,"[""0x8001C92C""]",[],Static LUI/low-pair reference; pointer arithmetic/control flow can invalidate inferred value
D2KF.EXE,0x8015CC1C,DAT_8015CC1C,LIKELY,code_or_pointer,"[""0x8001C934""]",[],Static LUI/low-pair reference; pointer arithmetic/control flow can invalidate inferred value
D2KF.EXE,0x8015E1B8,DAT_8015E1B8,LIKELY,code_or_pointer,"[""0x8001C93C""]",[],Static LUI/low-pair reference; pointer arithmetic/control flow can invalidate inferred value
D2KF.EXE,0x80161078,DAT_80161078,LIKELY,code_or_pointer,"[""0x8001C944""]",[],Static LUI/low-pair reference; pointer arithmetic/control flow can invalidate inferred value
D2KF.EXE,0x8016308C,DAT_8016308C,LIKELY,code_or_pointer,"[""0x8001C94C""]",[],Static LUI/low-pair reference; pointer arithmetic/control flow can invalidate inferred value
D2KF.EXE,0x80164540,DAT_80164540,LIKELY,code_or_pointer,"[""0x8001C954""]",[],Static LUI/low-pair reference; pointer arithmetic/control flow can invalidate inferred value
D2KF.EXE,0x801650E8,DAT_801650E8,LIKELY,code_or_pointer,"[""0x8001C95C""]",[],Static LUI/low-pair reference; pointer arithmetic/control flow can invalidate inferred value
D2KF.EXE,0x80165E9C,DAT_80165E9C,LIKELY,code_or_pointer,"[""0x8001C964""]",[],Static LUI/low-pair reference; pointer arithmetic/control flow can invalidate inferred value
D2KF.EXE,0x80166264,DAT_80166264,LIKELY,code_or_pointer,"[""0x8001C96C""]",[],Static LUI/low-pair reference; pointer arithmetic/control flow can invalidate inferred value
D2KF.EXE,0x80166A50,DAT_80166A50,LIKELY,code_or_pointer,"[""0x800190CC""]",[],Static LUI/low-pair reference; pointer arithmetic/control flow can invalidate inferred value
D2KF.EXE,0x80166A88,DAT_80166A88,LIKELY,code_or_pointer,"[""0x8001949C""]",[],Static LUI/low-pair reference; pointer arithmetic/control flow can invalidate inferred value
D2KF.EXE,0x80166AAC,DAT_80166AAC,LIKELY,code_or_pointer,"[""0x80019528""]",[],Static LUI/low-pair reference; pointer arithmetic/control flow can invalidate inferred value
D2KF.EXE,0x80166AC4,DAT_80166AC4,LIKELY,code_or_pointer,"[""0x800195A0""]",[],Static LUI/low-pair reference; pointer arithmetic/control flow can invalidate inferred value
D2KF.EXE,0x80166AD0,DAT_80166AD0,LIKELY,code_or_pointer,"[""0x800195A8""]",[],Static LUI/low-pair reference; pointer arithmetic/control flow can invalidate inferred value
D2KF.EXE,0x80166ADC,DAT_80166ADC,LIKELY,code_or_pointer,"[""0x80019C44""]",[],Static LUI/low-pair reference; pointer arithmetic/control flow can invalidate inferred value
D2KF.EXE,0x80166AF4,DAT_80166AF4,LIKELY,code_or_pointer,"[""0x80019CAC""]",[],Static LUI/low-pair reference; pointer arithmetic/control flow can invalidate inferred value
D2KF.EXE,0x80166B0C,DAT_80166B0C,LIKELY,code_or_pointer,"[""0x8001A240""]",[],Static LUI/low-pair reference; pointer arithmetic/control flow can invalidate inferred value
D2KF.EXE,0x80166B18,DAT_80166B18,LIKELY,code_or_pointer,"[""0x8001A2A4""]",[],Static LUI/low-pair reference; pointer arithmetic/control flow can invalidate inferred value
D2KF.EXE,0x80166B34,DAT_80166B34,LIKELY,code_or_pointer,"[""0x8001A318""]",[],Static LUI/low-pair reference; pointer arithmetic/control flow can invalidate inferred value
D2KF.EXE,0x80166B60,DAT_80166B60,LIKELY,code_or_pointer,"[""0x8001EBB8""]",[],Static LUI/low-pair reference; pointer arithmetic/control flow can invalidate inferred value
D2KF.EXE,0x80166B8C,DAT_80166B8C,LIKELY,code_or_pointer,"[""0x8001EE4C""]",[],Static LUI/low-pair reference; pointer arithmetic/control flow can invalidate inferred value
D2KF.EXE,0x80166B98,DAT_80166B98,LIKELY,code_or_pointer,"[""0x8001EFD8""]",[],Static LUI/low-pair reference; pointer arithmetic/control flow can invalidate inferred value
D2KF.EXE,0x80166BB4,DAT_80166BB4,LIKELY,code_or_pointer,"[""0x8001EFE0""]",[],Static LUI/low-pair reference; pointer arithmetic/control flow can invalidate inferred value
D2KF.EXE,0x80166BCC,DAT_80166BCC,LIKELY,code_or_pointer,"[""0x8001F3D8""]",[],Static LUI/low-pair reference; pointer arithmetic/control flow can invalidate inferred value
D2KF.EXE,0x80166BE8,DAT_80166BE8,LIKELY,code_or_pointer,"[""0x8001F43C""]",[],Static LUI/low-pair reference; pointer arithmetic/control flow can invalidate inferred value
D2KF.EXE,0x80166BFC,DAT_80166BFC,LIKELY,code_or_pointer,"[""0x8001F540""]",[],Static LUI/low-pair reference; pointer arithmetic/control flow can invalidate inferred value
D2KF.EXE,0x80166C18,DAT_80166C18,LIKELY,code_or_pointer,"[""0x8001F5B8""]",[],Static LUI/low-pair reference; pointer arithmetic/control flow can invalidate inferred value
D2KF.EXE,0x80166C44,DAT_80166C44,LIKELY,code_or_pointer,"[""0x8001F8AC""]",[],Static LUI/low-pair reference; pointer arithmetic/control flow can invalidate inferred value
D2KF.EXE,0x80166C58,DAT_80166C58,LIKELY,code_or_pointer,"[""0x80027930""]",[],Static LUI/low-pair reference; pointer arithmetic/control flow can invalidate inferred value
D2KF.EXE,0x80166C68,DAT_80166C68,LIKELY,code_or_pointer,"[""0x800279AC""]",[],Static LUI/low-pair reference; pointer arithmetic/control flow can invalidate inferred value
D2KF.EXE,0x80166C78,DAT_80166C78,LIKELY,code_or_pointer,"[""0x800279C4""]",[],Static LUI/low-pair reference; pointer arithmetic/control flow can invalidate inferred value
D2KF.EXE,0x80166C88,DAT_80166C88,LIKELY,code_or_pointer,"[""0x800279D4""]",[],Static LUI/low-pair reference; pointer arithmetic/control flow can invalidate inferred value
D2KF.EXE,0x80166C98,DAT_80166C98,LIKELY,code_or_pointer,"[""0x80028128""]",[],Static LUI/low-pair reference; pointer arithmetic/control flow can invalidate inferred value
D2KF.EXE,0x80166D14,DAT_80166D14,LIKELY,code_or_pointer,"[""0x800281B8""]",[],Static LUI/low-pair reference; pointer arithmetic/control flow can invalidate inferred value
D2KF.EXE,0x80166D24,DAT_80166D24,LIKELY,code_or_pointer,"[""0x800281C8""]",[],Static LUI/low-pair reference; pointer arithmetic/control flow can invalidate inferred value
D2KF.EXE,0x80166D30,DAT_80166D30,LIKELY,code_or_pointer,"[""0x800281D0""]",[],Static LUI/low-pair reference; pointer arithmetic/control flow can invalidate inferred value
D2KF.EXE,0x80166D3C,DAT_80166D3C,LIKELY,code_or_pointer,"[""0x800281E0""]",[],Static LUI/low-pair reference; pointer arithmetic/control flow can invalidate inferred value
D2KF.EXE,0x80166D70,DAT_80166D70,LIKELY,code_or_pointer,"[""0x80028218""]",[],Static LUI/low-pair reference; pointer arithmetic/control flow can invalidate inferred value
D2KF.EXE,0x80166D9C,DAT_80166D9C,LIKELY,code_or_pointer,"[""0x80029574""]",[],Static LUI/low-pair reference; pointer arithmetic/control flow can invalidate inferred value
D2KF.EXE,0x80166E74,DAT_80166E74,LIKELY,code_or_pointer,"[""0x80029900""]",[],Static LUI/low-pair reference; pointer arithmetic/control flow can invalidate inferred value
D2KF.EXE,0x8016723C,DAT_8016723C,LIKELY,code_or_pointer,"[""0x8002ABE4""]",[],Static LUI/low-pair reference; pointer arithmetic/control flow can invalidate inferred value
D2KF.EXE,0x80167554,DAT_80167554,LIKELY,code_or_pointer,"[""0x8002F074"", ""0x8002F3AC"", ""0x8002F4F0"", ""0x8002F97C""]",[],Static LUI/low-pair reference; pointer arithmetic/control flow can invalidate inferred value
D2KF.EXE,0x80167564,DAT_80167564,LIKELY,code_or_pointer,"[""0x8002F280""]",[],Static LUI/low-pair reference; pointer arithmetic/control flow can invalidate inferred value
D2KF.EXE,0x80167574,DAT_80167574,LIKELY,code_or_pointer,"[""0x8002FA80""]",[],Static LUI/low-pair reference; pointer arithmetic/control flow can invalidate inferred value
D2KF.EXE,0x801675C4,DAT_801675C4,LIKELY,code_or_pointer,"[""0x8002FB4C""]",[],Static LUI/low-pair reference; pointer arithmetic/control flow can invalidate inferred value
D2KF.EXE,0x801675DC,DAT_801675DC,LIKELY,code_or_pointer,"[""0x800302C4"", ""0x80030344"", ""0x800303C4""]",[],Static LUI/low-pair reference; pointer arithmetic/control flow can invalidate inferred value
D2KF.EXE,0x80167614,DAT_80167614,LIKELY,code_or_pointer,"[""0x80030434""]",[],Static LUI/low-pair reference; pointer arithmetic/control flow can invalidate inferred value
D2KF.EXE,0x8016763C,DAT_8016763C,LIKELY,code_or_pointer,"[""0x80030744"", ""0x80030B2C""]",[],Static LUI/low-pair reference; pointer arithmetic/control flow can invalidate inferred value
D2KF.EXE,0x80167650,DAT_80167650,LIKELY,code_or_pointer,"[""0x800309F4""]",[],Static LUI/low-pair reference; pointer arithmetic/control flow can invalidate inferred value
D2KF.EXE,0x80167658,DAT_80167658,LIKELY,code_or_pointer,"[""0x80030A78""]",[],Static LUI/low-pair reference; pointer arithmetic/control flow can invalidate inferred value
D2KF.EXE,0x8016785C,DAT_8016785C,LIKELY,code_or_pointer,"[""0x800315E8""]",[],Static LUI/low-pair reference; pointer arithmetic/control flow can invalidate inferred value
D2KF.EXE,0x80167870,DAT_80167870,LIKELY,code_or_pointer,"[""0x800315F0""]",[],Static LUI/low-pair reference; pointer arithmetic/control flow can invalidate inferred value
D2KF.EXE,0x8016793C,DAT_8016793C,LIKELY,code_or_pointer,"[""0x800319E8""]",[],Static LUI/low-pair reference; pointer arithmetic/control flow can invalidate inferred value
D2KF.EXE,0x8016795C,DAT_8016795C,LIKELY,code_or_pointer,"[""0x80031BC4"", ""0x80031BF8""]",[],Static LUI/low-pair reference; pointer arithmetic/control flow can invalidate inferred value
D2KF.EXE,0x80167AA8,DAT_80167AA8,LIKELY,code_or_pointer,"[""0x80032880"", ""0x80032B00"", ""0x80032F5C"", ""0x8003362C""]",[],Static LUI/low-pair reference; pointer arithmetic/control flow can invalidate inferred value
D2KF.EXE,0x80167AB8,DAT_80167AB8,LIKELY,code_or_pointer,"[""0x800328CC"", ""0x80032B4C"", ""0x80032FA8"", ""0x80033678""]",[],Static LUI/low-pair reference; pointer arithmetic/control flow can invalidate inferred value
D2KF.EXE,0x80167AD4,DAT_80167AD4,LIKELY,code_or_pointer,"[""0x80032430""]",[],Static LUI/low-pair reference; pointer arithmetic/control flow can invalidate inferred value
D2KF.EXE,0x80167AE0,DAT_80167AE0,LIKELY,code_or_pointer,"[""0x80032478""]",[],Static LUI/low-pair reference; pointer arithmetic/control flow can invalidate inferred value
D2KF.EXE,0x80167AFC,DAT_80167AFC,LIKELY,code_or_pointer,"[""0x80032780""]",[],Static LUI/low-pair reference; pointer arithmetic/control flow can invalidate inferred value
D2KF.EXE,0x80167B10,DAT_80167B10,LIKELY,code_or_pointer,"[""0x80032790""]",[],Static LUI/low-pair reference; pointer arithmetic/control flow can invalidate inferred value
D2KF.EXE,0x80167B30,DAT_80167B30,LIKELY,code_or_pointer,"[""0x80032818""]",[],Static LUI/low-pair reference; pointer arithmetic/control flow can invalidate inferred value
D2KF.EXE,0x80167B38,DAT_80167B38,LIKELY,code_or_pointer,"[""0x80032A98""]",[],Static LUI/low-pair reference; pointer arithmetic/control flow can invalidate inferred value
D2KF.EXE,0x80167B44,DAT_80167B44,LIKELY,code_or_pointer,"[""0x80032D54""]",[],Static LUI/low-pair reference; pointer arithmetic/control flow can invalidate inferred value
D2KF.EXE,0x80167B4C,DAT_80167B4C,LIKELY,code_or_pointer,"[""0x80032DA8""]",[],Static LUI/low-pair reference; pointer arithmetic/control flow can invalidate inferred value
D2KF.EXE,0x80167B5C,DAT_80167B5C,LIKELY,code_or_pointer,"[""0x80032EDC""]",[],Static LUI/low-pair reference; pointer arithmetic/control flow can invalidate inferred value
D2KF.EXE,0x80167B9C,DAT_80167B9C,LIKELY,code_or_pointer,"[""0x800333A0""]",[],Static LUI/low-pair reference; pointer arithmetic/control flow can invalidate inferred value
D2KF.EXE,0x80167BA8,DAT_80167BA8,LIKELY,code_or_pointer,"[""0x800333B4""]",[],Static LUI/low-pair reference; pointer arithmetic/control flow can invalidate inferred value
D2KF.EXE,0x80167BB4,DAT_80167BB4,LIKELY,code_or_pointer,"[""0x800335CC""]",[],Static LUI/low-pair reference; pointer arithmetic/control flow can invalidate inferred value
D2KF.EXE,0x80167BCC,DAT_80167BCC,LIKELY,code_or_pointer,"[""0x800339CC""]",[],Static LUI/low-pair reference; pointer arithmetic/control flow can invalidate inferred value
D2KF.EXE,0x80167BDC,DAT_80167BDC,LIKELY,code_or_pointer,"[""0x80033B3C""]",[],Static LUI/low-pair reference; pointer arithmetic/control flow can invalidate inferred value
D2KF.EXE,0x80167BF8,DAT_80167BF8,LIKELY,code_or_pointer,"[""0x80033B7C""]",[],Static LUI/low-pair reference; pointer arithmetic/control flow can invalidate inferred value
D2KF.EXE,0x80167C10,DAT_80167C10,LIKELY,code_or_pointer,"[""0x80033BAC""]",[],Static LUI/low-pair reference; pointer arithmetic/control flow can invalidate inferred value
D2KF.EXE,0x80167C2C,DAT_80167C2C,LIKELY,code_or_pointer,"[""0x80033BD4""]",[],Static LUI/low-pair reference; pointer arithmetic/control flow can invalidate inferred value
D2KF.EXE,0x80167C4C,DAT_80167C4C,LIKELY,code_or_pointer,"[""0x80033C3C""]",[],Static LUI/low-pair reference; pointer arithmetic/control flow can invalidate inferred value
D2KF.EXE,0x80167C58,DAT_80167C58,LIKELY,code_or_pointer,"[""0x80033CB0""]",[],Static LUI/low-pair reference; pointer arithmetic/control flow can invalidate inferred value
D2KF.EXE,0x80167C68,DAT_80167C68,LIKELY,code_or_pointer,"[""0x80033D70""]",[],Static LUI/low-pair reference; pointer arithmetic/control flow can invalidate inferred value
D2KF.EXE,0x80167C94,DAT_80167C94,LIKELY,code_or_pointer,"[""0x80033D80""]",[],Static LUI/low-pair reference; pointer arithmetic/control flow can invalidate inferred value
D2KF.EXE,0x80167C9C,DAT_80167C9C,LIKELY,code_or_pointer,"[""0x80033DB0""]",[],Static LUI/low-pair reference; pointer arithmetic/control flow can invalidate inferred value
D2KF.EXE,0x80167CCC,DAT_80167CCC,LIKELY,code_or_pointer,"[""0x80033E08""]",[],Static LUI/low-pair reference; pointer arithmetic/control flow can invalidate inferred value
D2KF.EXE,0x80167CF0,DAT_80167CF0,LIKELY,code_or_pointer,"[""0x80033E34""]",[],Static LUI/low-pair reference; pointer arithmetic/control flow can invalidate inferred value
D2KF.EXE,0x80167D10,DAT_80167D10,LIKELY,code_or_pointer,"[""0x80033F28""]",[],Static LUI/low-pair reference; pointer arithmetic/control flow can invalidate inferred value
D2KF.EXE,0x80167D24,DAT_80167D24,LIKELY,code_or_pointer,"[""0x80033F94""]",[],Static LUI/low-pair reference; pointer arithmetic/control flow can invalidate inferred value
D2KF.EXE,0x80167D48,DAT_80167D48,LIKELY,code_or_pointer,"[""0x80034100""]",[],Static LUI/low-pair reference; pointer arithmetic/control flow can invalidate inferred value
D2KF.EXE,0x80167D68,DAT_80167D68,LIKELY,code_or_pointer,"[""0x8003412C""]",[],Static LUI/low-pair reference; pointer arithmetic/control flow can invalidate inferred value
D2KF.EXE,0x80167D84,DAT_80167D84,LIKELY,code_or_pointer,"[""0x800341BC""]",[],Static LUI/low-pair reference; pointer arithmetic/control flow can invalidate inferred value
D2KF.EXE,0x80167D88,DAT_80167D88,LIKELY,code_or_pointer,"[""0x800341CC""]",[],Static LUI/low-pair reference; pointer arithmetic/control flow can invalidate inferred value
D2KF.EXE,0x80167D8A,DAT_80167D8A,LIKELY,code_or_pointer,"[""0x800341D4""]",[],Static LUI/low-pair reference; pointer arithmetic/control flow can invalidate inferred value
D2KF.EXE,0x80167D8C,DAT_80167D8C,LIKELY,code_or_pointer,"[""0x8003424C""]",[],Static LUI/low-pair reference; pointer arithmetic/control flow can invalidate inferred value
D2KF.EXE,0x80167DA8,DAT_80167DA8,LIKELY,code_or_pointer,"[""0x800342D4""]",[],Static LUI/low-pair reference; pointer arithmetic/control flow can invalidate inferred value
D2KF.EXE,0x80167DCC,DAT_80167DCC,LIKELY,code_or_pointer,"[""0x800344FC""]",[],Static LUI/low-pair reference; pointer arithmetic/control flow can invalidate inferred value
D2KF.EXE,0x80167DE4,DAT_80167DE4,LIKELY,code_or_pointer,"[""0x800347F0""]",[],Static LUI/low-pair reference; pointer arithmetic/control flow can invalidate inferred value
D2KF.EXE,0x80167DFC,DAT_80167DFC,LIKELY,code_or_pointer,"[""0x80034838""]",[],Static LUI/low-pair reference; pointer arithmetic/control flow can invalidate inferred value
D2KF.EXE,0x80167E1C,DAT_80167E1C,LIKELY,code_or_pointer,"[""0x80035CAC""]",[],Static LUI/low-pair reference; pointer arithmetic/control flow can invalidate inferred value
D2KF.EXE,0x80167E3C,DAT_80167E3C,LIKELY,code_or_pointer,"[""0x80036548""]",[],Static LUI/low-pair reference; pointer arithmetic/control flow can invalidate inferred value
D2KF.EXE,0x80167E80,DAT_80167E80,LIKELY,code_or_pointer,"[""0x80036858""]",[],Static LUI/low-pair reference; pointer arithmetic/control flow can invalidate inferred value
D2KF.EXE,0x80167E9C,DAT_80167E9C,LIKELY,code_or_pointer,"[""0x8003697C""]",[],Static LUI/low-pair reference; pointer arithmetic/control flow can invalidate inferred value
D2KF.EXE,0x80167EBC,DAT_80167EBC,LIKELY,code_or_pointer,"[""0x80036FB4""]",[],Static LUI/low-pair reference; pointer arithmetic/control flow can invalidate inferred value
D2KF.EXE,0x80167ED8,DAT_80167ED8,LIKELY,code_or_pointer,"[""0x80036FC8""]",[],Static LUI/low-pair reference; pointer arithmetic/control flow can invalidate inferred value
D2KF.EXE,0x80167FB4,DAT_80167FB4,LIKELY,code_or_pointer,"[""0x80038560""]",[],Static LUI/low-pair reference; pointer arithmetic/control flow can invalidate inferred value
D2KF.EXE,0x80167FD4,DAT_80167FD4,LIKELY,code_or_pointer,"[""0x8003863C""]",[],Static LUI/low-pair reference; pointer arithmetic/control flow can invalidate inferred value
D2KF.EXE,0x80167FE8,DAT_80167FE8,LIKELY,code_or_pointer,"[""0x800386C8""]",[],Static LUI/low-pair reference; pointer arithmetic/control flow can invalidate inferred value
D2KF.EXE,0x80168014,DAT_80168014,LIKELY,code_or_pointer,"[""0x80038714""]",[],Static LUI/low-pair reference; pointer arithmetic/control flow can invalidate inferred value
D2KF.EXE,0x80168028,DAT_80168028,LIKELY,code_or_pointer,"[""0x800387CC""]",[],Static LUI/low-pair reference; pointer arithmetic/control flow can invalidate inferred value
D2KF.EXE,0x80168044,DAT_80168044,LIKELY,code_or_pointer,"[""0x80038824""]",[],Static LUI/low-pair reference; pointer arithmetic/control flow can invalidate inferred value
D2KF.EXE,0x80168058,DAT_80168058,LIKELY,code_or_pointer,"[""0x800388B0""]",[],Static LUI/low-pair reference; pointer arithmetic/control flow can invalidate inferred value
D2KF.EXE,0x8016806C,DAT_8016806C,LIKELY,code_or_pointer,"[""0x800389B8""]",[],Static LUI/low-pair reference; pointer arithmetic/control flow can invalidate inferred value
D2KF.EXE,0x80168078,DAT_80168078,LIKELY,code_or_pointer,"[""0x800389F4""]",[],Static LUI/low-pair reference; pointer arithmetic/control flow can invalidate inferred value
D2KF.EXE,0x8016808C,DAT_8016808C,LIKELY,code_or_pointer,"[""0x800389C0""]",[],Static LUI/low-pair reference; pointer arithmetic/control flow can invalidate inferred value
D2KF.EXE,0x80168090,DAT_80168090,LIKELY,code_or_pointer,"[""0x80038A20""]",[],Static LUI/low-pair reference; pointer arithmetic/control flow can invalidate inferred value
D2KF.EXE,0x8016809C,DAT_8016809C,LIKELY,code_or_pointer,"[""0x80038AB0""]",[],Static LUI/low-pair reference; pointer arithmetic/control flow can invalidate inferred value
D2KF.EXE,0x801680A8,DAT_801680A8,LIKELY,code_or_pointer,"[""0x80038B50""]",[],Static LUI/low-pair reference; pointer arithmetic/control flow can invalidate inferred value
D2KF.EXE,0x801680B4,DAT_801680B4,LIKELY,code_or_pointer,"[""0x80038BB0"", ""0x8003B0DC""]",[],Static LUI/low-pair reference; pointer arithmetic/control flow can invalidate inferred value
D2KF.EXE,0x801680C0,DAT_801680C0,LIKELY,code_or_pointer,"[""0x80038C18"", ""0x8003B1D0""]",[],Static LUI/low-pair reference; pointer arithmetic/control flow can invalidate inferred value
D2KF.EXE,0x801680CC,DAT_801680CC,LIKELY,code_or_pointer,"[""0x80038CE4""]",[],Static LUI/low-pair reference; pointer arithmetic/control flow can invalidate inferred value
D2KF.EXE,0x801680E4,DAT_801680E4,LIKELY,code_or_pointer,"[""0x80038DA4""]",[],Static LUI/low-pair reference; pointer arithmetic/control flow can invalidate inferred value
D2KF.EXE,0x801680FC,DAT_801680FC,LIKELY,code_or_pointer,"[""0x80038EA4"", ""0x8003B318""]",[],Static LUI/low-pair reference; pointer arithmetic/control flow can invalidate inferred value
D2KF.EXE,0x80168110,DAT_80168110,LIKELY,code_or_pointer,"[""0x80038F24""]",[],Static LUI/low-pair reference; pointer arithmetic/control flow can invalidate inferred value
D2KF.EXE,0x80168128,DAT_80168128,LIKELY,code_or_pointer,"[""0x80038FEC""]",[],Static LUI/low-pair reference; pointer arithmetic/control flow can invalidate inferred value
D2KF.EXE,0x80168144,DAT_80168144,LIKELY,code_or_pointer,"[""0x800390F4""]",[],Static LUI/low-pair reference; pointer arithmetic/control flow can invalidate inferred value
D2KF.EXE,0x8016815C,DAT_8016815C,LIKELY,code_or_pointer,"[""0x8003AE54""]",[],Static LUI/low-pair reference; pointer arithmetic/control flow can invalidate inferred value
D2KF.EXE,0x80168190,DAT_80168190,LIKELY,code_or_pointer,"[""0x8003AFF0""]",[],Static LUI/low-pair reference; pointer arithmetic/control flow can invalidate inferred value
D2KF.EXE,0x801681A8,DAT_801681A8,LIKELY,code_or_pointer,"[""0x8003B5E8""]",[],Static LUI/low-pair reference; pointer arithmetic/control flow can invalidate inferred value
D2KF.EXE,0x8016821C,DAT_8016821C,LIKELY,code_or_pointer,"[""0x8003FA08"", ""0x8003FCC8"", ""0x8003FD5C""]",[],Static LUI/low-pair reference; pointer arithmetic/control flow can invalidate inferred value
D2KF.EXE,0x8016822C,DAT_8016822C,LIKELY,code_or_pointer,"[""0x8003FA14""]",[],Static LUI/low-pair reference; pointer arithmetic/control flow can invalidate inferred value
D2KF.EXE,0x8016823C,DAT_8016823C,LIKELY,code_or_pointer,"[""0x8003FCD4""]",[],Static LUI/low-pair reference; pointer arithmetic/control flow can invalidate inferred value
D2KF.EXE,0x80168250,DAT_80168250,LIKELY,code_or_pointer,"[""0x8003FD68""]",[],Static LUI/low-pair reference; pointer arithmetic/control flow can invalidate inferred value
D2KF.EXE,0x801682EC,DAT_801682EC,LIKELY,code_or_pointer,"[""0x80041F7C""]",[],Static LUI/low-pair reference; pointer arithmetic/control flow can invalidate inferred value
D2KF.EXE,0x80168308,DAT_80168308,LIKELY,code_or_pointer,"[""0x80042104""]",[],Static LUI/low-pair reference; pointer arithmetic/control flow can invalidate inferred value
D2KF.EXE,0x80168318,DAT_80168318,LIKELY,code_or_pointer,"[""0x80042198""]",[],Static LUI/low-pair reference; pointer arithmetic/control flow can invalidate inferred value
D2KF.EXE,0x80168328,DAT_80168328,LIKELY,code_or_pointer,"[""0x800421F8""]",[],Static LUI/low-pair reference; pointer arithmetic/control flow can invalidate inferred value
D2KF.EXE,0x8016833C,DAT_8016833C,LIKELY,code_or_pointer,"[""0x80042750"", ""0x80042AB8"", ""0x80042E2C"", ""0x80042F88"", ""0x8004317C"", ""0x80043914"", ""0x80043C54"", ""0x80043E1C""]",[],Static LUI/low-pair reference; pointer arithmetic/control flow can invalidate inferred value
D2KF.EXE,0x80168364,DAT_80168364,LIKELY,code_or_pointer,"[""0x80042A4C""]",[],Static LUI/low-pair reference; pointer arithmetic/control flow can invalidate inferred value
D2KF.EXE,0x80168438,DAT_80168438,LIKELY,code_or_pointer,"[""0x80042DC4"", ""0x8004339C"", ""0x800435F4""]",[],Static LUI/low-pair reference; pointer arithmetic/control flow can invalidate inferred value
D2KF.EXE,0x80168460,DAT_80168460,LIKELY,code_or_pointer,"[""0x80042F6C"", ""0x80043160""]",[],Static LUI/low-pair reference; pointer arithmetic/control flow can invalidate inferred value
D2KF.EXE,0x80168484,DAT_80168484,LIKELY,code_or_pointer,"[""0x80042FA0"", ""0x80043194"", ""0x800433B0"", ""0x80043608""]",[],Static LUI/low-pair reference; pointer arithmetic/control flow can invalidate inferred value
D2KF.EXE,0x801684B0,DAT_801684B0,LIKELY,code_or_pointer,"[""0x80042FDC"", ""0x800431D0"", ""0x8004340C"", ""0x80043664""]",[],Static LUI/low-pair reference; pointer arithmetic/control flow can invalidate inferred value
D2KF.EXE,0x801684E0,DAT_801684E0,LIKELY,code_or_pointer,"[""0x80043380"", ""0x800435D8"", ""0x80043838"", ""0x80043BB4"", ""0x80043DA8"", ""0x80043F48""]",[],Static LUI/low-pair reference; pointer arithmetic/control flow can invalidate inferred value
D2KF.EXE,0x801685C0,DAT_801685C0,LIKELY,code_or_pointer,"[""0x80044198""]",[],Static LUI/low-pair reference; pointer arithmetic/control flow can invalidate inferred value
D2KF.EXE,0x801685CC,DAT_801685CC,LIKELY,code_or_pointer,"[""0x800445B4""]",[],Static LUI/low-pair reference; pointer arithmetic/control flow can invalidate inferred value
D2KF.EXE,0x801685EC,DAT_801685EC,LIKELY,code_or_pointer,"[""0x80045630""]",[],Static LUI/low-pair reference; pointer arithmetic/control flow can invalidate inferred value
D2KF.EXE,0x8016860C,DAT_8016860C,LIKELY,code_or_pointer,"[""0x8002ECC0""]",[],Static LUI/low-pair reference; pointer arithmetic/control flow can invalidate inferred value
D2KF.EXE,0x801686D8,DAT_801686D8,LIKELY,code_or_pointer,"[""0x8001A278""]",[],Static LUI/low-pair reference; pointer arithmetic/control flow can invalidate inferred value
D2KF.EXE,0x801686DC,DAT_801686DC,LIKELY,code_or_pointer,"[""0x8001A2F0"", ""0x8001A320"", ""0x8001F590"", ""0x8001F5C0"", ""0x8001F884"", ""0x8001F8B4""]",[],Static LUI/low-pair reference; pointer arithmetic/control flow can invalidate inferred value
D2KF.EXE,0x801686E0,DAT_801686E0,LIKELY,code_or_pointer,"[""0x8001A308"", ""0x8001A32C"", ""0x8001F5A8"", ""0x8001F5CC"", ""0x8001F89C"", ""0x8001F8C0""]",[],Static LUI/low-pair reference; pointer arithmetic/control flow can invalidate inferred value
D2KF.EXE,0x801686E4,DAT_801686E4,LIKELY,code_or_pointer,"[""0x8001B628"", ""0x8001B7C0"", ""0x8001B950"", ""0x8001BAE0""]",[],Static LUI/low-pair reference; pointer arithmetic/control flow can invalidate inferred value
D2KF.EXE,0x801686E8,DAT_801686E8,LIKELY,code_or_pointer,"[""0x8001EE40""]",[],Static LUI/low-pair reference; pointer arithmetic/control flow can invalidate inferred value
D2KF.EXE,0x801686F4,DAT_801686F4,LIKELY,code_or_pointer,"[""0x8001F49C""]",[],Static LUI/low-pair reference; pointer arithmetic/control flow can invalidate inferred value
D2KF.EXE,0x801686FC,DAT_801686FC,LIKELY,code_or_pointer,"[""0x8001F514""]",[],Static LUI/low-pair reference; pointer arithmetic/control flow can invalidate inferred value
D2KF.EXE,0x80168704,DAT_80168704,LIKELY,code_or_pointer,"[""0x800281C0""]",[],Static LUI/low-pair reference; pointer arithmetic/control flow can invalidate inferred value
D2KF.EXE,0x80168748,DAT_80168748,LIKELY,code_or_pointer,"[""0x8002E2F4"", ""0x8002E494""]",[],Static LUI/low-pair reference; pointer arithmetic/control flow can invalidate inferred value
D2KF.EXE,0x80168778,DAT_80168778,LIKELY,code_or_pointer,"[""0x8002F098""]",[],Static LUI/low-pair reference; pointer arithmetic/control flow can invalidate inferred value
D2KF.EXE,0x8016879C,DAT_8016879C,LIKELY,code_or_pointer,"[""0x8002FB8C""]",[],Static LUI/low-pair reference; pointer arithmetic/control flow can invalidate inferred value
D2KF.EXE,0x801687A4,DAT_801687A4,LIKELY,code_or_pointer,"[""0x8002FBA4""]",[],Static LUI/low-pair reference; pointer arithmetic/control flow can invalidate inferred value
D2KF.EXE,0x801687C0,DAT_801687C0,LIKELY,code_or_pointer,"[""0x8002EC44""]",[],Static LUI/low-pair reference; pointer arithmetic/control flow can invalidate inferred value
D2KF.EXE,0x801687FC,DAT_801687FC,LIKELY,code_or_pointer,"[""0x8002ECFC"", ""0x8002ED18""]","[""0x8002ECB8""]",Static LUI/low-pair reference; pointer arithmetic/control flow can invalidate inferred value
D2KF.EXE,0x80168800,DAT_80168800,LIKELY,code_or_pointer,"[""0x8002ECEC""]","[""0x8002ECCC""]",Static LUI/low-pair reference; pointer arithmetic/control flow can invalidate inferred value
D2KF.EXE,0x80168804,DAT_80168804,LIKELY,code_or_pointer,"[""0x8002ECF4""]","[""0x8002ECD4""]",Static LUI/low-pair reference; pointer arithmetic/control flow can invalidate inferred value
D2KF.EXE,0x80168830,DAT_80168830,LIKELY,code_or_pointer,"[""0x800209D0"", ""0x80022CBC"", ""0x80024ECC"", ""0x8002CAC0""]","[""0x8002CAB4""]",Static LUI/low-pair reference; pointer arithmetic/control flow can invalidate inferred value
D2KF.EXE,0x80168890,DAT_80168890,LIKELY,code_or_pointer,"[""0x8002890C"", ""0x80028F38"", ""0x80029B9C"", ""0x8002B2AC""]",[],Static LUI/low-pair reference; pointer arithmetic/control flow can invalidate inferred value
D2KF.EXE,0x80169098,DAT_80169098,LIKELY,code_or_pointer,"[""0x8002CC84"", ""0x8002D13C"", ""0x8002D1F8""]","[""0x8002D1AC""]",Static LUI/low-pair reference; pointer arithmetic/control flow can invalidate inferred value
D2KF.EXE,0x801690B4,DAT_801690B4,LIKELY,code_or_pointer,"[""0x8002D524""]",[],Static LUI/low-pair reference; pointer arithmetic/control flow can invalidate inferred value
D2KF.EXE,0x801690C8,DAT_801690C8,LIKELY,code_or_pointer,"[""0x8002DE48""]",[],Static LUI/low-pair reference; pointer arithmetic/control flow can invalidate inferred value
D2KF.EXE,0x801690E8,DAT_801690E8,LIKELY,code_or_pointer,"[""0x8002DBB8"", ""0x8002DE50"", ""0x8002E000""]",[],Static LUI/low-pair reference; pointer arithmetic/control flow can invalidate inferred value
D2KF.EXE,0x80169108,DAT_80169108,LIKELY,code_or_pointer,"[""0x8002DD6C""]",[],Static LUI/low-pair reference; pointer arithmetic/control flow can invalidate inferred value
D2KF.EXE,0x80169908,DAT_80169908,LIKELY,code_or_pointer,"[""0x8002D9D4""]",[],Static LUI/low-pair reference; pointer arithmetic/control flow can invalidate inferred value
D2KF.EXE,0x8016F908,DAT_8016F908,LIKELY,code_or_pointer,"[""0x8002E10C"", ""0x8002E260""]",[],Static LUI/low-pair reference; pointer arithmetic/control flow can invalidate inferred value
D2KF.EXE,0x8016F950,DAT_8016F950,LIKELY,code_or_pointer,"[""0x8002E4C8"", ""0x8002E55C"", ""0x8002E5A0"", ""0x8002E658""]","[""0x8002E4C4""]",Static LUI/low-pair reference; pointer arithmetic/control flow can invalidate inferred value
D2KF.EXE,0x8016F9A0,DAT_8016F9A0,LIKELY,code_or_pointer,"[""0x8002E830"", ""0x8002E8C4"", ""0x8002E908"", ""0x8002E9BC"", ""0x8002EAEC"", ""0x8002EB04"", ""0x8002EB6C""]","[""0x8002E82C""]",Static LUI/low-pair reference; pointer arithmetic/control flow can invalidate inferred value
D2KF.EXE,0x8016F9F0,DAT_8016F9F0,LIKELY,code_or_pointer,"[""0x8002F260""]",[],Static LUI/low-pair reference; pointer arithmetic/control flow can invalidate inferred value
D2KF.EXE,0x8016FF90,DAT_8016FF90,LIKELY,code_or_pointer,"[""0x8002F0A0"", ""0x8002F0F8"", ""0x8002F298""]",[],Static LUI/low-pair reference; pointer arithmetic/control flow can invalidate inferred value
D2KF.EXE,0x8016FFE4,DAT_8016FFE4,LIKELY,code_or_pointer,"[""0x8002D528""]",[],Static LUI/low-pair reference; pointer arithmetic/control flow can invalidate inferred value
D2KF.EXE,0x8016FFF0,DAT_8016FFF0,LIKELY,code_or_pointer,"[""0x800373B4"", ""0x800373FC"", ""0x8004296C""]","[""0x800373A8""]",Static LUI/low-pair reference; pointer arithmetic/control flow can invalidate inferred value
D2KF.EXE,0x8016FFF2,DAT_8016FFF2,LIKELY,code_or_pointer,[],"[""0x80037384""]",Static LUI/low-pair reference; pointer arithmetic/control flow can invalidate inferred value
D2KF.EXE,0x8016FFF4,DAT_8016FFF4,LIKELY,code_or_pointer,"[""0x800373B8"", ""0x80037400""]","[""0x80037380""]",Static LUI/low-pair reference; pointer arithmetic/control flow can invalidate inferred value
D2KF.EXE,0x8016FFF6,DAT_8016FFF6,LIKELY,code_or_pointer,[],"[""0x8003738C""]",Static LUI/low-pair reference; pointer arithmetic/control flow can invalidate inferred value
D2KF.EXE,0x8016FFF8,DAT_8016FFF8,LIKELY,code_or_pointer,"[""0x80033BEC"", ""0x800371F4"", ""0x800373BC"", ""0x80037404"", ""0x800376F0""]","[""0x800373AC""]",Static LUI/low-pair reference; pointer arithmetic/control flow can invalidate inferred value
D2KF.EXE,0x8016FFFA,DAT_8016FFFA,LIKELY,code_or_pointer,[],"[""0x80037388""]",Static LUI/low-pair reference; pointer arithmetic/control flow can invalidate inferred value
D2KF.EXE,0x8016FFFC,DAT_8016FFFC,LIKELY,code_or_pointer,"[""0x800373C0"", ""0x80037408"", ""0x80042984"", ""0x80045050""]","[""0x80037394"", ""0x8003CCF8""]",Static LUI/low-pair reference; pointer arithmetic/control flow can invalidate inferred value
D2KF.EXE,0x8016FFFE,DAT_8016FFFE,LIKELY,code_or_pointer,[],"[""0x80037390""]",Static LUI/low-pair reference; pointer arithmetic/control flow can invalidate inferred value
D2KF.EXE,0x80170000,DAT_80170000,LIKELY,code_or_pointer,"[""0x80035DA8"", ""0x80035DBC"", ""0x80035DD0"", ""0x800373D4"", ""0x8003741C"", ""0x80037450"", ""0x800376AC"", ""0x80037720"", ""0x800377DC"", ""0x80037A98"", ""0x80037F84"", ""0x800381AC"", ""0x8003B630"", ""0x8003B6A8"", ""0x8003B6D0"", ""0x8003B74C"", ""0x8003B8A8"", ""0x8003B8DC"", ""0x8003B958"", ""0x8003B9A0"", ""0x8003B9BC"", ""0x8003BB40"", ""0x8003BB58"", ""0x8003BC30"", ""0x8003BC48"", ""0x8003BC94"", ""0x8003BCA8"", ""0x8003BD5C"", ""0x8003BEB0"", ""0x8003C028"", ""0x8003C08C"", ""0x8003C150"", ""0x8003C18C"", ""0x8003C1C8"", ""0x8003C33C"", ""0x8003C4E0"", ""0x8003C578"", ""0x8003C598"", ""0x8003CC14"", ""0x8003CC6C"", ""0x8003CDB8"", ""0x8003CDEC"", ""0x80040D6C"", ""0x80042710"", ""0x800427D8"", ""0x80042880"", ""0x800428E8"", ""0x80042968"", ""0x80042980"", ""0x80042A24"", ""0x80042A78"", ""0x80042B64"", ""0x80042DAC"", ""0x80042F14"", ""0x80042F54"", ""0x80043148"", ""0x80043368"", ""0x800434A8"", ""0x80043504"", ""0x800435C0"", ""0x80043700"", ""0x8004375C"", ""0x80043820"", ""0x80043A44"", ""0x80043A58"", ""0x80043ABC"", ""0x80043AD8"", ""0x80043B34"", ""0x80043B50"", ""0x80043B9C"", ""0x80043CD8"", ""0x80043D90"", ""0x80043EA0"", ""0x80043F30"", ""0x80043FF0"", ""0x8004411C"", ""0x800441A0""]","[""0x80034FA0"", ""0x80035DB0"", ""0x80035DC4"", ""0x80035DD8"", ""0x800371FC"", ""0x80037230"", ""0x800372CC"", ""0x800372E4"", ""0x800373B0"", ""0x800373C4"", ""0x8003740C"", ""0x80037444"", ""0x8003745C"", ""0x800374A0"", ""0x800374B4"", ""0x800374D0"", ""0x800374F8"", ""0x800376DC"", ""0x800377EC"", ""0x80037854"", ""0x800378B8"", ""0x80037958"", ""0x80037968"", ""0x8003797C"", ""0x8003798C"", ""0x800379A0"", ""0x800379B0"", ""0x80037A0C"", ""0x80037EB8"", ""0x80037F34"", ""0x80039F1C"", ""0x80039F80"", ""0x80039FD0"", ""0x8003C030"", ""0x8003C140"", ""0x8003C4DC"", ""0x8003C4EC"", ""0x8003C594"", ""0x8003C5A4"", ""0x8003CCE8"", ""0x8003CFBC"", ""0x80040C70"", ""0x80043A4C"", ""0x80044128"", ""0x80044138"", ""0x8004505C""]",Static LUI/low-pair reference; pointer arithmetic/control flow can invalidate inferred value
D2KF.EXE,0x80170002,DAT_80170002,LIKELY,code_or_pointer,"[""0x800376E0"", ""0x800377E0"", ""0x8003BEBC""]","[""0x800371F8"", ""0x80037234"", ""0x800372D0"", ""0x800372EC"", ""0x800374A4"", ""0x800374B8"", ""0x800374CC"", ""0x800374DC"", ""0x800376FC"", ""0x800377F4"", ""0x8003785C"", ""0x800378CC"", ""0x8003795C"", ""0x80037970"", ""0x80037980"", ""0x80037994"", ""0x800379A4"", ""0x800379B4"", ""0x80037A20"", ""0x80040C74""]",Static LUI/low-pair reference; pointer arithmetic/control flow can invalidate inferred value
D2KF.EXE,0x80170003,DAT_80170003,LIKELY,code_or_pointer,"[""0x8004419C""]","[""0x80034F9C"", ""0x800372D4"", ""0x800374FC"", ""0x80037508""]",Static LUI/low-pair reference; pointer arithmetic/control flow can invalidate inferred value
D2KF.EXE,0x80170004,DAT_80170004,LIKELY,code_or_pointer,"[""0x80033E50"", ""0x800373D8"", ""0x80037420"", ""0x80037454"", ""0x800377C8"", ""0x80037A9C"", ""0x80037F88"", ""0x800381B0"", ""0x8003C2C4"", ""0x8003C4F4"", ""0x80040CA8"", ""0x800428E4"", ""0x8004412C"", ""0x800441A4""]","[""0x8002CAF8"", ""0x8002E4D4"", ""0x8002E83C"", ""0x8003720C"", ""0x80037238"", ""0x800372D8"", ""0x800373A0"", ""0x800373C8"", ""0x80037410"", ""0x80037460"", ""0x8003752C"", ""0x800377D8"", ""0x80037868"", ""0x80037EBC"", ""0x80037F38"", ""0x80039F40"", ""0x80039FE0"", ""0x8003C2D0"", ""0x8003C4F0"", ""0x8003C4FC"", ""0x8003CCF4"", ""0x8003CFB8"", ""0x80040D34"", ""0x80042A00"", ""0x80042C98"", ""0x80042D14"", ""0x80042D50"", ""0x80043114"", ""0x800432B0"", ""0x80044134"", ""0x80044140"", ""0x80045068""]",Static LUI/low-pair reference; pointer arithmetic/control flow can invalidate inferred value
D2KF.EXE,0x80170005,DAT_80170005,LIKELY,code_or_pointer,"[""0x800441A8""]",[],Static LUI/low-pair reference; pointer arithmetic/control flow can invalidate inferred value
D2KF.EXE,0x80170006,DAT_80170006,LIKELY,code_or_pointer,"[""0x800377A8"", ""0x8003B6DC"", ""0x8003BEC8"", ""0x8003C15C""]","[""0x80037208"", ""0x8003723C"", ""0x80037534"", ""0x800377D4"", ""0x80037874"", ""0x80040D38""]",Static LUI/low-pair reference; pointer arithmetic/control flow can invalidate inferred value
D2KF.EXE,0x80170007,DAT_80170007,LIKELY,code_or_pointer,[],"[""0x80037500"", ""0x8003750C""]",Static LUI/low-pair reference; pointer arithmetic/control flow can invalidate inferred value
D2KF.EXE,0x80170008,DAT_80170008,LIKELY,code_or_pointer,"[""0x80034148"", ""0x8003722C"", ""0x800373DC"", ""0x80037424"", ""0x80037458"", ""0x80037AA0"", ""0x80037F8C"", ""0x800381B4"", ""0x8003BD84"", ""0x8003C2D4"", ""0x8003C2E4"", ""0x8003C470"", ""0x8003C504"", ""0x8003C5AC""]","[""0x8002CAC4"", ""0x8002E4D8"", ""0x8002E840"", ""0x80037204"", ""0x80037240"", ""0x8003739C"", ""0x800373CC"", ""0x80037414"", ""0x80037440"", ""0x80037464"", ""0x800374F0"", ""0x80037EC0"", ""0x80037F3C"", ""0x80039F44"", ""0x8003A010"", ""0x8003BD80"", ""0x8003C13C"", ""0x8003C2E0"", ""0x8003C45C"", ""0x8003C500"", ""0x8003C514"", ""0x8003C5A8"", ""0x8003C5B4"", ""0x8003CD00"", ""0x80043AEC"", ""0x80044118""]",Static LUI/low-pair reference; pointer arithmetic/control flow can invalidate inferred value
D2KF.EXE,0x8017000A,DAT_8017000A,LIKELY,code_or_pointer,"[""0x8003BD20"", ""0x8003BE24"", ""0x8003BE34"", ""0x8003BE48"", ""0x8003C49C""]","[""0x80037200"", ""0x8003BD14"", ""0x8003BE30"", ""0x8003BE44"", ""0x8003C454""]",Static LUI/low-pair reference; pointer arithmetic/control flow can invalidate inferred value
D2KF.EXE,0x8017000C,DAT_8017000C,LIKELY,code_or_pointer,"[""0x800373E0"", ""0x80037428"", ""0x80037468"", ""0x80037AB0"", ""0x80037F9C"", ""0x800381C4""]","[""0x8002CAC8"", ""0x8002E4DC"", ""0x8002E844"", ""0x80037210"", ""0x800372F4"", ""0x80037398"", ""0x800373D0"", ""0x80037418"", ""0x80037474"", ""0x80037ED0"", ""0x80037F4C"", ""0x80039F48"", ""0x80039FFC"", ""0x80042664""]",Static LUI/low-pair reference; pointer arithmetic/control flow can invalidate inferred value
D2KF.EXE,0x8017000D,DAT_8017000D,LIKELY,code_or_pointer,[],"[""0x80037304""]",Static LUI/low-pair reference; pointer arithmetic/control flow can invalidate inferred value
D2KF.EXE,0x8017000E,DAT_8017000E,LIKELY,code_or_pointer,"[""0x8003BDDC"", ""0x8003C47C""]","[""0x80037214"", ""0x8003BDD0"", ""0x8003C464""]",Static LUI/low-pair reference; pointer arithmetic/control flow can invalidate inferred value
D2KF.EXE,0x8017000F,DAT_8017000F,LIKELY,code_or_pointer,[],"[""0x80037218""]",Static LUI/low-pair reference; pointer arithmetic/control flow can invalidate inferred value
D2KF.EXE,0x80170010,DAT_80170010,LIKELY,code_or_pointer,"[""0x8003746C"", ""0x80037504"", ""0x80037AB4"", ""0x80037FA0"", ""0x800381C8""]","[""0x8002CACC"", ""0x8002E4E0"", ""0x8002E848"", ""0x80037220"", ""0x800373E4"", ""0x8003742C"", ""0x8003743C"", ""0x80037478"", ""0x80037ED4"", ""0x80037F50"", ""0x80039F30"", ""0x8003A01C""]",Static LUI/low-pair reference; pointer arithmetic/control flow can invalidate inferred value
D2KF.EXE,0x80170014,DAT_80170014,LIKELY,code_or_pointer,"[""0x80037470"", ""0x80037AB8"", ""0x80037FA4"", ""0x800381CC""]","[""0x8002CAD0"", ""0x8002E4E4"", ""0x8002E84C"", ""0x800373E8"", ""0x80037430"", ""0x8003747C"", ""0x80037ED8"", ""0x80037F54"", ""0x80039F68"", ""0x8003A028""]",Static LUI/low-pair reference; pointer arithmetic/control flow can invalidate inferred value
D2KF.EXE,0x80170018,DAT_80170018,LIKELY,code_or_pointer,"[""0x80037480"", ""0x80037AC8"", ""0x80037FB4"", ""0x800381DC""]","[""0x8002CAD4"", ""0x8002E4E8"", ""0x8002E850"", ""0x800373EC"", ""0x80037434"", ""0x80037488"", ""0x80037EE4"", ""0x80037F60"", ""0x80039F5C""]",Static LUI/low-pair reference; pointer arithmetic/control flow can invalidate inferred value
D2KF.EXE,0x8017001C,DAT_8017001C,LIKELY,code_or_pointer,"[""0x80037484"", ""0x80037ACC"", ""0x80037FB8"", ""0x800381E0""]","[""0x8002CAD8"", ""0x8002E4EC"", ""0x8002E854"", ""0x800373F0"", ""0x80037438"", ""0x8003748C"", ""0x80037EE8"", ""0x80037F68"", ""0x80039F74""]",Static LUI/low-pair reference; pointer arithmetic/control flow can invalidate inferred value
D2KF.EXE,0x80170020,DAT_80170020,LIKELY,code_or_pointer,[],"[""0x8002CADC"", ""0x8002E4F0"", ""0x8002E858"", ""0x80039F88""]",Static LUI/low-pair reference; pointer arithmetic/control flow can invalidate inferred value
D2KF.EXE,0x80170022,DAT_80170022,LIKELY,code_or_pointer,"[""0x8002E118""]",[],Static LUI/low-pair reference; pointer arithmetic/control flow can invalidate inferred value
D2KF.EXE,0x80170024,DAT_80170024,LIKELY,code_or_pointer,"[""0x8002D1FC""]","[""0x8002CAE0"", ""0x8002E4F4"", ""0x8002E85C""]",Static LUI/low-pair reference; pointer arithmetic/control flow can invalidate inferred value
D2KF.EXE,0x80170028,DAT_80170028,LIKELY,code_or_pointer,[],"[""0x8002CAE4"", ""0x8002E4FC"", ""0x8002E864""]",Static LUI/low-pair reference; pointer arithmetic/control flow can invalidate inferred value
D2KF.EXE,0x8017002C,DAT_8017002C,LIKELY,code_or_pointer,[],"[""0x8002CAE8"", ""0x8002E500"", ""0x8002E868""]",Static LUI/low-pair reference; pointer arithmetic/control flow can invalidate inferred value
D2KF.EXE,0x80170030,DAT_80170030,LIKELY,code_or_pointer,[],"[""0x8002CAEC"", ""0x8002E504"", ""0x8002E86C""]",Static LUI/low-pair reference; pointer arithmetic/control flow can invalidate inferred value
D2KF.EXE,0x80170034,DAT_80170034,LIKELY,code_or_pointer,[],"[""0x8002CAF0"", ""0x8002E508"", ""0x8002E870""]",Static LUI/low-pair reference; pointer arithmetic/control flow can invalidate inferred value
D2KF.EXE,0x80170038,DAT_80170038,LIKELY,code_or_pointer,"[""0x80042884""]","[""0x8002CAF4"", ""0x8002E50C"", ""0x8002E874""]",Static LUI/low-pair reference; pointer arithmetic/control flow can invalidate inferred value
D2KF.EXE,0x8017003C,DAT_8017003C,LIKELY,code_or_pointer,[],"[""0x8002CAFC"", ""0x8002E510"", ""0x8002E878""]",Static LUI/low-pair reference; pointer arithmetic/control flow can invalidate inferred value
D2KF.EXE,0x80170040,DAT_80170040,LIKELY,code_or_pointer,"[""0x800427DC"", ""0x80042A28""]","[""0x8002CB30"", ""0x8002E514"", ""0x8002E87C""]",Static LUI/low-pair reference; pointer arithmetic/control flow can invalidate inferred value
D2KF.EXE,0x80170044,DAT_80170044,LIKELY,code_or_pointer,"[""0x80044130""]","[""0x8002CB34"", ""0x8002E518"", ""0x8002E880"", ""0x8004266C""]",Static LUI/low-pair reference; pointer arithmetic/control flow can invalidate inferred value
D2KF.EXE,0x80170048,DAT_80170048,LIKELY,code_or_pointer,[],"[""0x8002CB38"", ""0x8002E51C"", ""0x8002E884""]",Static LUI/low-pair reference; pointer arithmetic/control flow can invalidate inferred value
D2KF.EXE,0x8017004C,DAT_8017004C,LIKELY,code_or_pointer,[],"[""0x8002CB3C"", ""0x8002E524"", ""0x8002E88C""]",Static LUI/low-pair reference; pointer arithmetic/control flow can invalidate inferred value
D2KF.EXE,0x80170050,DAT_80170050,LIKELY,code_or_pointer,"[""0x8004415C""]","[""0x8002CB40"", ""0x80044168""]",Static LUI/low-pair reference; pointer arithmetic/control flow can invalidate inferred value
D2KF.EXE,0x80170054,DAT_80170054,LIKELY,code_or_pointer,"[""0x8004416C""]","[""0x8002CB44"", ""0x80044178""]",Static LUI/low-pair reference; pointer arithmetic/control flow can invalidate inferred value
D2KF.EXE,0x801701E8,DAT_801701E8,LIKELY,code_or_pointer,"[""0x8002FC38""]",[],Static LUI/low-pair reference; pointer arithmetic/control flow can invalidate inferred value
D2KF.EXE,0x80170244,DAT_80170244,LIKELY,code_or_pointer,"[""0x8003006C""]",[],Static LUI/low-pair reference; pointer arithmetic/control flow can invalidate inferred value
D2KF.EXE,0x80170248,DAT_80170248,LIKELY,code_or_pointer,"[""0x8003021C"", ""0x80030224""]",[],Static LUI/low-pair reference; pointer arithmetic/control flow can invalidate inferred value
D2KF.EXE,0x80170858,DAT_80170858,LIKELY,code_or_pointer,"[""0x80030588""]","[""0x800305A0"", ""0x800305B8""]",Static LUI/low-pair reference; pointer arithmetic/control flow can invalidate inferred value
D2KF.EXE,0x80170868,DAT_80170868,LIKELY,code_or_pointer,"[""0x80030EA8"", ""0x80030F04"", ""0x80030FE0"", ""0x8003102C""]",[],Static LUI/low-pair reference; pointer arithmetic/control flow can invalidate inferred value
D2KF.EXE,0x80170888,DAT_80170888,LIKELY,code_or_pointer,"[""0x80035694""]","[""0x80034ECC"", ""0x800350B0"", ""0x800356C8"", ""0x8003576C"", ""0x80035794"", ""0x80035AD8""]",Static LUI/low-pair reference; pointer arithmetic/control flow can invalidate inferred value
D2KF.EXE,0x8017088C,DAT_8017088C,LIKELY,code_or_pointer,"[""0x8003567C"", ""0x8003598C""]","[""0x80034EC4"", ""0x800350A8"", ""0x800356D0"", ""0x80035760"", ""0x8003579C"", ""0x800359B8"", ""0x80035AD0""]",Static LUI/low-pair reference; pointer arithmetic/control flow can invalidate inferred value
D2KF.EXE,0x80170890,DAT_80170890,LIKELY,code_or_pointer,"[""0x800352CC"", ""0x800359CC""]","[""0x80035090""]",Static LUI/low-pair reference; pointer arithmetic/control flow can invalidate inferred value
D2KF.EXE,0x80170894,DAT_80170894,LIKELY,code_or_pointer,"[""0x8002D500""]","[""0x8002D51C"", ""0x80034EBC"", ""0x8003530C""]",Static LUI/low-pair reference; pointer arithmetic/control flow can invalidate inferred value
D2KF.EXE,0x80170898,DAT_80170898,LIKELY,code_or_pointer,"[""0x80035AC8""]","[""0x800350A0""]",Static LUI/low-pair reference; pointer arithmetic/control flow can invalidate inferred value
D2KF.EXE,0x8017089C,DAT_8017089C,LIKELY,code_or_pointer,"[""0x80035598""]","[""0x8003529C""]",Static LUI/low-pair reference; pointer arithmetic/control flow can invalidate inferred value
D2KF.EXE,0x801708A0,DAT_801708A0,LIKELY,code_or_pointer,"[""0x80035624""]","[""0x80035098"", ""0x80035AE4""]",Static LUI/low-pair reference; pointer arithmetic/control flow can invalidate inferred value
D2KF.EXE,0x801708A4,DAT_801708A4,LIKELY,code_or_pointer,"[""0x800352B8"", ""0x80035BA4""]","[""0x80034EAC"", ""0x80034FD8"", ""0x80035A54""]",Static LUI/low-pair reference; pointer arithmetic/control flow can invalidate inferred value
D2KF.EXE,0x801708A8,DAT_801708A8,LIKELY,code_or_pointer,"[""0x80035314"", ""0x800353C0"", ""0x800354C4"", ""0x800355E0"", ""0x80035710"", ""0x800357FC"", ""0x800358A0"", ""0x800358FC"", ""0x80035A68"", ""0x80035A88"", ""0x80035B04"", ""0x80035B24""]","[""0x80035324"", ""0x800353D0"", ""0x800355F4"", ""0x80035654"", ""0x80035720"", ""0x8003580C"", ""0x800358B0"", ""0x8003590C"", ""0x80035A9C"", ""0x80035B38""]",Static LUI/low-pair reference; pointer arithmetic/control flow can invalidate inferred value
D2KF.EXE,0x801708AC,DAT_801708AC,LIKELY,code_or_pointer,"[""0x80034FAC"", ""0x8003537C"", ""0x800356C0"", ""0x8003578C"", ""0x8003582C"", ""0x80035970"", ""0x800359A4"", ""0x80035B84""]","[""0x80034EA4"", ""0x800356F0"", ""0x800357BC"", ""0x8003593C"", ""0x80035B9C""]",Static LUI/low-pair reference; pointer arithmetic/control flow can invalidate inferred value
D2KF.EXE,0x801708B0,DAT_801708B0,LIKELY,code_or_pointer,"[""0x80034F64"", ""0x800356B8"", ""0x800356E0"", ""0x80035784"", ""0x800357AC""]","[""0x80034E9C"", ""0x80034FC8"", ""0x80035978""]",Static LUI/low-pair reference; pointer arithmetic/control flow can invalidate inferred value
D2KF.EXE,0x801708B4,DAT_801708B4,LIKELY,code_or_pointer,"[""0x800351D8"", ""0x80035218"", ""0x8003525C""]","[""0x80034E94"", ""0x8003517C"", ""0x8003520C""]",Static LUI/low-pair reference; pointer arithmetic/control flow can invalidate inferred value
D2KF.EXE,0x801708B8,DAT_801708B8,LIKELY,code_or_pointer,"[""0x80035300"", ""0x800353AC"", ""0x800354A8"", ""0x800355CC"", ""0x8003563C"", ""0x800356FC"", ""0x800357E8"", ""0x8003588C"", ""0x800358E8"", ""0x80035A4C"", ""0x80035AEC"", ""0x80035B8C""]","[""0x80035080""]",Static LUI/low-pair reference; pointer arithmetic/control flow can invalidate inferred value
D2KF.EXE,0x801708BC,DAT_801708BC,LIKELY,code_or_pointer,"[""0x80035200"", ""0x80035758"", ""0x80035854""]","[""0x800352A8""]",Static LUI/low-pair reference; pointer arithmetic/control flow can invalidate inferred value
D2KF.EXE,0x801708C0,DAT_801708C0,LIKELY,code_or_pointer,"[""0x80035584""]","[""0x80035294"", ""0x800355FC"", ""0x800357D8"", ""0x8003587C""]",Static LUI/low-pair reference; pointer arithmetic/control flow can invalidate inferred value
D2KF.EXE,0x801708C4,DAT_801708C4,LIKELY,code_or_pointer,"[""0x80035A70"", ""0x80035AAC"", ""0x80035B0C"", ""0x80035B48""]","[""0x800359D8""]",Static LUI/low-pair reference; pointer arithmetic/control flow can invalidate inferred value
D2KF.EXE,0x801708C8,DAT_801708C8,LIKELY,code_or_pointer,"[""0x80034F6C"", ""0x800350F4"", ""0x8003515C"", ""0x800351A4"", ""0x800351E0"", ""0x80035220"", ""0x80035254"", ""0x80035384"", ""0x800358C8"", ""0x80035928"", ""0x80035960"", ""0x8003599C""]","[""0x8003194C""]",Static LUI/low-pair reference; pointer arithmetic/control flow can invalidate inferred value
D2KF.EXE,0x801708CC,DAT_801708CC,LIKELY,code_or_pointer,"[""0x80034E88"", ""0x800350EC"", ""0x8003524C"", ""0x80035824"", ""0x80035994""]","[""0x80031958""]",Static LUI/low-pair reference; pointer arithmetic/control flow can invalidate inferred value
D2KF.EXE,0x801708D0,DAT_801708D0,LIKELY,code_or_pointer,"[""0x800324C4"", ""0x80032530"", ""0x80032578"", ""0x800325C4"", ""0x800326FC"", ""0x80032980"", ""0x800329C4"", ""0x80032C00"", ""0x8003305C"", ""0x8003308C"", ""0x80033978""]",[],Static LUI/low-pair reference; pointer arithmetic/control flow can invalidate inferred value
D2KF.EXE,0x801708D8,DAT_801708D8,LIKELY,code_or_pointer,"[""0x80032628"", ""0x800326C4"", ""0x80032744"", ""0x80032950"", ""0x80032BD0"", ""0x80032C8C"", ""0x8003302C"", ""0x80033948""]",[],Static LUI/low-pair reference; pointer arithmetic/control flow can invalidate inferred value
D2KF.EXE,0x801708E0,DAT_801708E0,LIKELY,code_or_pointer,"[""0x8003267C"", ""0x80032C38""]",[],Static LUI/low-pair reference; pointer arithmetic/control flow can invalidate inferred value
D2KF.EXE,0x801708E8,DAT_801708E8,LIKELY,code_or_pointer,"[""0x80032838"", ""0x80032AB8"", ""0x80032F14"", ""0x800335EC""]","[""0x80032810"", ""0x80032A90"", ""0x80032EC8"", ""0x800335C4""]",Static LUI/low-pair reference; pointer arithmetic/control flow can invalidate inferred value
D2KF.EXE,0x801708EC,DAT_801708EC,LIKELY,code_or_pointer,"[""0x80032850"", ""0x80032AD0"", ""0x80032F2C"", ""0x80033604""]","[""0x80032820"", ""0x80032864"", ""0x80032AA0"", ""0x80032AE4"", ""0x80032ED0"", ""0x80032F40"", ""0x800335D4"", ""0x80033620""]",Static LUI/low-pair reference; pointer arithmetic/control flow can invalidate inferred value
D2KF.EXE,0x801708F0,DAT_801708F0,LIKELY,code_or_pointer,"[""0x80032890"", ""0x80032B10"", ""0x80032F6C"", ""0x8003363C""]","[""0x80032828"", ""0x80032AA8"", ""0x80032EE4"", ""0x800335DC""]",Static LUI/low-pair reference; pointer arithmetic/control flow can invalidate inferred value
D2KF.EXE,0x80170900,DAT_80170900,LIKELY,code_or_pointer,"[""0x80034FF0"", ""0x80035448""]","[""0x80034E10"", ""0x80034E18""]",Static LUI/low-pair reference; pointer arithmetic/control flow can invalidate inferred value
D2KF.EXE,0x80170908,DAT_80170908,LIKELY,code_or_pointer,"[""0x80034144""]",[],Static LUI/low-pair reference; pointer arithmetic/control flow can invalidate inferred value
D2KF.EXE,0x80170910,DAT_80170910,LIKELY,code_or_pointer,"[""0x80033BE8""]",[],Static LUI/low-pair reference; pointer arithmetic/control flow can invalidate inferred value
D2KF.EXE,0x80170F10,DAT_80170F10,LIKELY,code_or_pointer,"[""0x80033E4C""]",[],Static LUI/low-pair reference; pointer arithmetic/control flow can invalidate inferred value
D2KF.EXE,0x80170F14,DAT_80170F14,LIKELY,code_or_pointer,"[""0x80033FF0""]",[],Static LUI/low-pair reference; pointer arithmetic/control flow can invalidate inferred value
D2KF.EXE,0x80172508,DAT_80172508,LIKELY,code_or_pointer,"[""0x80033D1C"", ""0x800340CC""]",[],Static LUI/low-pair reference; pointer arithmetic/control flow can invalidate inferred value
D2KF.EXE,0x80172D08,DAT_80172D08,LIKELY,code_or_pointer,"[""0x80034280"", ""0x80034F8C"", ""0x80035010""]",[],Static LUI/low-pair reference; pointer arithmetic/control flow can invalidate inferred value
D2KF.EXE,0x80172D0C,DAT_80172D0C,LIKELY,code_or_pointer,"[""0x80035024""]","[""0x80034FBC""]",Static LUI/low-pair reference; pointer arithmetic/control flow can invalidate inferred value
D2KF.EXE,0x80172D18,DAT_80172D18,LIKELY,code_or_pointer,"[""0x80034FB4""]","[""0x80035088""]",Static LUI/low-pair reference; pointer arithmetic/control flow can invalidate inferred value
D2KF.EXE,0x80172D1C,DAT_80172D1C,LIKELY,code_or_pointer,"[""0x800357C8"", ""0x8003586C""]","[""0x800350B8""]",Static LUI/low-pair reference; pointer arithmetic/control flow can invalidate inferred value
D2KF.EXE,0x80172D20,DAT_80172D20,LIKELY,code_or_pointer,"[""0x800354CC"", ""0x800354F0"", ""0x8003554C"", ""0x800355AC"", ""0x80035604"", ""0x80035660"", ""0x800356E8"", ""0x80035738"", ""0x800357B4"", ""0x80035834"", ""0x80035930"", ""0x80035A2C"", ""0x80035B74""]","[""0x80035394"", ""0x80035968""]",Static LUI/low-pair reference; pointer arithmetic/control flow can invalidate inferred value
D2KF.EXE,0x80172D30,DAT_80172D30,LIKELY,code_or_pointer,"[""0x80035DA4""]",[],Static LUI/low-pair reference; pointer arithmetic/control flow can invalidate inferred value
D2KF.EXE,0x80172D34,DAT_80172D34,LIKELY,code_or_pointer,"[""0x80035DB8""]",[],Static LUI/low-pair reference; pointer arithmetic/control flow can invalidate inferred value
D2KF.EXE,0x80172D38,DAT_80172D38,LIKELY,code_or_pointer,"[""0x80035DCC""]",[],Static LUI/low-pair reference; pointer arithmetic/control flow can invalidate inferred value
D2KF.EXE,0x80172D40,DAT_80172D40,LIKELY,code_or_pointer,"[""0x80035F78"", ""0x80036058""]","[""0x80035E98""]",Static LUI/low-pair reference; pointer arithmetic/control flow can invalidate inferred value
D2KF.EXE,0x80172D44,DAT_80172D44,LIKELY,code_or_pointer,"[""0x80035EA8"", ""0x80035F38"", ""0x80036094"", ""0x80036258""]","[""0x80035E90"", ""0x80035ECC"", ""0x80035FF8"", ""0x800360D8"", ""0x8003624C"", ""0x8003626C""]",Static LUI/low-pair reference; pointer arithmetic/control flow can invalidate inferred value
D2KF.EXE,0x80172D48,DAT_80172D48,LIKELY,code_or_pointer,"[""0x8003608C"", ""0x80036214"", ""0x800362D0""]","[""0x80035EB4""]",Static LUI/low-pair reference; pointer arithmetic/control flow can invalidate inferred value
D2KF.EXE,0x80172D4C,DAT_80172D4C,LIKELY,code_or_pointer,"[""0x80035F64"", ""0x80035F98"", ""0x80036104""]","[""0x80035EBC"", ""0x80035F48"", ""0x80035FAC"", ""0x80036064"", ""0x8003611C"", ""0x80036244""]",Static LUI/low-pair reference; pointer arithmetic/control flow can invalidate inferred value
D2KF.EXE,0x80172D50,DAT_80172D50,LIKELY,code_or_pointer,"[""0x800374D8"", ""0x80037644""]",[],Static LUI/low-pair reference; pointer arithmetic/control flow can invalidate inferred value
D2KF.EXE,0x80172D70,DAT_80172D70,LIKELY,code_or_pointer,"[""0x8003770C"", ""0x80037950""]",[],Static LUI/low-pair reference; pointer arithmetic/control flow can invalidate inferred value
D2KF.EXE,0x80172D74,DAT_80172D74,LIKELY,code_or_pointer,"[""0x80037738"", ""0x80037964""]",[],Static LUI/low-pair reference; pointer arithmetic/control flow can invalidate inferred value
D2KF.EXE,0x80172D78,DAT_80172D78,LIKELY,code_or_pointer,"[""0x8003749C"", ""0x80037978"", ""0x8003799C""]",[],Static LUI/low-pair reference; pointer arithmetic/control flow can invalidate inferred value
D2KF.EXE,0x80172D7C,DAT_80172D7C,LIKELY,code_or_pointer,"[""0x800374B0"", ""0x80037988"", ""0x800379AC""]",[],Static LUI/low-pair reference; pointer arithmetic/control flow can invalidate inferred value
D2KF.EXE,0x80172D80,DAT_80172D80,LIKELY,code_or_pointer,"[""0x800374C0"", ""0x800376A0"", ""0x80037714"", ""0x800379F0""]",[],Static LUI/low-pair reference; pointer arithmetic/control flow can invalidate inferred value
D2KF.EXE,0x80172D88,DAT_80172D88,LIKELY,code_or_pointer,"[""0x800377D0"", ""0x80037850""]",[],Static LUI/low-pair reference; pointer arithmetic/control flow can invalidate inferred value
D2KF.EXE,0x80172D90,DAT_80172D90,LIKELY,code_or_pointer,"[""0x800371F0"", ""0x800376C4""]",[],Static LUI/low-pair reference; pointer arithmetic/control flow can invalidate inferred value
D2KF.EXE,0x80172D9C,DAT_80172D9C,LIKELY,code_or_pointer,"[""0x800372B8""]",[],Static LUI/low-pair reference; pointer arithmetic/control flow can invalidate inferred value
D2KF.EXE,0x80172DE8,DAT_80172DE8,LIKELY,code_or_pointer,"[""0x80037228"", ""0x800378B4""]",[],Static LUI/low-pair reference; pointer arithmetic/control flow can invalidate inferred value
D2KF.EXE,0x80172DEC,DAT_80172DEC,LIKELY,code_or_pointer,"[""0x800372C4""]",[],Static LUI/low-pair reference; pointer arithmetic/control flow can invalidate inferred value
D2KF.EXE,0x80172DF9,DAT_80172DF9,LIKELY,code_or_pointer,"[""0x800375EC""]",[],Static LUI/low-pair reference; pointer arithmetic/control flow can invalidate inferred value
D2KF.EXE,0x80172DFC,DAT_80172DFC,LIKELY,code_or_pointer,[],"[""0x800376D4"", ""0x80037768"", ""0x80038098""]",Static LUI/low-pair reference; pointer arithmetic/control flow can invalidate inferred value
D2KF.EXE,0x80172DFE,DAT_80172DFE,LIKELY,code_or_pointer,[],"[""0x800376CC"", ""0x80037770"", ""0x80038090""]",Static LUI/low-pair reference; pointer arithmetic/control flow can invalidate inferred value
D2KF.EXE,0x80172E00,DAT_80172E00,LIKELY,code_or_pointer,"[""0x800374C8"", ""0x800377A0""]",[],Static LUI/low-pair reference; pointer arithmetic/control flow can invalidate inferred value
D2KF.EXE,0x80172E08,DAT_80172E08,LIKELY,code_or_pointer,"[""0x800378DC""]","[""0x80037528"", ""0x800378F4"", ""0x80037908""]",Static LUI/low-pair reference; pointer arithmetic/control flow can invalidate inferred value
D2KF.EXE,0x80172E0C,DAT_80172E0C,LIKELY,code_or_pointer,"[""0x8003753C"", ""0x8003755C"", ""0x80037578"", ""0x80037594"", ""0x8003764C"", ""0x80037674"", ""0x800376A8"", ""0x8003771C"", ""0x80037798"", ""0x80037818"", ""0x80037894"", ""0x80037900""]","[""0x80037164"", ""0x80037918""]",Static LUI/low-pair reference; pointer arithmetic/control flow can invalidate inferred value
D2KF.EXE,0x80172E0E,DAT_80172E0E,LIKELY,code_or_pointer,"[""0x80037684"", ""0x80037948""]","[""0x80037280"", ""0x800372FC""]",Static LUI/low-pair reference; pointer arithmetic/control flow can invalidate inferred value
D2KF.EXE,0x80172E10,DAT_80172E10,LIKELY,code_or_pointer,"[""0x8003733C"", ""0x80037514"", ""0x80037600"", ""0x80037630"", ""0x800379E8""]","[""0x80037324""]",Static LUI/low-pair reference; pointer arithmetic/control flow can invalidate inferred value
D2KF.EXE,0x80172E14,DAT_80172E14,LIKELY,code_or_pointer,"[""0x80037334"", ""0x8003751C"", ""0x800375B4"", ""0x80037A04""]","[""0x8003732C""]",Static LUI/low-pair reference; pointer arithmetic/control flow can invalidate inferred value
D2KF.EXE,0x80172E18,DAT_80172E18,LIKELY,code_or_pointer,[],"[""0x80037A40""]",Static LUI/low-pair reference; pointer arithmetic/control flow can invalidate inferred value
D2KF.EXE,0x80172E1C,DAT_80172E1C,LIKELY,code_or_pointer,[],"[""0x80037A38""]",Static LUI/low-pair reference; pointer arithmetic/control flow can invalidate inferred value
D2KF.EXE,0x80172E20,DAT_80172E20,LIKELY,code_or_pointer,[],"[""0x80037A2C""]",Static LUI/low-pair reference; pointer arithmetic/control flow can invalidate inferred value
D2KF.EXE,0x80172E28,DAT_80172E28,LIKELY,code_or_pointer,"[""0x800373F8"", ""0x80037A94"", ""0x80037EA8""]",[],Static LUI/low-pair reference; pointer arithmetic/control flow can invalidate inferred value
D2KF.EXE,0x80172E48,DAT_80172E48,LIKELY,code_or_pointer,"[""0x8003744C"", ""0x80037F24"", ""0x80037F80""]",[],Static LUI/low-pair reference; pointer arithmetic/control flow can invalidate inferred value
D2KF.EXE,0x80172E88,DAT_80172E88,LIKELY,code_or_pointer,"[""0x800381A8""]",[],Static LUI/low-pair reference; pointer arithmetic/control flow can invalidate inferred value
D2KF.EXE,0x80172E98,DAT_80172E98,LIKELY,code_or_pointer,"[""0x80037374""]",[],Static LUI/low-pair reference; pointer arithmetic/control flow can invalidate inferred value
D2KF.EXE,0x80172EC8,DAT_80172EC8,LIKELY,code_or_pointer,"[""0x8003737C""]",[],Static LUI/low-pair reference; pointer arithmetic/control flow can invalidate inferred value
D2KF.EXE,0x80172F00,DAT_80172F00,LIKELY,code_or_pointer,"[""0x80038284""]","[""0x80038278""]",Static LUI/low-pair reference; pointer arithmetic/control flow can invalidate inferred value
D2KF.EXE,0x80172F18,DAT_80172F18,LIKELY,code_or_pointer,"[""0x800384BC""]","[""0x80038424""]",Static LUI/low-pair reference; pointer arithmetic/control flow can invalidate inferred value
D2KF.EXE,0x80172F28,DAT_80172F28,LIKELY,code_or_pointer,"[""0x80039EFC"", ""0x80039FCC"", ""0x8003A034""]",[],Static LUI/low-pair reference; pointer arithmetic/control flow can invalidate inferred value
D2KF.EXE,0x80172F50,DAT_80172F50,LIKELY,code_or_pointer,"[""0x80039F04""]",[],Static LUI/low-pair reference; pointer arithmetic/control flow can invalidate inferred value
D2KF.EXE,0x80172F70,DAT_80172F70,LIKELY,code_or_pointer,"[""0x8003ABC0""]",[],Static LUI/low-pair reference; pointer arithmetic/control flow can invalidate inferred value
D2KF.EXE,0x80173078,DAT_80173078,LIKELY,code_or_pointer,"[""0x8003ABEC""]",[],Static LUI/low-pair reference; pointer arithmetic/control flow can invalidate inferred value
D2KF.EXE,0x80173084,DAT_80173084,LIKELY,code_or_pointer,"[""0x8003A764"", ""0x8003A7EC""]",[],Static LUI/low-pair reference; pointer arithmetic/control flow can invalidate inferred value
D2KF.EXE,0x80174878,DAT_80174878,LIKELY,code_or_pointer,"[""0x8003BD0C"", ""0x8003BD7C"", ""0x8003BDCC"", ""0x8003BE20"", ""0x8003C43C""]",[],Static LUI/low-pair reference; pointer arithmetic/control flow can invalidate inferred value
D2KF.EXE,0x80174880,DAT_80174880,LIKELY,code_or_pointer,"[""0x8003B6C8"", ""0x8003BC2C"", ""0x8003BEA4"", ""0x8003C128""]",[],Static LUI/low-pair reference; pointer arithmetic/control flow can invalidate inferred value
D2KF.EXE,0x80174882,DAT_80174882,LIKELY,code_or_pointer,"[""0x8003B748"", ""0x8003B9B8"", ""0x8003BD50"", ""0x8003C1C4"", ""0x8003C574""]",[],Static LUI/low-pair reference; pointer arithmetic/control flow can invalidate inferred value
D2KF.EXE,0x80174886,DAT_80174886,LIKELY,code_or_pointer,"[""0x8003BC44""]",[],Static LUI/low-pair reference; pointer arithmetic/control flow can invalidate inferred value
D2KF.EXE,0x80174888,DAT_80174888,LIKELY,code_or_pointer,"[""0x8003B7D4"", ""0x8003BA1C"", ""0x8003BAF0"", ""0x8003C024""]","[""0x8003C510""]",Static LUI/low-pair reference; pointer arithmetic/control flow can invalidate inferred value
D2KF.EXE,0x80174890,DAT_80174890,LIKELY,code_or_pointer,"[""0x8003B8D8"", ""0x8003B93C"", ""0x8003BCC4"", ""0x8003BF38"", ""0x8003C088"", ""0x8003C338"", ""0x8003C4E8"", ""0x8003C5A0""]",[],Static LUI/low-pair reference; pointer arithmetic/control flow can invalidate inferred value
D2KF.EXE,0x80174894,DAT_80174894,LIKELY,code_or_pointer,"[""0x8003BA88"", ""0x8003C3C0""]",[],Static LUI/low-pair reference; pointer arithmetic/control flow can invalidate inferred value
D2KF.EXE,0x80174898,DAT_80174898,LIKELY,code_or_pointer,"[""0x8003B99C"", ""0x8003BB3C"", ""0x8003BB54"", ""0x8003BC90""]",[],Static LUI/low-pair reference; pointer arithmetic/control flow can invalidate inferred value
D2KF.EXE,0x8017489C,DAT_8017489C,LIKELY,code_or_pointer,"[""0x8003BAE8""]",[],Static LUI/low-pair reference; pointer arithmetic/control flow can invalidate inferred value
D2KF.EXE,0x801748A0,DAT_801748A0,LIKELY,code_or_pointer,"[""0x8003B62C"", ""0x8003B690"", ""0x8003BCBC"", ""0x8003BF64"", ""0x8003C138"", ""0x8003C188"", ""0x8003C2C0"", ""0x8003C4D8"", ""0x8003C590""]",[],Static LUI/low-pair reference; pointer arithmetic/control flow can invalidate inferred value
D2KF.EXE,0x801748A4,DAT_801748A4,LIKELY,code_or_pointer,"[""0x8003B824"", ""0x8003C228"", ""0x8003C23C"", ""0x8003C258"", ""0x8003C274"", ""0x8003C290"", ""0x8003C2AC""]",[],Static LUI/low-pair reference; pointer arithmetic/control flow can invalidate inferred value
D2KF.EXE,0x801748A8,DAT_801748A8,LIKELY,code_or_pointer,"[""0x8003B8A4"", ""0x8003BCA4""]",[],Static LUI/low-pair reference; pointer arithmetic/control flow can invalidate inferred value
D2KF.EXE,0x801748B8,DAT_801748B8,LIKELY,code_or_pointer,"[""0x8003CF30"", ""0x8003CFFC""]",[],Static LUI/low-pair reference; pointer arithmetic/control flow can invalidate inferred value
D2KF.EXE,0x801748BC,DAT_801748BC,LIKELY,code_or_pointer,"[""0x8003CCDC""]",[],Static LUI/low-pair reference; pointer arithmetic/control flow can invalidate inferred value
D2KF.EXE,0x801748C8,DAT_801748C8,LIKELY,code_or_pointer,"[""0x8003CC10"", ""0x8003CDB4"", ""0x8003CFB4""]",[],Static LUI/low-pair reference; pointer arithmetic/control flow can invalidate inferred value
D2KF.EXE,0x801748CC,DAT_801748CC,LIKELY,code_or_pointer,"[""0x8003CC68"", ""0x8003CDE8""]",[],Static LUI/low-pair reference; pointer arithmetic/control flow can invalidate inferred value
D2KF.EXE,0x801748D8,DAT_801748D8,LIKELY,code_or_pointer,"[""0x8003E150"", ""0x8003E16C""]","[""0x8003E120""]",Static LUI/low-pair reference; pointer arithmetic/control flow can invalidate inferred value
D2KF.EXE,0x801748E8,DAT_801748E8,LIKELY,code_or_pointer,"[""0x8003EC94""]",[],Static LUI/low-pair reference; pointer arithmetic/control flow can invalidate inferred value
D2KF.EXE,0x80174930,DAT_80174930,LIKELY,code_or_pointer,"[""0x8003EC8C""]",[],Static LUI/low-pair reference; pointer arithmetic/control flow can invalidate inferred value
D2KF.EXE,0x80174978,DAT_80174978,LIKELY,code_or_pointer,"[""0x8003EBF4"", ""0x8003ED98"", ""0x8003F1D0"", ""0x8003F200""]",[],Static LUI/low-pair reference; pointer arithmetic/control flow can invalidate inferred value
D2KF.EXE,0x80174B58,DAT_80174B58,LIKELY,code_or_pointer,"[""0x8003D754"", ""0x8003F740"", ""0x8003F798"", ""0x8003F7B4""]","[""0x8003D548"", ""0x8003F72C""]",Static LUI/low-pair reference; pointer arithmetic/control flow can invalidate inferred value
D2KF.EXE,0x80174B5C,DAT_80174B5C,LIKELY,code_or_pointer,"[""0x8003D75C"", ""0x8003F7A0"", ""0x8003F7BC""]","[""0x8003D540"", ""0x8003F720""]",Static LUI/low-pair reference; pointer arithmetic/control flow can invalidate inferred value
D2KF.EXE,0x80174B60,DAT_80174B60,LIKELY,code_or_pointer,"[""0x8003FA48"", ""0x80040C6C"", ""0x80040D30""]",[],Static LUI/low-pair reference; pointer arithmetic/control flow can invalidate inferred value
D2KF.EXE,0x80174B80,DAT_80174B80,LIKELY,code_or_pointer,"[""0x80042940"", ""0x800429B4""]","[""0x800427C8"", ""0x80042950"", ""0x800429C4""]",Static LUI/low-pair reference; pointer arithmetic/control flow can invalidate inferred value
D2KF.EXE,0x80174B84,DAT_80174B84,LIKELY,code_or_pointer,"[""0x80042908"", ""0x800429E0""]","[""0x800427C0"", ""0x80042840"", ""0x80042900""]",Static LUI/low-pair reference; pointer arithmetic/control flow can invalidate inferred value
D2KF.EXE,0x80174B88,DAT_80174B88,LIKELY,code_or_pointer,[],"[""0x80042B24""]",Static LUI/low-pair reference; pointer arithmetic/control flow can invalidate inferred value
D2KF.EXE,0x80174B8C,DAT_80174B8C,LIKELY,code_or_pointer,"[""0x80042CD0""]","[""0x80042B14"", ""0x80042CE0""]",Static LUI/low-pair reference; pointer arithmetic/control flow can invalidate inferred value
D2KF.EXE,0x80174B90,DAT_80174B90,LIKELY,code_or_pointer,[],"[""0x80042B1C""]",Static LUI/low-pair reference; pointer arithmetic/control flow can invalidate inferred value
D2KF.EXE,0x80174B94,DAT_80174B94,LIKELY,code_or_pointer,"[""0x80042CF4""]","[""0x80042B34"", ""0x80042C38"", ""0x80042D38""]",Static LUI/low-pair reference; pointer arithmetic/control flow can invalidate inferred value
D2KF.EXE,0x80174B98,DAT_80174B98,LIKELY,code_or_pointer,"[""0x80042C7C""]","[""0x80042B2C"", ""0x80042BA4""]",Static LUI/low-pair reference; pointer arithmetic/control flow can invalidate inferred value
D2KF.EXE,0x80174BA0,DAT_80174BA0,LIKELY,code_or_pointer,"[""0x80043AD4"", ""0x80043B4C"", ""0x80044124""]",[],Static LUI/low-pair reference; pointer arithmetic/control flow can invalidate inferred value
D2KF.EXE,0x80174BA4,DAT_80174BA4,LIKELY,code_or_pointer,"[""0x80043AB8"", ""0x80043B30"", ""0x80043CD4"", ""0x80043E9C""]",[],Static LUI/low-pair reference; pointer arithmetic/control flow can invalidate inferred value
D2KF.EXE,0x80174BB0,DAT_80174BB0,LIKELY,code_or_pointer,"[""0x8004265C"", ""0x800426C8"", ""0x80042708"", ""0x800429F8"", ""0x80042A70"", ""0x80042C94"", ""0x80042D0C"", ""0x80042D48"", ""0x80043110"", ""0x800432AC"", ""0x80043358"", ""0x800435B0"", ""0x80043800"", ""0x80043A54"", ""0x80043AE8"", ""0x80043B90"", ""0x80043D84"", ""0x80043F24"", ""0x80043FE0"", ""0x80044114"", ""0x80044158""]",[],Static LUI/low-pair reference; pointer arithmetic/control flow can invalidate inferred value
D2KF.EXE,0x80174BB4,DAT_80174BB4,LIKELY,code_or_pointer,"[""0x80042B60"", ""0x800434A4"", ""0x80043500"", ""0x800436FC"", ""0x80043758""]",[],Static LUI/low-pair reference; pointer arithmetic/control flow can invalidate inferred value
D2KF.EXE,0x80174BB8,DAT_80174BB8,LIKELY,code_or_pointer,"[""0x80043CBC"", ""0x80043E84""]",[],Static LUI/low-pair reference; pointer arithmetic/control flow can invalidate inferred value
D2KF.EXE,0x80174BBC,DAT_80174BBC,LIKELY,code_or_pointer,"[""0x800428E0""]",[],Static LUI/low-pair reference; pointer arithmetic/control flow can invalidate inferred value
D2KF.EXE,0x80174BC0,DAT_80174BC0,LIKELY,code_or_pointer,"[""0x800427D4"", ""0x8004287C"", ""0x80042964"", ""0x80042A20"", ""0x80042C00"", ""0x80042CB0"", ""0x80043F98""]","[""0x80042E54"", ""0x8004393C"", ""0x80043C7C"", ""0x80043E44""]",Static LUI/low-pair reference; pointer arithmetic/control flow can invalidate inferred value
D2KF.EXE,0x80174BC4,DAT_80174BC4,LIKELY,code_or_pointer,"[""0x80042D9C"", ""0x80042F0C"", ""0x80042F4C"", ""0x80043058"", ""0x80043140"", ""0x800432C0"", ""0x800432F0""]",[],Static LUI/low-pair reference; pointer arithmetic/control flow can invalidate inferred value
D2KF.EXE,0x80174BF4,DAT_80174BF4,LIKELY,code_or_pointer,"[""0x80043A40""]",[],Static LUI/low-pair reference; pointer arithmetic/control flow can invalidate inferred value
D2KF.EXE,0x80174C08,DAT_80174C08,LIKELY,code_or_pointer,"[""0x80042E6C"", ""0x80043954"", ""0x80043CE8"", ""0x80043EB0""]","[""0x80042E20"", ""0x80043900"", ""0x80043C48"", ""0x80043E10""]",Static LUI/low-pair reference; pointer arithmetic/control flow can invalidate inferred value
D2KF.EXE,0x80174C10,DAT_80174C10,LIKELY,code_or_pointer,"[""0x800444C4"", ""0x80044538""]","[""0x800443B8""]",Static LUI/low-pair reference; pointer arithmetic/control flow can invalidate inferred value
D2KF.EXE,0x80174C18,DAT_80174C18,LIKELY,code_or_pointer,"[""0x800442F8"", ""0x80044380"", ""0x80044428"", ""0x80044508""]",[],Static LUI/low-pair reference; pointer arithmetic/control flow can invalidate inferred value
D2KF.EXE,0x80174C40,DAT_80174C40,LIKELY,code_or_pointer,"[""0x8004462C""]",[],Static LUI/low-pair reference; pointer arithmetic/control flow can invalidate inferred value
D2KF.EXE,0x80174C4C,DAT_80174C4C,LIKELY,code_or_pointer,"[""0x800445CC""]",[],Static LUI/low-pair reference; pointer arithmetic/control flow can invalidate inferred value
D2KF.EXE,0x80174C90,DAT_80174C90,LIKELY,code_or_pointer,"[""0x80044890"", ""0x80044970"", ""0x80044A14"", ""0x80044C40""]","[""0x800447A8""]",Static LUI/low-pair reference; pointer arithmetic/control flow can invalidate inferred value
D2KF.EXE,0x80174C94,DAT_80174C94,LIKELY,code_or_pointer,"[""0x800448A4"", ""0x80044980"", ""0x80044A2C"", ""0x80044C50""]","[""0x800447CC""]",Static LUI/low-pair reference; pointer arithmetic/control flow can invalidate inferred value
D2KF.EXE,0x80174C98,DAT_80174C98,LIKELY,code_or_pointer,"[""0x800448B4"", ""0x80044990"", ""0x80044A3C"", ""0x80044C60""]","[""0x800447F0""]",Static LUI/low-pair reference; pointer arithmetic/control flow can invalidate inferred value
D2KF.EXE,0x80174C9C,DAT_80174C9C,LIKELY,code_or_pointer,"[""0x800448C4"", ""0x800449A0"", ""0x80044A4C"", ""0x80044C70""]","[""0x80044814""]",Static LUI/low-pair reference; pointer arithmetic/control flow can invalidate inferred value
D2KF.EXE,0x80174CA0,DAT_80174CA0,LIKELY,code_or_pointer,"[""0x800448D4"", ""0x800449B0"", ""0x80044A5C"", ""0x80044B68""]","[""0x80044838""]",Static LUI/low-pair reference; pointer arithmetic/control flow can invalidate inferred value
D2KF.EXE,0x80174CA4,DAT_80174CA4,LIKELY,code_or_pointer,"[""0x800448E4"", ""0x800449C0"", ""0x80044A6C"", ""0x80044B78""]","[""0x8004485C""]",Static LUI/low-pair reference; pointer arithmetic/control flow can invalidate inferred value
D2KF.EXE,0x80174CA8,DAT_80174CA8,LIKELY,code_or_pointer,"[""0x800448F4"", ""0x800449D0"", ""0x80044A7C"", ""0x80044B88""]","[""0x80044880""]",Static LUI/low-pair reference; pointer arithmetic/control flow can invalidate inferred value
D2KF.EXE,0x80174CAC,DAT_80174CAC,LIKELY,code_or_pointer,"[""0x80044904"", ""0x800449E0"", ""0x80044A8C"", ""0x80044B98""]","[""0x8004489C""]",Static LUI/low-pair reference; pointer arithmetic/control flow can invalidate inferred value
D2KF.EXE,0x80174CB0,DAT_80174CB0,LIKELY,code_or_pointer,"[""0x80044B30"", ""0x80044CD4""]","[""0x80044698"", ""0x80044ACC"", ""0x80044BDC""]",Static LUI/low-pair reference; pointer arithmetic/control flow can invalidate inferred value
D2KF.EXE,0x80174CB4,DAT_80174CB4,LIKELY,code_or_pointer,"[""0x80044AC4"", ""0x80044B28"", ""0x80044BD0"", ""0x80044CCC""]","[""0x800446AC"", ""0x80044ABC"", ""0x80044BC8""]",Static LUI/low-pair reference; pointer arithmetic/control flow can invalidate inferred value
D2KF.EXE,0x80174CB8,DAT_80174CB8,LIKELY,code_or_pointer,"[""0x80044AB4"", ""0x80044B38"", ""0x80044BC0"", ""0x80044CDC""]","[""0x800446C0"", ""0x80044AAC"", ""0x80044BB8""]",Static LUI/low-pair reference; pointer arithmetic/control flow can invalidate inferred value
D2KF.EXE,0x80174CBC,DAT_80174CBC,LIKELY,code_or_pointer,"[""0x80044AA4"", ""0x80044B4C"", ""0x80044BB0"", ""0x80044CF0""]","[""0x800446D4"", ""0x80044A9C"", ""0x80044BA8""]",Static LUI/low-pair reference; pointer arithmetic/control flow can invalidate inferred value
D2KF.EXE,0x80174CC0,DAT_80174CC0,LIKELY,code_or_pointer,"[""0x80044C08"", ""0x80044D10""]","[""0x800446E8"", ""0x80044B04"", ""0x80044CB4""]",Static LUI/low-pair reference; pointer arithmetic/control flow can invalidate inferred value
D2KF.EXE,0x80174CC4,DAT_80174CC4,LIKELY,code_or_pointer,"[""0x80044AFC"", ""0x80044C00"", ""0x80044CA8"", ""0x80044D08""]","[""0x800446FC"", ""0x80044AF4"", ""0x80044CA0""]",Static LUI/low-pair reference; pointer arithmetic/control flow can invalidate inferred value
D2KF.EXE,0x80174CC8,DAT_80174CC8,LIKELY,code_or_pointer,"[""0x80044AEC"", ""0x80044C10"", ""0x80044C98"", ""0x80044D18""]","[""0x80044710"", ""0x80044AE4"", ""0x80044C90""]",Static LUI/low-pair reference; pointer arithmetic/control flow can invalidate inferred value
D2KF.EXE,0x80174CCC,DAT_80174CCC,LIKELY,code_or_pointer,"[""0x80044ADC"", ""0x80044C24"", ""0x80044C88"", ""0x80044D2C""]","[""0x80044724"", ""0x80044AD4"", ""0x80044C80""]",Static LUI/low-pair reference; pointer arithmetic/control flow can invalidate inferred value
D2KF.EXE,0x80174CD0,DAT_80174CD0,LIKELY,code_or_pointer,"[""0x800450C0""]","[""0x80045070""]",Static LUI/low-pair reference; pointer arithmetic/control flow can invalidate inferred value
D2KF.EXE,0x80174CD4,DAT_80174CD4,LIKELY,code_or_pointer,"[""0x8004504C""]",[],Static LUI/low-pair reference; pointer arithmetic/control flow can invalidate inferred value
D2KF.EXE,0x80174CDC,DAT_80174CDC,LIKELY,code_or_pointer,[],"[""0x80045078""]",Static LUI/low-pair reference; pointer arithmetic/control flow can invalidate inferred value
D2KF.EXE,0x80174CE0,DAT_80174CE0,LIKELY,code_or_pointer,"[""0x80045258""]","[""0x800451FC""]",Static LUI/low-pair reference; pointer arithmetic/control flow can invalidate inferred value
D2KF.EXE,0x80174CE8,DAT_80174CE8,LIKELY,code_or_pointer,"[""0x800451D4""]","[""0x80045228""]",Static LUI/low-pair reference; pointer arithmetic/control flow can invalidate inferred value
D2KF.EXE,0x80174CEC,DAT_80174CEC,LIKELY,code_or_pointer,"[""0x800451E8""]","[""0x80045234""]",Static LUI/low-pair reference; pointer arithmetic/control flow can invalidate inferred value
D2KF.EXE,0x80174CF0,DAT_80174CF0,LIKELY,code_or_pointer,"[""0x800452C8""]","[""0x80045274""]",Static LUI/low-pair reference; pointer arithmetic/control flow can invalidate inferred value
D2KF.EXE,0x80174D00,DAT_80174D00,LIKELY,code_or_pointer,"[""0x8004542C"", ""0x8004549C""]","[""0x800453AC"", ""0x80045440""]",Static LUI/low-pair reference; pointer arithmetic/control flow can invalidate inferred value
D2KF.EXE,0x80174D10,DAT_80174D10,LIKELY,code_or_pointer,"[""0x80045540""]","[""0x800454E4""]",Static LUI/low-pair reference; pointer arithmetic/control flow can invalidate inferred value
D2KF.EXE,0x80174D20,DAT_80174D20,LIKELY,code_or_pointer,"[""0x800456CC""]",[],Static LUI/low-pair reference; pointer arithmetic/control flow can invalidate inferred value
D2KF.EXE,0x80174F00,DAT_80174F00,LIKELY,code_or_pointer,"[""0x800457F8""]",[],Static LUI/low-pair reference; pointer arithmetic/control flow can invalidate inferred value
D2KF.EXE,0x80174F50,DAT_80174F50,LIKELY,code_or_pointer,"[""0x800456C0""]",[],Static LUI/low-pair reference; pointer arithmetic/control flow can invalidate inferred value
D2KF.EXE,0x80174FD0,DAT_80174FD0,LIKELY,code_or_pointer,"[""0x8002EC4C"", ""0x8002EC80""]",[],Static LUI/low-pair reference; pointer arithmetic/control flow can invalidate inferred value
D2KF.EXE,0x801777D0,DAT_801777D0,LIKELY,code_or_pointer,"[""0x80030150""]",[],Static LUI/low-pair reference; pointer arithmetic/control flow can invalidate inferred value
D2KF.EXE,0x80177800,DAT_80177800,LIKELY,code_or_pointer,"[""0x80030130""]",[],Static LUI/low-pair reference; pointer arithmetic/control flow can invalidate inferred value
DUNE.EXE,0x1F800000,DAT_1F800000,LIKELY,scratchpad,"[""0x8001FEF0"", ""0x8001FF70"", ""0x800658F0"", ""0x800658F8"", ""0x80065900"", ""0x80065AE0"", ""0x80065AE8"", ""0x80065AF0"", ""0x80065B18"", ""0x80065BA8"", ""0x80065BB4"", ""0x80065C44"", ""0x80065C50"", ""0x80065CD8"", ""0x80065CE4"", ""0x80065D88"", ""0x80065DE8""]","[""0x80052EE4""]",Static LUI/low-pair reference; pointer arithmetic/control flow can invalidate inferred value
DUNE.EXE,0x1F800003,DAT_1F800003,LIKELY,scratchpad,[],"[""0x80052EE0""]",Static LUI/low-pair reference; pointer arithmetic/control flow can invalidate inferred value
DUNE.EXE,0x1F800004,DAT_1F800004,LIKELY,scratchpad,"[""0x800658F4"", ""0x800658FC"", ""0x80065904"", ""0x80065AE4"", ""0x80065AEC"", ""0x80065AF4"", ""0x80065BB8"", ""0x80065C54"", ""0x80065CE8"", ""0x80065D8C"", ""0x80065DEC""]","[""0x80052EEC"", ""0x80067EB0""]",Static LUI/low-pair reference; pointer arithmetic/control flow can invalidate inferred value
DUNE.EXE,0x1F800007,DAT_1F800007,LIKELY,scratchpad,[],"[""0x80052EE8""]",Static LUI/low-pair reference; pointer arithmetic/control flow can invalidate inferred value
DUNE.EXE,0x1F800008,DAT_1F800008,LIKELY,scratchpad,[],"[""0x80067EBC""]",Static LUI/low-pair reference; pointer arithmetic/control flow can invalidate inferred value
DUNE.EXE,0x1F80000C,DAT_1F80000C,LIKELY,scratchpad,[],"[""0x80067EC8""]",Static LUI/low-pair reference; pointer arithmetic/control flow can invalidate inferred value
DUNE.EXE,0x1F800010,DAT_1F800010,LIKELY,scratchpad,[],"[""0x80067ED4""]",Static LUI/low-pair reference; pointer arithmetic/control flow can invalidate inferred value
DUNE.EXE,0x1F800014,DAT_1F800014,LIKELY,scratchpad,"[""0x80061C4C"", ""0x80061DF0"", ""0x80061F8C"", ""0x8006217C""]","[""0x80067EE0""]",Static LUI/low-pair reference; pointer arithmetic/control flow can invalidate inferred value
DUNE.EXE,0x1F800018,DAT_1F800018,LIKELY,scratchpad,[],"[""0x80067EEC""]",Static LUI/low-pair reference; pointer arithmetic/control flow can invalidate inferred value
DUNE.EXE,0x1F80001C,DAT_1F80001C,LIKELY,scratchpad,[],"[""0x80067EFC""]",Static LUI/low-pair reference; pointer arithmetic/control flow can invalidate inferred value
DUNE.EXE,0x1F8000F0,DAT_1F8000F0,LIKELY,scratchpad,"[""0x8002D0A4"", ""0x8002D15C""]","[""0x8002D014""]",Static LUI/low-pair reference; pointer arithmetic/control flow can invalidate inferred value
DUNE.EXE,0x1F8000F4,DAT_1F8000F4,LIKELY,scratchpad,"[""0x8002D134"", ""0x8002D340""]","[""0x8002CFFC""]",Static LUI/low-pair reference; pointer arithmetic/control flow can invalidate inferred value
DUNE.EXE,0x1F8000F8,DAT_1F8000F8,LIKELY,scratchpad,"[""0x8002D1A0"", ""0x8002D25C""]","[""0x8002D004""]",Static LUI/low-pair reference; pointer arithmetic/control flow can invalidate inferred value
DUNE.EXE,0x1F8000FC,DAT_1F8000FC,LIKELY,scratchpad,"[""0x8002D238"", ""0x8002D348""]","[""0x8002D00C""]",Static LUI/low-pair reference; pointer arithmetic/control flow can invalidate inferred value
DUNE.EXE,0x1F800100,DAT_1F800100,LIKELY,scratchpad,"[""0x8002C7B8"", ""0x8002C82C"", ""0x8002D928""]",[],Static LUI/low-pair reference; pointer arithmetic/control flow can invalidate inferred value
DUNE.EXE,0x1F800104,DAT_1F800104,LIKELY,scratchpad,"[""0x8002C7C4"", ""0x8002C834"", ""0x8002D934""]",[],Static LUI/low-pair reference; pointer arithmetic/control flow can invalidate inferred value
DUNE.EXE,0x1F800108,DAT_1F800108,LIKELY,scratchpad,"[""0x8002C800"", ""0x8002C854"", ""0x8002D970""]","[""0x8002C8A0"", ""0x8002C8C8""]",Static LUI/low-pair reference; pointer arithmetic/control flow can invalidate inferred value
DUNE.EXE,0x1F80010C,DAT_1F80010C,LIKELY,scratchpad,"[""0x8002C7D0"", ""0x8002C83C"", ""0x8002D940""]",[],Static LUI/low-pair reference; pointer arithmetic/control flow can invalidate inferred value
DUNE.EXE,0x1F800110,DAT_1F800110,LIKELY,scratchpad,"[""0x8002C7DC"", ""0x8002C844"", ""0x8002D94C""]",[],Static LUI/low-pair reference; pointer arithmetic/control flow can invalidate inferred value
DUNE.EXE,0x1F800114,DAT_1F800114,LIKELY,scratchpad,"[""0x8002C7E8"", ""0x8002C84C"", ""0x8002D958""]",[],Static LUI/low-pair reference; pointer arithmetic/control flow can invalidate inferred value
DUNE.EXE,0x1F800118,DAT_1F800118,LIKELY,scratchpad,"[""0x8002C7F4"", ""0x8002C85C"", ""0x8002D964""]",[],Static LUI/low-pair reference; pointer arithmetic/control flow can invalidate inferred value
DUNE.EXE,0x1F80011C,DAT_1F80011C,LIKELY,scratchpad,"[""0x80065B2C"", ""0x80065E10""]","[""0x80065818"", ""0x80065B3C""]",Static LUI/low-pair reference; pointer arithmetic/control flow can invalidate inferred value
DUNE.EXE,0x1F800120,DAT_1F800120,LIKELY,scratchpad,"[""0x80065E70""]","[""0x800657A8"", ""0x80065E8C""]",Static LUI/low-pair reference; pointer arithmetic/control flow can invalidate inferred value
DUNE.EXE,0x1F800124,DAT_1F800124,LIKELY,scratchpad,"[""0x80065B14"", ""0x80065C40""]","[""0x8006575C"", ""0x80065A88"", ""0x80065B5C"", ""0x80065BF0""]",Static LUI/low-pair reference; pointer arithmetic/control flow can invalidate inferred value
DUNE.EXE,0x1F800125,DAT_1F800125,LIKELY,scratchpad,[],"[""0x80065768"", ""0x80065AB0"", ""0x80065B7C"", ""0x80065C10""]",Static LUI/low-pair reference; pointer arithmetic/control flow can invalidate inferred value
DUNE.EXE,0x1F800126,DAT_1F800126,LIKELY,scratchpad,[],"[""0x8006577C"", ""0x80065ADC"", ""0x80065BA0"", ""0x80065C34""]",Static LUI/low-pair reference; pointer arithmetic/control flow can invalidate inferred value
DUNE.EXE,0x1F800128,DAT_1F800128,LIKELY,scratchpad,"[""0x80065C68""]","[""0x80065A58""]",Static LUI/low-pair reference; pointer arithmetic/control flow can invalidate inferred value
DUNE.EXE,0x1F80012C,DAT_1F80012C,LIKELY,scratchpad,"[""0x80065C1C"", ""0x80065C70""]","[""0x80065A60""]",Static LUI/low-pair reference; pointer arithmetic/control flow can invalidate inferred value
DUNE.EXE,0x1F800130,DAT_1F800130,LIKELY,scratchpad,"[""0x80065BCC"", ""0x80065C78"", ""0x80065CA4""]","[""0x80065A68""]",Static LUI/low-pair reference; pointer arithmetic/control flow can invalidate inferred value
DUNE.EXE,0x1F800134,DAT_1F800134,LIKELY,scratchpad,"[""0x80065CD4""]","[""0x80065788""]",Static LUI/low-pair reference; pointer arithmetic/control flow can invalidate inferred value
DUNE.EXE,0x1F800135,DAT_1F800135,LIKELY,scratchpad,[],"[""0x80065790""]",Static LUI/low-pair reference; pointer arithmetic/control flow can invalidate inferred value
DUNE.EXE,0x1F800136,DAT_1F800136,LIKELY,scratchpad,[],"[""0x80065798""]",Static LUI/low-pair reference; pointer arithmetic/control flow can invalidate inferred value
DUNE.EXE,0x1F800138,DAT_1F800138,LIKELY,scratchpad,"[""0x80065D38""]","[""0x80065C84""]",Static LUI/low-pair reference; pointer arithmetic/control flow can invalidate inferred value
DUNE.EXE,0x1F80013C,DAT_1F80013C,LIKELY,scratchpad,"[""0x80065DA0""]","[""0x80065C94""]",Static LUI/low-pair reference; pointer arithmetic/control flow can invalidate inferred value
DUNE.EXE,0x1F800140,DAT_1F800140,LIKELY,scratchpad,"[""0x80065E00""]","[""0x80065CB4""]",Static LUI/low-pair reference; pointer arithmetic/control flow can invalidate inferred value
DUNE.EXE,0x1F800144,DAT_1F800144,LIKELY,scratchpad,"[""0x80065AA8"", ""0x80065CE0""]","[""0x80065944""]",Static LUI/low-pair reference; pointer arithmetic/control flow can invalidate inferred value
DUNE.EXE,0x1F800146,DAT_1F800146,LIKELY,scratchpad,[],"[""0x80065960""]",Static LUI/low-pair reference; pointer arithmetic/control flow can invalidate inferred value
DUNE.EXE,0x1F800148,DAT_1F800148,LIKELY,scratchpad,[],"[""0x80065980""]",Static LUI/low-pair reference; pointer arithmetic/control flow can invalidate inferred value
DUNE.EXE,0x1F80014C,DAT_1F80014C,LIKELY,scratchpad,"[""0x80065ABC"", ""0x80065BB0"", ""0x80065D84""]","[""0x80065998""]",Static LUI/low-pair reference; pointer arithmetic/control flow can invalidate inferred value
DUNE.EXE,0x1F80014E,DAT_1F80014E,LIKELY,scratchpad,[],"[""0x800659B4""]",Static LUI/low-pair reference; pointer arithmetic/control flow can invalidate inferred value
DUNE.EXE,0x1F800150,DAT_1F800150,LIKELY,scratchpad,[],"[""0x800659D4""]",Static LUI/low-pair reference; pointer arithmetic/control flow can invalidate inferred value
DUNE.EXE,0x1F800154,DAT_1F800154,LIKELY,scratchpad,"[""0x80065AD4"", ""0x80065C4C"", ""0x80065DE4""]","[""0x800659EC""]",Static LUI/low-pair reference; pointer arithmetic/control flow can invalidate inferred value
DUNE.EXE,0x1F800156,DAT_1F800156,LIKELY,scratchpad,[],"[""0x80065A08""]",Static LUI/low-pair reference; pointer arithmetic/control flow can invalidate inferred value
DUNE.EXE,0x1F800158,DAT_1F800158,LIKELY,scratchpad,[],"[""0x80065A24""]",Static LUI/low-pair reference; pointer arithmetic/control flow can invalidate inferred value
DUNE.EXE,0x1F80015C,DAT_1F80015C,LIKELY,scratchpad,"[""0x80065828""]","[""0x80065858""]",Static LUI/low-pair reference; pointer arithmetic/control flow can invalidate inferred value
DUNE.EXE,0x1F80015E,DAT_1F80015E,LIKELY,scratchpad,[],"[""0x8006588C""]",Static LUI/low-pair reference; pointer arithmetic/control flow can invalidate inferred value
DUNE.EXE,0x1F800160,DAT_1F800160,LIKELY,scratchpad,[],"[""0x80065874""]",Static LUI/low-pair reference; pointer arithmetic/control flow can invalidate inferred value
DUNE.EXE,0x1F800164,DAT_1F800164,LIKELY,scratchpad,"[""0x80065830""]","[""0x80065884""]",Static LUI/low-pair reference; pointer arithmetic/control flow can invalidate inferred value
DUNE.EXE,0x1F800166,DAT_1F800166,LIKELY,scratchpad,[],"[""0x800658C4""]",Static LUI/low-pair reference; pointer arithmetic/control flow can invalidate inferred value
DUNE.EXE,0x1F800168,DAT_1F800168,LIKELY,scratchpad,[],"[""0x800658AC""]",Static LUI/low-pair reference; pointer arithmetic/control flow can invalidate inferred value
DUNE.EXE,0x1F80016C,DAT_1F80016C,LIKELY,scratchpad,"[""0x80065850""]","[""0x800658BC""]",Static LUI/low-pair reference; pointer arithmetic/control flow can invalidate inferred value
DUNE.EXE,0x1F80016E,DAT_1F80016E,LIKELY,scratchpad,[],"[""0x800658EC""]",Static LUI/low-pair reference; pointer arithmetic/control flow can invalidate inferred value
DUNE.EXE,0x1F800170,DAT_1F800170,LIKELY,scratchpad,[],"[""0x800658D4""]",Static LUI/low-pair reference; pointer arithmetic/control flow can invalidate inferred value
DUNE.EXE,0x1F800174,DAT_1F800174,LIKELY,scratchpad,"[""0x80065838""]","[""0x80065810"", ""0x8006587C"", ""0x800658B4"", ""0x800658E4""]",Static LUI/low-pair reference; pointer arithmetic/control flow can invalidate inferred value
DUNE.EXE,0x1F800176,DAT_1F800176,LIKELY,scratchpad,"[""0x80065848"", ""0x80065E28""]","[""0x8006574C"", ""0x80065E48""]",Static LUI/low-pair reference; pointer arithmetic/control flow can invalidate inferred value
DUNE.EXE,0x1F800178,DAT_1F800178,LIKELY,scratchpad,"[""0x80065840"", ""0x80065E50""]","[""0x800657DC"", ""0x80065868"", ""0x8006589C"", ""0x800658DC"", ""0x80065E60""]",Static LUI/low-pair reference; pointer arithmetic/control flow can invalidate inferred value
DUNE.EXE,0x1F80017C,DAT_1F80017C,LIKELY,scratchpad,"[""0x80065918"", ""0x80065A14"", ""0x80065A40""]","[""0x80065738"", ""0x8006592C""]",Static LUI/low-pair reference; pointer arithmetic/control flow can invalidate inferred value
DUNE.EXE,0x1F800180,DAT_1F800180,LIKELY,scratchpad,"[""0x80065920"", ""0x80065D30"", ""0x80065E68""]","[""0x800657E8"", ""0x80065970"", ""0x800659C4"", ""0x80065D44"", ""0x80065E80""]",Static LUI/low-pair reference; pointer arithmetic/control flow can invalidate inferred value
DUNE.EXE,0x1F800188,DAT_1F800188,LIKELY,scratchpad,"[""0x80065E30""]","[""0x800657B0""]",Static LUI/low-pair reference; pointer arithmetic/control flow can invalidate inferred value
DUNE.EXE,0x1F80018C,DAT_1F80018C,LIKELY,scratchpad,"[""0x80065CF0""]","[""0x80065C9C""]",Static LUI/low-pair reference; pointer arithmetic/control flow can invalidate inferred value
DUNE.EXE,0x1F800190,DAT_1F800190,LIKELY,scratchpad,"[""0x80065D50""]","[""0x80065CBC""]",Static LUI/low-pair reference; pointer arithmetic/control flow can invalidate inferred value
DUNE.EXE,0x1F800194,DAT_1F800194,LIKELY,scratchpad,"[""0x80065DB0""]","[""0x80065CC8""]",Static LUI/low-pair reference; pointer arithmetic/control flow can invalidate inferred value
DUNE.EXE,0x1F800200,DAT_1F800200,LIKELY,scratchpad,"[""0x80019100"", ""0x8001D2B0"", ""0x8001D62C"", ""0x8001D880"", ""0x8001D9B4"", ""0x8001DB04"", ""0x8001E064"", ""0x8001E1AC"", ""0x800231D0"", ""0x80025AD8"", ""0x80027C30"", ""0x80027D70"", ""0x8002806C"", ""0x80028AB0"", ""0x80028BB4"", ""0x8002AA58"", ""0x8002AD24"", ""0x8002B190"", ""0x8002F0D0"", ""0x8002F370"", ""0x8002F464"", ""0x8002F4A4"", ""0x8002F7AC"", ""0x8002F814"", ""0x8002F854"", ""0x80030770"", ""0x800308B8"", ""0x80030A50"", ""0x80030CC4"", ""0x80030D1C"", ""0x80031238"", ""0x8003171C"", ""0x800332CC"", ""0x80033460"", ""0x80033670"", ""0x800340B4"", ""0x800346B8"", ""0x80034820"", ""0x80034FCC"", ""0x80035358"", ""0x800355B0"", ""0x80035880"", ""0x80036398"", ""0x80036434"", ""0x800375CC"", ""0x800378F0"", ""0x80037DAC"", ""0x80039568"", ""0x8003A280"", ""0x8003B0F8"", ""0x8003B9EC"", ""0x8003C3C0"", ""0x8003C6A8"", ""0x8003CE20"", ""0x8003CF04"", ""0x8003D648"", ""0x8003E07C"", ""0x8003E0F0"", ""0x8003E52C"", ""0x80041800"", ""0x800419F8"", ""0x80041A58"", ""0x80041DA8"", ""0x8004245C"", ""0x800425CC"", ""0x80042790"", ""0x800428F4"", ""0x80042E50"", ""0x80042F6C"", ""0x80043084"", ""0x80043120"", ""0x800433CC"", ""0x8004353C"", ""0x800435FC"", ""0x800439A4"", ""0x80043B50"", ""0x80043C50"", ""0x80043D58"", ""0x80044318"", ""0x80044400"", ""0x80044564"", ""0x80044664"", ""0x80046728"", ""0x800467E4"", ""0x80046A84"", ""0x80046B70"", ""0x80048A74"", ""0x80048DF0"", ""0x800490D0"", ""0x800494FC"", ""0x8004978C"", ""0x80049CEC"", ""0x8004B154"", ""0x8004B7B8"", ""0x8004BDA0"", ""0x8004BE10"", ""0x8004BF38"", ""0x8004C29C"", ""0x8004DDC4"", ""0x8004DF60"", ""0x80051F2C"", ""0x80054150"", ""0x80059DF8"", ""0x8005A24C"", ""0x8005E53C"", ""0x8005E6B4"", ""0x8005F20C"", ""0x8005F26C"", ""0x80065FB4"", ""0x80066240"", ""0x80066F40"", ""0x800684BC""]",[],Static LUI/low-pair reference; pointer arithmetic/control flow can invalidate inferred value
DUNE.EXE,0x1F800300,DAT_1F800300,LIKELY,scratchpad,"[""0x8004338C"", ""0x80067EA4""]","[""0x80067EA0""]",Static LUI/low-pair reference; pointer arithmetic/control flow can invalidate inferred value
DUNE.EXE,0x1F800320,DAT_1F800320,LIKELY,scratchpad,"[""0x8003787C"", ""0x8003CCA4"", ""0x8003F88C"", ""0x8003FBB0"", ""0x8003FC98"", ""0x800485F4"", ""0x8005246C"", ""0x80052860"", ""0x80052DEC"", ""0x80052ECC"", ""0x8005341C"", ""0x800535AC"", ""0x8005362C"", ""0x80072BA4"", ""0x80072BB8"", ""0x80072CF4"", ""0x80072D18""]","[""0x8003F6F4""]",Static LUI/low-pair reference; pointer arithmetic/control flow can invalidate inferred value
DUNE.EXE,0x1F800327,DAT_1F800327,LIKELY,scratchpad,"[""0x8003F6B0"", ""0x8003FB5C""]",[],Static LUI/low-pair reference; pointer arithmetic/control flow can invalidate inferred value
DUNE.EXE,0x1F800328,DAT_1F800328,LIKELY,scratchpad,"[""0x800559FC""]",[],Static LUI/low-pair reference; pointer arithmetic/control flow can invalidate inferred value
DUNE.EXE,0x1F800364,DAT_1F800364,LIKELY,scratchpad,"[""0x80060318"", ""0x80060410"", ""0x80060508"", ""0x80060600"", ""0x800606F8"", ""0x800607F0"", ""0x800608AC"", ""0x8006118C"", ""0x8006124C"", ""0x8006130C"", ""0x800613C4"", ""0x80061464"", ""0x80061504""]",[],Static LUI/low-pair reference; pointer arithmetic/control flow can invalidate inferred value
DUNE.EXE,0x1F800388,DAT_1F800388,LIKELY,scratchpad,"[""0x8006028C"", ""0x80060384"", ""0x8006047C"", ""0x80060574"", ""0x8006066C"", ""0x80060764"", ""0x8006085C""]",[],Static LUI/low-pair reference; pointer arithmetic/control flow can invalidate inferred value
DUNE.EXE,0x1F8003D4,DAT_1F8003D4,LIKELY,scratchpad,[],"[""0x80060328"", ""0x80060420"", ""0x80060518"", ""0x80060610"", ""0x80060708"", ""0x80060800"", ""0x800608BC""]",Static LUI/low-pair reference; pointer arithmetic/control flow can invalidate inferred value
DUNE.EXE,0x1F8003D8,DAT_1F8003D8,LIKELY,scratchpad,"[""0x800311CC"", ""0x80031200"", ""0x800316B8"", ""0x800316EC"", ""0x800368B4"", ""0x80036998"", ""0x80036BC4"", ""0x80036C40"", ""0x80036C60"", ""0x80036E28"", ""0x80036F60"", ""0x800372A4"", ""0x800379C8"", ""0x8003A788"", ""0x8003A7CC"", ""0x8003AE44"", ""0x8003AF64"", ""0x8003BB1C"", ""0x8003C4C4"", ""0x8003C53C"", ""0x8003C578"", ""0x8003C5EC"", ""0x8003C628"", ""0x8003C658"", ""0x8003C9B8"", ""0x8003CA98"", ""0x8003CC64"", ""0x8003D0C4"", ""0x8003D318"", ""0x8003D858"", ""0x8003D8DC"", ""0x8003E5F4"", ""0x8003E9C0"", ""0x8003EC48"", ""0x8003EEAC"", ""0x8003EEE4"", ""0x8003EF1C"", ""0x8003EF5C"", ""0x8003F028"", ""0x8003F2D0"", ""0x8003F70C"", ""0x8003F768"", ""0x8003F810"", ""0x8003FD70"", ""0x8003FF1C"", ""0x8004014C"", ""0x80040164"", ""0x80040174"", ""0x800403D8"", ""0x8004068C"", ""0x80040CF4"", ""0x80040D94"", ""0x80040DEC"", ""0x80041008"", ""0x800410BC"", ""0x800417C0"", ""0x80041C7C"", ""0x80042124"", ""0x8004217C"", ""0x800432E4"", ""0x80045338"", ""0x80045614"", ""0x800456A0"", ""0x80045730"", ""0x80045944"", ""0x800459EC"", ""0x8004644C"", ""0x80047834"", ""0x80047A1C"", ""0x80049EF0"", ""0x80049F70"", ""0x8004A014"", ""0x8004A090"", ""0x8004A144"", ""0x8004A1EC"", ""0x8004A298"", ""0x8004A338"", ""0x8004A3DC"", ""0x8004A484"", ""0x8004A6BC"", ""0x8004AB90"", ""0x8004B424"", ""0x8004B4F4"", ""0x8004B548"", ""0x8004B6C4"", ""0x8004B6E4"", ""0x8004BCA4"", ""0x8004C0C4"", ""0x8004C10C"", ""0x8004C1E8"", ""0x8004C20C"", ""0x8004C304"", ""0x8004CA5C"", ""0x8004D344"", ""0x8004D4EC"", ""0x8004D914"", ""0x8004D95C"", ""0x8004DA3C"", ""0x8004DA60"", ""0x8004EED8"", ""0x8004EF4C"", ""0x80050E80"", ""0x80052E14"", ""0x800534B0"", ""0x8005352C"", ""0x80053BC0"", ""0x80053C7C"", ""0x80053CB4"", ""0x800541A0"", ""0x80054C00"", ""0x8005565C"", ""0x8005A1A0"", ""0x8005C110"", ""0x8005C194"", ""0x8005C1F8"", ""0x8005CE28"", ""0x8005CEB8"", ""0x8005CEE0"", ""0x8005D808"", ""0x8005D82C"", ""0x8005D864"", ""0x8005E090"", ""0x8005E0B8"", ""0x8005E160"", ""0x8005E22C"", ""0x8005E24C"", ""0x8005E32C"", ""0x8005E388"", ""0x8005E3E0"", ""0x8005E570"", ""0x8005E5D4"", ""0x8005E600"", ""0x8005E788"", ""0x8005E7CC"", ""0x8005E820"", ""0x8005E888"", ""0x8005E8E8"", ""0x8005E968"", ""0x8005E9E8"", ""0x8005EA2C"", ""0x8005EA54"", ""0x8005EB00"", ""0x8005EB38"", ""0x8005EB98"", ""0x8005EBF0"", ""0x8005EC1C"", ""0x8005ECA4"", ""0x8005EDBC"", ""0x8005EF48"", ""0x8005EFB8"", ""0x8005EFE8"", ""0x8005F000"", ""0x8005F034"", ""0x8005F2A4"", ""0x8005F2BC"", ""0x8005F330"", ""0x8005F588"", ""0x8005F5EC"", ""0x8005F628"", ""0x8005F6D8"", ""0x8005F744"", ""0x8005F848"", ""0x8005F8AC"", ""0x8005F8FC"", ""0x8005F9F4"", ""0x8005FAEC"", ""0x8005FBA8"", ""0x8005FCCC"", ""0x8005FD64"", ""0x8005FDF4"", ""0x8005FE14"", ""0x8005FEA4"", ""0x8005FF68"", ""0x80060000"", ""0x80060070"", ""0x80060114"", ""0x800601AC"", ""0x8006020C"", ""0x8006A594"", ""0x8006A708"", ""0x8006A948"", ""0x8006B77C"", ""0x8006C610"", ""0x8006CD2C"", ""0x8006CD68"", ""0x8006CD90"", ""0x8006CDB4"", ""0x8006CE18"", ""0x8006CED4"", ""0x8006CF50"", ""0x8006CF6C"", ""0x8006D138"", ""0x8006D1A8"", ""0x8006D2C4"", ""0x8006D2F8"", ""0x8006D364"", ""0x8006D3C4"", ""0x8006D4AC"", ""0x8006D4C0"", ""0x8006D4E0"", ""0x8006D5C4"", ""0x8006D60C"", ""0x8006D6E0"", ""0x8006D700"", ""0x8006D790"", ""0x8006D7D0"", ""0x8006D80C"", ""0x8006D8E8"", ""0x8006D908"", ""0x8006D998"", ""0x8006D9D8"", ""0x8006DA14"", ""0x8006DAF0"", ""0x8006DB10"", ""0x8006DBA0"", ""0x8006DBE0"", ""0x8006DC1C"", ""0x8006DD0C"", ""0x8006DD1C"", ""0x8006DD4C"", ""0x8006DDE8"", ""0x8006DE00"", ""0x8006E28C"", ""0x8006E74C"", ""0x8006E9DC"", ""0x8006EA8C"", ""0x8006ED3C"", ""0x8006ED58"", ""0x8006EEC8"", ""0x8006EF0C"", ""0x8006F018"", ""0x80072A98"", ""0x80072AB8"", ""0x80072AD8"", ""0x80072B04"", ""0x80072B30"", ""0x80072B50"", ""0x80072BD0"", ""0x80072BF4"", ""0x80072C18"", ""0x80072C48"", ""0x80072C78"", ""0x80072C9C""]","[""0x8003F6EC"", ""0x80052D78"", ""0x80052D90"", ""0x80052DAC"", ""0x800729E8"", ""0x800729FC""]",Static LUI/low-pair reference; pointer arithmetic/control flow can invalidate inferred value
DUNE.EXE,0x1F8003DC,DAT_1F8003DC,LIKELY,scratchpad,"[""0x80068460"", ""0x800684F0"", ""0x80068710""]",[],Static LUI/low-pair reference; pointer arithmetic/control flow can invalidate inferred value
DUNE.EXE,0x8001A000,DAT_8001A000,LIKELY,code_or_pointer,"[""0x80061B0C""]",[],Static LUI/low-pair reference; pointer arithmetic/control flow can invalidate inferred value
DUNE.EXE,0x8001A220,DAT_8001A220,LIKELY,code_or_pointer,"[""0x80061B40""]",[],Static LUI/low-pair reference; pointer arithmetic/control flow can invalidate inferred value
DUNE.EXE,0x8001A440,DAT_8001A440,LIKELY,code_or_pointer,"[""0x80061ABC""]",[],Static LUI/low-pair reference; pointer arithmetic/control flow can invalidate inferred value
DUNE.EXE,0x8001A610,DAT_8001A610,LIKELY,code_or_pointer,"[""0x80061AF8""]",[],Static LUI/low-pair reference; pointer arithmetic/control flow can invalidate inferred value
DUNE.EXE,0x8001A7F0,DAT_8001A7F0,LIKELY,code_or_pointer,"[""0x80061B88""]",[],Static LUI/low-pair reference; pointer arithmetic/control flow can invalidate inferred value
DUNE.EXE,0x8001A9C0,DAT_8001A9C0,LIKELY,code_or_pointer,"[""0x80061B20""]",[],Static LUI/low-pair reference; pointer arithmetic/control flow can invalidate inferred value
DUNE.EXE,0x8001ABF0,DAT_8001ABF0,LIKELY,code_or_pointer,"[""0x80061B60""]",[],Static LUI/low-pair reference; pointer arithmetic/control flow can invalidate inferred value
DUNE.EXE,0x8001AE30,DAT_8001AE30,LIKELY,code_or_pointer,"[""0x80061BD0""]",[],Static LUI/low-pair reference; pointer arithmetic/control flow can invalidate inferred value
DUNE.EXE,0x8001B6A0,DAT_8001B6A0,LIKELY,data_candidate,"[""0x8001B53C""]","[""0x8001B4F8"", ""0x8001B578""]",Static LUI/low-pair reference; pointer arithmetic/control flow can invalidate inferred value
DUNE.EXE,0x8001B6A4,DAT_8001B6A4,LIKELY,data_candidate,"[""0x8001B590"", ""0x8001B5D8"", ""0x8001B654""]","[""0x8001B4F0"", ""0x8001B558"", ""0x8001B56C"", ""0x8001B664"", ""0x8001B67C""]",Static LUI/low-pair reference; pointer arithmetic/control flow can invalidate inferred value
DUNE.EXE,0x8001B6A8,DAT_8001B6A8,LIKELY,data_candidate,"[""0x8001B5F4"", ""0x8001B68C""]","[""0x8001B500"", ""0x8001B580""]",Static LUI/low-pair reference; pointer arithmetic/control flow can invalidate inferred value
DUNE.EXE,0x8001B6AC,DAT_8001B6AC,LIKELY,data_candidate,"[""0x8001B288"", ""0x8001B518""]","[""0x8001B508"", ""0x8001B528"", ""0x8001B588""]",Static LUI/low-pair reference; pointer arithmetic/control flow can invalidate inferred value
DUNE.EXE,0x8001B6B0,DAT_8001B6B0,LIKELY,data_candidate,"[""0x8001B080"", ""0x8001B168""]",[],Static LUI/low-pair reference; pointer arithmetic/control flow can invalidate inferred value
DUNE.EXE,0x8001C020,DAT_8001C020,LIKELY,code_or_pointer,"[""0x80061AA8""]",[],Static LUI/low-pair reference; pointer arithmetic/control flow can invalidate inferred value
DUNE.EXE,0x8001C1E0,DAT_8001C1E0,LIKELY,code_or_pointer,"[""0x80061ADC""]",[],Static LUI/low-pair reference; pointer arithmetic/control flow can invalidate inferred value
DUNE.EXE,0x8001C3B0,DAT_8001C3B0,LIKELY,code_or_pointer,"[""0x80061B74""]",[],Static LUI/low-pair reference; pointer arithmetic/control flow can invalidate inferred value
DUNE.EXE,0x8001C580,DAT_8001C580,LIKELY,code_or_pointer,"[""0x80061BA8""]",[],Static LUI/low-pair reference; pointer arithmetic/control flow can invalidate inferred value
DUNE.EXE,0x8001C760,DAT_8001C760,LIKELY,code_or_pointer,"[""0x80061BBC""]",[],Static LUI/low-pair reference; pointer arithmetic/control flow can invalidate inferred value
DUNE.EXE,0x8001C990,DAT_8001C990,LIKELY,code_or_pointer,"[""0x80061BEC""]",[],Static LUI/low-pair reference; pointer arithmetic/control flow can invalidate inferred value
DUNE.EXE,0x800728B0,DAT_800728B0,LIKELY,code_or_pointer,"[""0x80072E14""]",[],Static LUI/low-pair reference; pointer arithmetic/control flow can invalidate inferred value
DUNE.EXE,0x800743E4,DAT_800743E4,LIKELY,code_or_pointer,"[""0x80074340""]",[],Static LUI/low-pair reference; pointer arithmetic/control flow can invalidate inferred value
DUNE.EXE,0x8007440C,DAT_8007440C,LIKELY,code_or_pointer,"[""0x80074350""]",[],Static LUI/low-pair reference; pointer arithmetic/control flow can invalidate inferred value
DUNE.EXE,0x80074434,DAT_80074434,LIKELY,code_or_pointer,"[""0x80074360""]",[],Static LUI/low-pair reference; pointer arithmetic/control flow can invalidate inferred value
DUNE.EXE,0x80076280,DAT_80076280,LIKELY,code_or_pointer,"[""0x80075D24"", ""0x80075DA4""]",[],Static LUI/low-pair reference; pointer arithmetic/control flow can invalidate inferred value
DUNE.EXE,0x80076DA8,DAT_80076DA8,LIKELY,code_or_pointer,"[""0x80076FFC"", ""0x800770E0"", ""0x80077424""]",[],Static LUI/low-pair reference; pointer arithmetic/control flow can invalidate inferred value
DUNE.EXE,0x80076DDC,DAT_80076DDC,LIKELY,code_or_pointer,"[""0x8007728C""]",[],Static LUI/low-pair reference; pointer arithmetic/control flow can invalidate inferred value
DUNE.EXE,0x80077050,DAT_80077050,LIKELY,code_or_pointer,"[""0x80076E68"", ""0x800772C0""]",[],Static LUI/low-pair reference; pointer arithmetic/control flow can invalidate inferred value
DUNE.EXE,0x8007A588,DAT_8007A588,LIKELY,code_or_pointer,"[""0x8007A564""]",[],Static LUI/low-pair reference; pointer arithmetic/control flow can invalidate inferred value
DUNE.EXE,0x8007A5F4,DAT_8007A5F4,LIKELY,code_or_pointer,"[""0x8007A574""]",[],Static LUI/low-pair reference; pointer arithmetic/control flow can invalidate inferred value
DUNE.EXE,0x8007A69C,DAT_8007A69C,LIKELY,code_or_pointer,"[""0x8007A678""]",[],Static LUI/low-pair reference; pointer arithmetic/control flow can invalidate inferred value
DUNE.EXE,0x8007A81C,DAT_8007A81C,LIKELY,code_or_pointer,"[""0x8007A688""]",[],Static LUI/low-pair reference; pointer arithmetic/control flow can invalidate inferred value
DUNE.EXE,0x8007D65C,DAT_8007D65C,LIKELY,data_candidate,"[""0x8007D5E4""]",[],Static LUI/low-pair reference; pointer arithmetic/control flow can invalidate inferred value
DUNE.EXE,0x8007D674,DAT_8007D674,LIKELY,data_candidate,"[""0x8007D5EC"", ""0x8007D614""]",[],Static LUI/low-pair reference; pointer arithmetic/control flow can invalidate inferred value
DUNE.EXE,0x8007D68C,DAT_8007D68C,LIKELY,data_candidate,"[""0x8007D61C""]",[],Static LUI/low-pair reference; pointer arithmetic/control flow can invalidate inferred value
DUNE.EXE,0x8007FA64,DAT_8007FA64,LIKELY,code_or_pointer,"[""0x8007F8DC"", ""0x8008058C""]",[],Static LUI/low-pair reference; pointer arithmetic/control flow can invalidate inferred value
DUNE.EXE,0x80080580,DAT_80080580,LIKELY,code_or_pointer,"[""0x80080214"", ""0x80080300"", ""0x800803F4"", ""0x80080544""]",[],Static LUI/low-pair reference; pointer arithmetic/control flow can invalidate inferred value
DUNE.EXE,0x80083614,DAT_80083614,LIKELY,code_or_pointer,"[""0x80083600""]",[],Static LUI/low-pair reference; pointer arithmetic/control flow can invalidate inferred value
DUNE.EXE,0x8008367C,DAT_8008367C,LIKELY,code_or_pointer,"[""0x800835F4""]",[],Static LUI/low-pair reference; pointer arithmetic/control flow can invalidate inferred value
DUNE.EXE,0x800846BC,DAT_800846BC,LIKELY,code_or_pointer,"[""0x80084654""]",[],Static LUI/low-pair reference; pointer arithmetic/control flow can invalidate inferred value
DUNE.EXE,0x80084764,DAT_80084764,LIKELY,code_or_pointer,"[""0x80084664""]",[],Static LUI/low-pair reference; pointer arithmetic/control flow can invalidate inferred value
DUNE.EXE,0x80084BC4,DAT_80084BC4,LIKELY,code_or_pointer,"[""0x80084B98""]",[],Static LUI/low-pair reference; pointer arithmetic/control flow can invalidate inferred value
DUNE.EXE,0x80084BE0,DAT_80084BE0,LIKELY,code_or_pointer,"[""0x80084BA4""]",[],Static LUI/low-pair reference; pointer arithmetic/control flow can invalidate inferred value
DUNE.EXE,0x80084D40,DAT_80084D40,LIKELY,code_or_pointer,"[""0x80084CF8""]",[],Static LUI/low-pair reference; pointer arithmetic/control flow can invalidate inferred value
DUNE.EXE,0x80084D94,DAT_80084D94,LIKELY,code_or_pointer,"[""0x80084D04""]",[],Static LUI/low-pair reference; pointer arithmetic/control flow can invalidate inferred value
DUNE.EXE,0x80085630,DAT_80085630,LIKELY,code_or_pointer,"[""0x8008551C""]",[],Static LUI/low-pair reference; pointer arithmetic/control flow can invalidate inferred value
DUNE.EXE,0x80085698,DAT_80085698,LIKELY,code_or_pointer,"[""0x8008550C""]",[],Static LUI/low-pair reference; pointer arithmetic/control flow can invalidate inferred value
DUNE.EXE,0x8008578C,DAT_8008578C,LIKELY,code_or_pointer,"[""0x8008556C""]",[],Static LUI/low-pair reference; pointer arithmetic/control flow can invalidate inferred value
DUNE.EXE,0x8008579C,DAT_8008579C,LIKELY,code_or_pointer,"[""0x8008552C""]",[],Static LUI/low-pair reference; pointer arithmetic/control flow can invalidate inferred value
DUNE.EXE,0x80085858,DAT_80085858,LIKELY,code_or_pointer,"[""0x8008553C""]",[],Static LUI/low-pair reference; pointer arithmetic/control flow can invalidate inferred value
DUNE.EXE,0x80085AD4,DAT_80085AD4,LIKELY,code_or_pointer,"[""0x8008554C""]",[],Static LUI/low-pair reference; pointer arithmetic/control flow can invalidate inferred value
DUNE.EXE,0x80085B0C,DAT_80085B0C,LIKELY,code_or_pointer,"[""0x8008555C""]",[],Static LUI/low-pair reference; pointer arithmetic/control flow can invalidate inferred value
DUNE.EXE,0x80085B94,DAT_80085B94,LIKELY,code_or_pointer,"[""0x80085B64""]",[],Static LUI/low-pair reference; pointer arithmetic/control flow can invalidate inferred value
DUNE.EXE,0x80085CA4,DAT_80085CA4,LIKELY,code_or_pointer,"[""0x80085B84""]",[],Static LUI/low-pair reference; pointer arithmetic/control flow can invalidate inferred value
DUNE.EXE,0x80085FE8,DAT_80085FE8,LIKELY,code_or_pointer,"[""0x80085B74""]",[],Static LUI/low-pair reference; pointer arithmetic/control flow can invalidate inferred value
DUNE.EXE,0x800866C0,DAT_800866C0,LIKELY,code_or_pointer,"[""0x80086214""]",[],Static LUI/low-pair reference; pointer arithmetic/control flow can invalidate inferred value
DUNE.EXE,0x80088450,DAT_80088450,LIKELY,data_candidate,"[""0x8005A99C""]",[],Static LUI/low-pair reference; pointer arithmetic/control flow can invalidate inferred value
DUNE.EXE,0x8008845C,DAT_8008845C,LIKELY,data_candidate,"[""0x8001F040"", ""0x80021DF4"", ""0x80031CE8"", ""0x800343F4"", ""0x8003FC04"", ""0x8003FE78"", ""0x8005230C"", ""0x8005236C"", ""0x80052434"", ""0x80052EF4"", ""0x80053A60"", ""0x8005461C"", ""0x8005465C"", ""0x8005469C"", ""0x80054934"", ""0x80054AD8"", ""0x80054BA4"", ""0x8005AA04"", ""0x80072094""]",[],Static LUI/low-pair reference; pointer arithmetic/control flow can invalidate inferred value
DUNE.EXE,0x8009587C,DAT_8009587C,LIKELY,data_candidate,"[""0x8002C6D0"", ""0x8002CED0"", ""0x8002D6A0""]",[],Static LUI/low-pair reference; pointer arithmetic/control flow can invalidate inferred value
DUNE.EXE,0x80096694,DAT_80096694,LIKELY,data_candidate,"[""0x8002C6DC"", ""0x8002D84C"", ""0x8002D864""]",[],Static LUI/low-pair reference; pointer arithmetic/control flow can invalidate inferred value
DUNE.EXE,0x800974AC,DAT_800974AC,LIKELY,data_candidate,"[""0x8002C514""]",[],Static LUI/low-pair reference; pointer arithmetic/control flow can invalidate inferred value
DUNE.EXE,0x800978AC,DAT_800978AC,LIKELY,data_candidate,"[""0x8002C40C"", ""0x8002D078""]",[],Static LUI/low-pair reference; pointer arithmetic/control flow can invalidate inferred value
DUNE.EXE,0x80097CAC,DAT_80097CAC,LIKELY,data_candidate,"[""0x800356A8""]",[],Static LUI/low-pair reference; pointer arithmetic/control flow can invalidate inferred value
DUNE.EXE,0x80097CBC,DAT_80097CBC,LIKELY,data_candidate,"[""0x8002E9F4"", ""0x8002EAB0"", ""0x80037CC8""]",[],Static LUI/low-pair reference; pointer arithmetic/control flow can invalidate inferred value
DUNE.EXE,0x80097E04,DAT_80097E04,LIKELY,data_candidate,"[""0x8003F51C"", ""0x8004D040"", ""0x8004D0A4"", ""0x8004D0D8"", ""0x80068B48""]",[],Static LUI/low-pair reference; pointer arithmetic/control flow can invalidate inferred value
DUNE.EXE,0x80097EA4,DAT_80097EA4,LIKELY,data_candidate,"[""0x800678D0""]",[],Static LUI/low-pair reference; pointer arithmetic/control flow can invalidate inferred value
DUNE.EXE,0x80097F6C,DAT_80097F6C,LIKELY,data_candidate,"[""0x80041B10"", ""0x80053248""]",[],Static LUI/low-pair reference; pointer arithmetic/control flow can invalidate inferred value
DUNE.EXE,0x80098194,DAT_80098194,LIKELY,data_candidate,[],"[""0x8003F5C4""]",Static LUI/low-pair reference; pointer arithmetic/control flow can invalidate inferred value
DUNE.EXE,0x800981AC,DAT_800981AC,LIKELY,data_candidate,"[""0x8003FD28"", ""0x8003FD74""]",[],Static LUI/low-pair reference; pointer arithmetic/control flow can invalidate inferred value
DUNE.EXE,0x80098260,DAT_80098260,LIKELY,data_candidate,"[""0x80036F8C"", ""0x8003F3CC"", ""0x8003FCDC""]","[""0x8003FCE8""]",Static LUI/low-pair reference; pointer arithmetic/control flow can invalidate inferred value
DUNE.EXE,0x80098288,DAT_80098288,LIKELY,data_candidate,[],"[""0x80036FC8""]",Static LUI/low-pair reference; pointer arithmetic/control flow can invalidate inferred value
DUNE.EXE,0x80098289,DAT_80098289,LIKELY,data_candidate,[],"[""0x80040DC8"", ""0x80040E38""]",Static LUI/low-pair reference; pointer arithmetic/control flow can invalidate inferred value
DUNE.EXE,0x8009857C,DAT_8009857C,LIKELY,data_candidate,"[""0x8004198C""]",[],Static LUI/low-pair reference; pointer arithmetic/control flow can invalidate inferred value
DUNE.EXE,0x800991FC,DAT_800991FC,LIKELY,data_candidate,"[""0x8003B208"", ""0x800445B4""]",[],Static LUI/low-pair reference; pointer arithmetic/control flow can invalidate inferred value
DUNE.EXE,0x8009930C,DAT_8009930C,LIKELY,data_candidate,"[""0x8001D318""]",[],Static LUI/low-pair reference; pointer arithmetic/control flow can invalidate inferred value
DUNE.EXE,0x8009950C,DAT_8009950C,LIKELY,data_candidate,"[""0x80067A68"", ""0x80067EAC""]",[],Static LUI/low-pair reference; pointer arithmetic/control flow can invalidate inferred value
DUNE.EXE,0x80099518,DAT_80099518,LIKELY,data_candidate,"[""0x80067A98"", ""0x80067EB8""]",[],Static LUI/low-pair reference; pointer arithmetic/control flow can invalidate inferred value
DUNE.EXE,0x80099534,DAT_80099534,LIKELY,data_candidate,"[""0x80067A4C"", ""0x80067EC4""]",[],Static LUI/low-pair reference; pointer arithmetic/control flow can invalidate inferred value
DUNE.EXE,0x80099568,DAT_80099568,LIKELY,data_candidate,"[""0x80067BAC"", ""0x80067ED0""]",[],Static LUI/low-pair reference; pointer arithmetic/control flow can invalidate inferred value
DUNE.EXE,0x800995BC,DAT_800995BC,LIKELY,data_candidate,"[""0x80067C5C"", ""0x80067EDC""]",[],Static LUI/low-pair reference; pointer arithmetic/control flow can invalidate inferred value
DUNE.EXE,0x80099638,DAT_80099638,LIKELY,data_candidate,"[""0x80067D28"", ""0x80067EE8""]",[],Static LUI/low-pair reference; pointer arithmetic/control flow can invalidate inferred value
DUNE.EXE,0x800996E4,DAT_800996E4,LIKELY,data_candidate,"[""0x80067DF0"", ""0x80067EF4""]",[],Static LUI/low-pair reference; pointer arithmetic/control flow can invalidate inferred value
DUNE.EXE,0x800997C8,DAT_800997C8,LIKELY,data_candidate,"[""0x8001D220"", ""0x8001D224"", ""0x8001D624"", ""0x8001D654"", ""0x8001D744"", ""0x8001D74C"", ""0x8001D77C"", ""0x8001D974"", ""0x8001D978"", ""0x8001DB18"", ""0x8001E014"", ""0x8001E050"", ""0x8001E148"", ""0x8001E158"", ""0x8001E1C0"", ""0x8001E534"", ""0x80020A3C"", ""0x800231C8"", ""0x80023494"", ""0x80023498"", ""0x80023568"", ""0x800279CC"", ""0x800279EC"", ""0x80027B68"", ""0x80027BA4"", ""0x80027D54"", ""0x80027D58"", ""0x80027F20"", ""0x8002804C"", ""0x80028054"", ""0x80028A68"", ""0x80028A7C"", ""0x80028B50"", ""0x8002AD1C"", ""0x8002B14C"", ""0x8002B17C"", ""0x8002E260"", ""0x8002F0D8"", ""0x8002F4BC"", ""0x8002F7B4"", ""0x8002F828"", ""0x8002F86C"", ""0x80030778"", ""0x80030D34"", ""0x8003124C"", ""0x8003172C"", ""0x800332E0"", ""0x800333DC"", ""0x80033684"", ""0x800340C8"", ""0x800346D0"", ""0x8003536C"", ""0x800355CC"", ""0x80035898"", ""0x8003644C"", ""0x80037800"", ""0x80037810"", ""0x80038ADC"", ""0x80038AEC"", ""0x80039164"", ""0x80039174"", ""0x8003950C"", ""0x8003951C"", ""0x8003A298"", ""0x8003BA00"", ""0x8003BD34"", ""0x8003BD98"", ""0x8003C3D4"", ""0x8003C684"", ""0x8003CDE8"", ""0x8003CDF8"", ""0x8003CE74"", ""0x8003CE84"", ""0x8003CF18"", ""0x8003D660"", ""0x8003E090"", ""0x8003E0E8"", ""0x8003E520"", ""0x8003E524"", ""0x80041A4C"", ""0x80042288"", ""0x80042294"", ""0x800422F0"", ""0x800422F8"", ""0x8004257C"", ""0x80042588"", ""0x800425E4"", ""0x80042788"", ""0x800428EC"", ""0x800429A0"", ""0x80042E48"", ""0x80042F64"", ""0x80043138"", ""0x800433C4"", ""0x800434B8"", ""0x800434BC"", ""0x8004354C"", ""0x80043998"", ""0x80043B44"", ""0x80043C48"", ""0x80043D4C"", ""0x8004410C"", ""0x80044154"", ""0x80044330"", ""0x800443F4"", ""0x80044548"", ""0x8004463C"", ""0x80044C60"", ""0x80044C64"", ""0x80044DCC"", ""0x80044DD0"", ""0x80045D40"", ""0x800467FC"", ""0x80046B88"", ""0x800489AC"", ""0x80048A38"", ""0x80048D2C"", ""0x80048DB8"", ""0x800490C8"", ""0x80049168"", ""0x80049498"", ""0x80049CE4"", ""0x8004B14C"", ""0x8004BAC4"", ""0x8004BAC8"", ""0x8004BDB4"", ""0x8004BE28"", ""0x8004BF50"", ""0x8004C260"", ""0x8004DD80"", ""0x8004DDB0"", ""0x8004DEF0"", ""0x8004F290"", ""0x8004F294"", ""0x80051ED8"", ""0x80052288"", ""0x8005228C"", ""0x80059CAC"", ""0x80059DF0"", ""0x80059E18"", ""0x8005A114"", ""0x8005A244"", ""0x8005A278"", ""0x8005E548"", ""0x8005E6AC"", ""0x8005ED50"", ""0x8005ED60"", ""0x8005EE90"", ""0x8005EEA0"", ""0x8005F1CC"", ""0x8005F1DC"", ""0x8005F27C"", ""0x8005F4C4"", ""0x8005F4D4"", ""0x800684B4"", ""0x80068504""]",[],Static LUI/low-pair reference; pointer arithmetic/control flow can invalidate inferred value
DUNE.EXE,0x800997CC,DAT_800997CC,LIKELY,data_candidate,"[""0x8003BD64""]",[],Static LUI/low-pair reference; pointer arithmetic/control flow can invalidate inferred value
DUNE.EXE,0x800997D0,DAT_800997D0,LIKELY,data_candidate,"[""0x80019114"", ""0x8003B11C"", ""0x80041DD8"", ""0x80065FA4"", ""0x80066294"", ""0x80066F58""]",[],Static LUI/low-pair reference; pointer arithmetic/control flow can invalidate inferred value
DUNE.EXE,0x800A0004,DAT_800A0004,LIKELY,data_candidate,"[""0x800434C4"", ""0x80044C6C"", ""0x80044DD8"", ""0x8004BADC""]",[],Static LUI/low-pair reference; pointer arithmetic/control flow can invalidate inferred value
DUNE.EXE,0x800A0008,DAT_800A0008,LIKELY,data_candidate,"[""0x8001E1C4""]",[],Static LUI/low-pair reference; pointer arithmetic/control flow can invalidate inferred value
DUNE.EXE,0x800A0074,DAT_800A0074,LIKELY,data_candidate,[],"[""0x8003FD7C""]",Static LUI/low-pair reference; pointer arithmetic/control flow can invalidate inferred value
DUNE.EXE,0x800A0080,DAT_800A0080,LIKELY,data_candidate,[],"[""0x8003FD78""]",Static LUI/low-pair reference; pointer arithmetic/control flow can invalidate inferred value
DUNE.EXE,0x800A0098,DAT_800A0098,LIKELY,data_candidate,[],"[""0x8003FD80""]",Static LUI/low-pair reference; pointer arithmetic/control flow can invalidate inferred value
DUNE.EXE,0x800A00A4,DAT_800A00A4,LIKELY,data_candidate,[],"[""0x8003FD84""]",Static LUI/low-pair reference; pointer arithmetic/control flow can invalidate inferred value
DUNE.EXE,0x800A00B0,DAT_800A00B0,LIKELY,data_candidate,[],"[""0x8003FD88""]",Static LUI/low-pair reference; pointer arithmetic/control flow can invalidate inferred value
DUNE.EXE,0x800B97D0,DAT_800B97D0,LIKELY,data_candidate,"[""0x800438BC"", ""0x800438E4"", ""0x80043BDC"", ""0x80043C58"", ""0x80043D64"", ""0x8004428C"", ""0x80055A04""]",[],Static LUI/low-pair reference; pointer arithmetic/control flow can invalidate inferred value
DUNE.EXE,0x800B9938,DAT_800B9938,LIKELY,data_candidate,"[""0x8001E84C"", ""0x800203D4"", ""0x8002237C"", ""0x80022D04"", ""0x80024928"", ""0x800255E4"", ""0x800259C0"", ""0x80026260"", ""0x80026474"", ""0x8002876C"", ""0x800287C4"", ""0x800291D0"", ""0x8002B510"", ""0x8002FD94"", ""0x80031960"", ""0x80031B88"", ""0x80031E8C"", ""0x800320A8"", ""0x80032264"", ""0x80032438"", ""0x80032EBC"", ""0x80032FE8"", ""0x800345FC"", ""0x8003467C"", ""0x800347F0"", ""0x80034984"", ""0x800361E4"", ""0x80037E74"", ""0x80038A58"", ""0x80039B70"", ""0x80039C78"", ""0x80039DF4"", ""0x8003BBA0"", ""0x8003BE44"", ""0x8003C00C"", ""0x8003C154"", ""0x8003C194"", ""0x8003DEC0"", ""0x8003E0E0"", ""0x800412FC"", ""0x80041330"", ""0x80041364"", ""0x80041398"", ""0x800413CC"", ""0x80041400"", ""0x80041434"", ""0x80041468"", ""0x8004149C"", ""0x800414D0"", ""0x80041504"", ""0x80044774"", ""0x80046198"", ""0x80046520"", ""0x800466D0"", ""0x800469A8"", ""0x80046CBC"", ""0x80047AA8"", ""0x80047B58"", ""0x80048720"", ""0x80049A78"", ""0x80049B24"", ""0x8004A538"", ""0x8004CF0C"", ""0x8004DAA8"", ""0x8004DC94"", ""0x8004DEDC"", ""0x8004E040"", ""0x8004E100"", ""0x8004E1C4"", ""0x8004E2F8"", ""0x8004E3D0"", ""0x8004E49C"", ""0x8004E564"", ""0x8004E61C"", ""0x8004EA84"", ""0x8004EB08"", ""0x8004EB7C"", ""0x8004ECA8"", ""0x8004EDB0"", ""0x8004F074""]",[],Static LUI/low-pair reference; pointer arithmetic/control flow can invalidate inferred value
DUNE.EXE,0x800E000E,DAT_800E000E,LIKELY,data_candidate,"[""0x80047B24""]",[],Static LUI/low-pair reference; pointer arithmetic/control flow can invalidate inferred value
DUNE.EXE,0x800E0011,DAT_800E0011,LIKELY,data_candidate,"[""0x80047990""]",[],Static LUI/low-pair reference; pointer arithmetic/control flow can invalidate inferred value
DUNE.EXE,0x800E0031,DAT_800E0031,LIKELY,data_candidate,"[""0x80039AA0"", ""0x80039AF4""]",[],Static LUI/low-pair reference; pointer arithmetic/control flow can invalidate inferred value
DUNE.EXE,0x800E03F8,DAT_800E03F8,LIKELY,data_candidate,"[""0x8001DB60"", ""0x8001F324"", ""0x8001F870"", ""0x8001FC04"", ""0x8001FCE4"", ""0x8001FDE0"", ""0x80020188"", ""0x80020210"", ""0x8002051C"", ""0x80020698"", ""0x80020910"", ""0x80020BF8"", ""0x80020D40"", ""0x80020EA0"", ""0x80021878"", ""0x80021B00"", ""0x80021BC4"", ""0x80021CD0"", ""0x80021E20"", ""0x80021E60"", ""0x80022154"", ""0x80023A80"", ""0x80023B9C"", ""0x80023C44"", ""0x80023F3C"", ""0x80023FE4"", ""0x800240DC"", ""0x8002430C"", ""0x8002459C"", ""0x80024654"", ""0x800246C8"", ""0x800248A0"", ""0x80024A30"", ""0x80024CF0"", ""0x8002535C"", ""0x800253D4"", ""0x80025488"", ""0x80025568"", ""0x80025C6C"", ""0x80025D44"", ""0x800263F8"", ""0x80026638"", ""0x80026690"", ""0x80026748"", ""0x80026A94"", ""0x80026BB0"", ""0x800270CC"", ""0x80027504"", ""0x80027698"", ""0x8002786C"", ""0x80027978"", ""0x80028480"", ""0x80028510"", ""0x800285D0"", ""0x800288E8"", ""0x80028C88"", ""0x80028DC0"", ""0x80028F7C"", ""0x800291B0"", ""0x800293D4"", ""0x8002962C"", ""0x80029C10"", ""0x80029DB4"", ""0x80029E58"", ""0x80029F60"", ""0x8002A188"", ""0x8002A410"", ""0x8002A7C4"", ""0x8002AB58"", ""0x8002AECC"", ""0x8002B058"", ""0x8002B29C"", ""0x8002B5F0"", ""0x8002B78C"", ""0x80031588"", ""0x8003377C"", ""0x800339FC"", ""0x800341C8"", ""0x800343C0"", ""0x80034498"", ""0x8003450C"", ""0x80034E84"", ""0x80035494"", ""0x8003617C"", ""0x8003663C"", ""0x80036828"", ""0x80036900"", ""0x800369FC"", ""0x80036D68"", ""0x80037208"", ""0x80037BFC"", ""0x80038450"", ""0x80038930"", ""0x80039CB4"", ""0x8003A4B8"", ""0x8003A894"", ""0x8003ADAC"", ""0x8003B990"", ""0x8003BFD0"", ""0x8003C468"", ""0x8003C774"", ""0x8003C874"", ""0x8003C92C"", ""0x8003CB74"", ""0x8003CC94"", ""0x8003D124"", ""0x8003D5A4"", ""0x8003D7A8"", ""0x8003D958"", ""0x8003DB10"", ""0x8003DD28"", ""0x8003E338"", ""0x8003E460"", ""0x8003E5F8"", ""0x8003E6D4"", ""0x8003E794"", ""0x8003E8CC"", ""0x8003E988"", ""0x8003EA94"", ""0x8003F300"", ""0x8003FD60"", ""0x8003FEB0"", ""0x8003FF44"", ""0x8003FFEC"", ""0x800406CC"", ""0x80040B54"", ""0x80040CA8"", ""0x80040D24"", ""0x80040E64"", ""0x80041038"", ""0x800410B4"", ""0x800411F0"", ""0x80041280"", ""0x800415B8"", ""0x8004162C"", ""0x80041708"", ""0x80041CAC"", ""0x80042150"", ""0x8004233C"", ""0x80042A0C"", ""0x80042D90"", ""0x800446F4"", ""0x80045644"", ""0x800456D4"", ""0x80045764"", ""0x80046C68"", ""0x80046FD8"", ""0x80048164"", ""0x80048594"", ""0x800485C4"", ""0x80048660"", ""0x8004869C"", ""0x80048E94"", ""0x800490D8"", ""0x800497E4"", ""0x80049ADC"", ""0x80049D68"", ""0x80049E4C"", ""0x80049F20"", ""0x80049FA0"", ""0x8004A044"", ""0x8004A0C0"", ""0x8004A174"", ""0x8004A21C"", ""0x8004A2C8"", ""0x8004A368"", ""0x8004A40C"", ""0x8004A4B4"", ""0x8004A6EC"", ""0x8004A8B8"", ""0x8004AA20"", ""0x8004ABCC"", ""0x8004AD58"", ""0x8004AF68"", ""0x8004B3BC"", ""0x8004B60C"", ""0x8004B828"", ""0x8004C06C"", ""0x8004C168"", ""0x8004C50C"", ""0x8004CCFC"", ""0x8004D174"", ""0x8004D424"", ""0x8004D54C"", ""0x8004D5F4"", ""0x8004D7D4"", ""0x8004D898"", ""0x8004D9C8"", ""0x8004E604"", ""0x8004E88C"", ""0x8004EE4C"", ""0x8004F1A4"", ""0x8004F4A0"", ""0x8004F4FC"", ""0x8004F5BC"", ""0x8004F838"", ""0x8004FACC"", ""0x8004FD08"", ""0x8004FE00"", ""0x8004FEF4"", ""0x8005001C"", ""0x80050180"", ""0x800502D0"", ""0x800503E8"", ""0x80050500"", ""0x800505FC"", ""0x800506C0"", ""0x80050830"", ""0x800509B0"", ""0x80050AE0"", ""0x80050C08"", ""0x80050F00"", ""0x80050FD4"", ""0x8005242C"", ""0x80052754"", ""0x800528A4"", ""0x800528B8"", ""0x800528CC"", ""0x80052980"", ""0x80052A50"", ""0x800535A4"", ""0x800536DC"", ""0x80053A14"", ""0x800543A0"", ""0x800543E8"", ""0x80054600"", ""0x80054840"", ""0x8005568C"", ""0x8005E3C0"", ""0x8005FF98"", ""0x80060030"", ""0x800600A0"", ""0x80060144"", ""0x800601DC"", ""0x8006023C"", ""0x80065FAC"", ""0x8006A74C"", ""0x8006A984"", ""0x8006B7CC"", ""0x8006C640"", ""0x8006D170"", ""0x8006D330"", ""0x8006D3F4"", ""0x8006DD80"", ""0x8006E2C4"", ""0x8006E740"", ""0x8006EA20"", ""0x8006ED88"", ""0x8006EF40"", ""0x8006F048"", ""0x80071AB4""]",[],Static LUI/low-pair reference; pointer arithmetic/control flow can invalidate inferred value
DUNE.EXE,0x800E58B4,DAT_800E58B4,LIKELY,data_candidate,"[""0x80048598"", ""0x800486A0""]",[],Static LUI/low-pair reference; pointer arithmetic/control flow can invalidate inferred value
DUNE.EXE,0x800E6958,DAT_800E6958,LIKELY,data_candidate,"[""0x80021D2C"", ""0x80021DD4"", ""0x80022370"", ""0x80023570"", ""0x80026414"", ""0x80026A48"", ""0x80026BA4"", ""0x8002E288"", ""0x80035234"", ""0x80036888"", ""0x80036958"", ""0x8003D504"", ""0x80042148"", ""0x80048AB8"", ""0x80048E54"", ""0x80049540"", ""0x8004E718"", ""0x800538C8"", ""0x800539A8"", ""0x80053A58"", ""0x80054598"", ""0x8005F2C0"", ""0x8005F9F8""]",[],Static LUI/low-pair reference; pointer arithmetic/control flow can invalidate inferred value
DUNE.EXE,0x800E72DC,DAT_800E72DC,LIKELY,data_candidate,"[""0x8001FE94"", ""0x80026774"", ""0x80026BC8"", ""0x80028DF4"", ""0x8002F9D8"", ""0x8002FBD0"", ""0x800359DC"", ""0x800361B8"", ""0x800374A0"", ""0x8003888C"", ""0x80039A9C"", ""0x80039AF0"", ""0x80039B1C"", ""0x8003A100"", ""0x8003C478"", ""0x8003C4EC"", ""0x8003C59C"", ""0x8003C978"", ""0x8003CA4C"", ""0x8003DD48"", ""0x80043EA0"", ""0x80047984"", ""0x80047B18"", ""0x80048E2C"", ""0x8004E62C"", ""0x8004F378"", ""0x8004F3EC"", ""0x8004F6C8"", ""0x80052A58"", ""0x80053728""]",[],Static LUI/low-pair reference; pointer arithmetic/control flow can invalidate inferred value
DUNE.EXE,0x800E72E3,DAT_800E72E3,LIKELY,data_candidate,"[""0x8001FDEC"", ""0x8002A478""]",[],Static LUI/low-pair reference; pointer arithmetic/control flow can invalidate inferred value
DUNE.EXE,0x800E72EC,DAT_800E72EC,LIKELY,data_candidate,"[""0x8004CB64""]",[],Static LUI/low-pair reference; pointer arithmetic/control flow can invalidate inferred value
DUNE.EXE,0x800E72EE,DAT_800E72EE,LIKELY,data_candidate,"[""0x8003BE58""]",[],Static LUI/low-pair reference; pointer arithmetic/control flow can invalidate inferred value
DUNE.EXE,0x800E72EF,DAT_800E72EF,LIKELY,data_candidate,"[""0x8003BFF0"", ""0x8004535C"", ""0x80045394""]",[],Static LUI/low-pair reference; pointer arithmetic/control flow can invalidate inferred value
DUNE.EXE,0x800E730E,DAT_800E730E,LIKELY,data_candidate,"[""0x8003AD30"", ""0x80044214""]",[],Static LUI/low-pair reference; pointer arithmetic/control flow can invalidate inferred value
DUNE.EXE,0x800E730F,DAT_800E730F,LIKELY,data_candidate,"[""0x80037C4C""]",[],Static LUI/low-pair reference; pointer arithmetic/control flow can invalidate inferred value
DUNE.EXE,0x800E7315,DAT_800E7315,LIKELY,data_candidate,"[""0x8004D04C""]",[],Static LUI/low-pair reference; pointer arithmetic/control flow can invalidate inferred value
DUNE.EXE,0x800E7317,DAT_800E7317,LIKELY,data_candidate,"[""0x80033ADC""]",[],Static LUI/low-pair reference; pointer arithmetic/control flow can invalidate inferred value
DUNE.EXE,0x800E731C,DAT_800E731C,LIKELY,data_candidate,"[""0x80035FA0""]",[],Static LUI/low-pair reference; pointer arithmetic/control flow can invalidate inferred value
DUNE.EXE,0x800E7334,DAT_800E7334,LIKELY,data_candidate,"[""0x8001D2F8"", ""0x80051B48""]",[],Static LUI/low-pair reference; pointer arithmetic/control flow can invalidate inferred value
DUNE.EXE,0x800E7374,DAT_800E7374,LIKELY,data_candidate,"[""0x8003A634"", ""0x8003AC10"", ""0x8003AE04"", ""0x8003B16C"", ""0x80051DC4""]",[],Static LUI/low-pair reference; pointer arithmetic/control flow can invalidate inferred value
DUNE.EXE,0x800E75CC,DAT_800E75CC,LIKELY,data_candidate,"[""0x8003CFE4"", ""0x80051C58""]",[],Static LUI/low-pair reference; pointer arithmetic/control flow can invalidate inferred value
DUNE.EXE,0x800E764C,DAT_800E764C,LIKELY,data_candidate,"[""0x8003FC48""]",[],Static LUI/low-pair reference; pointer arithmetic/control flow can invalidate inferred value
DUNE.EXE,0x800E7714,DAT_800E7714,LIKELY,data_candidate,"[""0x8003FC54""]",[],Static LUI/low-pair reference; pointer arithmetic/control flow can invalidate inferred value
DUNE.EXE,0x800E7840,DAT_800E7840,LIKELY,data_candidate,"[""0x80051C28"", ""0x8005219C"", ""0x80052230""]",[],Static LUI/low-pair reference; pointer arithmetic/control flow can invalidate inferred value
DUNE.EXE,0x800E87E0,DAT_800E87E0,LIKELY,data_candidate,"[""0x8001E638"", ""0x80021894"", ""0x800219CC"", ""0x80021A3C"", ""0x800235FC"", ""0x800242E0"", ""0x800245BC"", ""0x80025608"", ""0x80026D84"", ""0x80028E34"", ""0x80029058"", ""0x80029690"", ""0x80029728"", ""0x80029BDC"", ""0x80029C98"", ""0x80029E7C"", ""0x8002A1C8"", ""0x8002AF00"", ""0x8002B2C4"", ""0x8002B544"", ""0x8002E7A0"", ""0x8002E884"", ""0x8002E974"", ""0x8002EA5C"", ""0x8002EC44"", ""0x8002F1C8"", ""0x8002F618"", ""0x8002F6B0"", ""0x8002FB1C"", ""0x8002FC94"", ""0x8002FE44"", ""0x8002FF78"", ""0x80030174"", ""0x800301F8"", ""0x80030408"", ""0x8003059C"", ""0x80030664"", ""0x800309C4"", ""0x80030B44"", ""0x80030C68"", ""0x80030E0C"", ""0x80030F08"", ""0x80031110"", ""0x80031384"", ""0x800318D4"", ""0x800324B4"", ""0x80032A48"", ""0x8003319C"", ""0x80033648"", ""0x8003378C"", ""0x80033DAC"", ""0x80034730"", ""0x80034BB8"", ""0x80034F18"", ""0x800367C0"", ""0x80036DF8"", ""0x80037144"", ""0x800377E4"", ""0x80037938"", ""0x80039D34"", ""0x8003A02C"", ""0x8003A0D8"", ""0x8003AA14"", ""0x8003ABE4"", ""0x8003ADCC"", ""0x8003AF44"", ""0x8003B05C"", ""0x8003B414"", ""0x8003B4BC"", ""0x8003BBB8"", ""0x8003BC78"", ""0x8003C170"", ""0x8003C390"", ""0x8003C724"", ""0x8003C800"", ""0x8003CBA0"", ""0x8003CCBC"", ""0x8003CF2C"", ""0x8003D964"", ""0x8003DC38"", ""0x8003DD34"", ""0x8003DEE0"", ""0x8003E0CC"", ""0x8003E34C"", ""0x8003E39C"", ""0x8003E7A8"", ""0x8003ED2C"", ""0x8003EE88"", ""0x8004215C"", ""0x80042354"", ""0x8004242C"", ""0x80043064"", ""0x8004503C"", ""0x80045504"", ""0x8004556C"", ""0x800460AC"", ""0x8004642C"", ""0x80046708"", ""0x80046F40"", ""0x800480C8"", ""0x80048274"", ""0x80049B3C"", ""0x8004A428"", ""0x8004B388"", ""0x8004B73C"", ""0x8004B86C"", ""0x8004BA6C"", ""0x8004DEE8"", ""0x8004E048"", ""0x8004E108"", ""0x8004E208"", ""0x8004E32C"", ""0x8004E3D8"", ""0x8004E4A4"", ""0x8004E624"", ""0x8004F16C"", ""0x8004F558"", ""0x8004FF14"", ""0x80050080"", ""0x800501A0"", ""0x800502F0"", ""0x80050408"", ""0x800511D8"", ""0x800524F8"", ""0x80052768"", ""0x800529A4"", ""0x80053710"", ""0x8005F640""]",[],Static LUI/low-pair reference; pointer arithmetic/control flow can invalidate inferred value
DUNE.EXE,0x800EC3E0,DAT_800EC3E0,LIKELY,data_candidate,"[""0x8001D9D0"", ""0x800246F4"", ""0x80024BDC"", ""0x80026BBC"", ""0x800276CC"", ""0x80027790"", ""0x80027B18"", ""0x80027E9C"", ""0x8002881C"", ""0x80028CB8"", ""0x8002A594"", ""0x8002A6D8"", ""0x8002B158"", ""0x8002E938"", ""0x8002ECC4"", ""0x800314E4"", ""0x80031820"", ""0x80031A28"", ""0x80031D78"", ""0x80031E04"", ""0x800328E4"", ""0x80032B74"", ""0x80032CD4"", ""0x800330E4"", ""0x800331E8"", ""0x80035AE0"", ""0x80035E44"", ""0x80036018"", ""0x80036A44"", ""0x80037870"", ""0x80037A0C"", ""0x8003806C"", ""0x80038754"", ""0x8003886C"", ""0x8003898C"", ""0x800399B8"", ""0x8003A1A8"", ""0x8003A4D4"", ""0x8003C050"", ""0x8003C1B0"", ""0x8003DB24"", ""0x8003DC9C"", ""0x8003E4AC"", ""0x8003E624"", ""0x8003E958"", ""0x8003EAE0"", ""0x8003F094"", ""0x8003F158"", ""0x80040B64"", ""0x80040E70"", ""0x80042798"", ""0x80042880"", ""0x80042D98"", ""0x80042E58"", ""0x80042F34"", ""0x800437A8"", ""0x80044364"", ""0x800444AC"", ""0x80044C9C"", ""0x80044EF0"", ""0x80044FDC"", ""0x80045420"", ""0x80045490"", ""0x80045AA8"", ""0x80046D1C"", ""0x80046E74"", ""0x80047080"", ""0x800473E8"", ""0x80048398"", ""0x80048788"", ""0x80049C48"", ""0x80049D78"", ""0x8004AA40"", ""0x8004AD8C"", ""0x8004AE00"", ""0x8004AF38"", ""0x8004B0A0"", ""0x8004C558"", ""0x8004C658"", ""0x8004C718"", ""0x8004C840"", ""0x8004CA9C"", ""0x8004DD8C"", ""0x8004EBC0"", ""0x8004ECD8"", ""0x8004EE60"", ""0x8004F6C0"", ""0x800509D0"", ""0x80050B00"", ""0x80053844"", ""0x8005EC44"", ""0x8005F760"", ""0x8005F804"", ""0x8006C890"", ""0x8006E750"", ""0x8006E9B4""]",[],Static LUI/low-pair reference; pointer arithmetic/control flow can invalidate inferred value
DUNE.EXE,0x800F0018,DAT_800F0018,LIKELY,data_candidate,[],"[""0x8003FFD4""]",Static LUI/low-pair reference; pointer arithmetic/control flow can invalidate inferred value
DUNE.EXE,0x800F0044,DAT_800F0044,LIKELY,data_candidate,[],"[""0x8003FFDC""]",Static LUI/low-pair reference; pointer arithmetic/control flow can invalidate inferred value
DUNE.EXE,0x800F2C90,DAT_800F2C90,LIKELY,data_candidate,"[""0x80025610"", ""0x80025660"", ""0x80031194"", ""0x80031688"", ""0x80032974"", ""0x80032AA4"", ""0x80038B9C"", ""0x80038F40"", ""0x800392F8"", ""0x8003A454"", ""0x8003A628"", ""0x8003ABD8"", ""0x8003ADF4"", ""0x80048CD0"", ""0x800493C8"", ""0x8004CD64""]",[],Static LUI/low-pair reference; pointer arithmetic/control flow can invalidate inferred value
DUNE.EXE,0x800F3390,DAT_800F3390,LIKELY,data_candidate,"[""0x80037244"", ""0x80037DE4"", ""0x80039998"", ""0x80039F3C"", ""0x8003B320"", ""0x8003C4E4"", ""0x8003C550"", ""0x8003C600"", ""0x8003CAAC""]",[],Static LUI/low-pair reference; pointer arithmetic/control flow can invalidate inferred value
DUNE.EXE,0x800F3770,DAT_800F3770,LIKELY,data_candidate,"[""0x80038F60"", ""0x800390A8"", ""0x8003FFCC"", ""0x8004CF4C""]",[],Static LUI/low-pair reference; pointer arithmetic/control flow can invalidate inferred value
DUNE.EXE,0x800F3870,DAT_800F3870,LIKELY,data_candidate,"[""0x8004C7F8"", ""0x80051A78""]",[],Static LUI/low-pair reference; pointer arithmetic/control flow can invalidate inferred value
DUNE.EXE,0x800F38D4,DAT_800F38D4,LIKELY,data_candidate,"[""0x80035FA4"", ""0x8003B3AC"", ""0x8004D050""]",[],Static LUI/low-pair reference; pointer arithmetic/control flow can invalidate inferred value
DUNE.EXE,0x800F39D4,DAT_800F39D4,LIKELY,data_candidate,"[""0x8004D1A8"", ""0x8005191C""]",[],Static LUI/low-pair reference; pointer arithmetic/control flow can invalidate inferred value
DUNE.EXE,0x800F3AD4,DAT_800F3AD4,LIKELY,data_candidate,"[""0x800381CC""]",[],Static LUI/low-pair reference; pointer arithmetic/control flow can invalidate inferred value
DUNE.EXE,0x800F3B38,DAT_800F3B38,LIKELY,data_candidate,"[""0x80041B38""]",[],Static LUI/low-pair reference; pointer arithmetic/control flow can invalidate inferred value
DUNE.EXE,0x800F52B8,DAT_800F52B8,LIKELY,data_candidate,"[""0x80052004"", ""0x800525FC"", ""0x8005262C"", ""0x800526FC""]",[],Static LUI/low-pair reference; pointer arithmetic/control flow can invalidate inferred value
DUNE.EXE,0x800F5460,DAT_800F5460,LIKELY,data_candidate,"[""0x80051520""]",[],Static LUI/low-pair reference; pointer arithmetic/control flow can invalidate inferred value
DUNE.EXE,0x800F759C,DAT_800F759C,LIKELY,data_candidate,"[""0x800527CC"", ""0x80052CD8""]",[],Static LUI/low-pair reference; pointer arithmetic/control flow can invalidate inferred value
DUNE.EXE,0x800F7790,DAT_800F7790,LIKELY,data_candidate,"[""0x80035FD8"", ""0x80036138"", ""0x80036150"", ""0x80036EA4"", ""0x80047694"", ""0x80047730"", ""0x80052CAC""]",[],Static LUI/low-pair reference; pointer arithmetic/control flow can invalidate inferred value
DUNE.EXE,0x800F7798,DAT_800F7798,LIKELY,data_candidate,"[""0x80035998""]",[],Static LUI/low-pair reference; pointer arithmetic/control flow can invalidate inferred value
DUNE.EXE,0x800F77A0,DAT_800F77A0,LIKELY,data_candidate,"[""0x8004779C""]",[],Static LUI/low-pair reference; pointer arithmetic/control flow can invalidate inferred value
DUNE.EXE,0x800F77AC,DAT_800F77AC,LIKELY,data_candidate,"[""0x8004D6A4""]",[],Static LUI/low-pair reference; pointer arithmetic/control flow can invalidate inferred value
DUNE.EXE,0x800F77B8,DAT_800F77B8,LIKELY,data_candidate,"[""0x80035430"", ""0x80035DC0""]",[],Static LUI/low-pair reference; pointer arithmetic/control flow can invalidate inferred value
DUNE.EXE,0x800F77BC,DAT_800F77BC,LIKELY,data_candidate,"[""0x80036D28""]",[],Static LUI/low-pair reference; pointer arithmetic/control flow can invalidate inferred value
DUNE.EXE,0x800F77C0,DAT_800F77C0,LIKELY,data_candidate,"[""0x80040AF4""]",[],Static LUI/low-pair reference; pointer arithmetic/control flow can invalidate inferred value
DUNE.EXE,0x800F77CE,DAT_800F77CE,LIKELY,data_candidate,"[""0x8004BD2C""]",[],Static LUI/low-pair reference; pointer arithmetic/control flow can invalidate inferred value
DUNE.EXE,0x800F77D0,DAT_800F77D0,LIKELY,data_candidate,"[""0x80037424""]",[],Static LUI/low-pair reference; pointer arithmetic/control flow can invalidate inferred value
DUNE.EXE,0x800F77D8,DAT_800F77D8,LIKELY,data_candidate,"[""0x8003C444""]",[],Static LUI/low-pair reference; pointer arithmetic/control flow can invalidate inferred value
DUNE.EXE,0x800F77E0,DAT_800F77E0,LIKELY,data_candidate,"[""0x8003E4D8"", ""0x80044A10"", ""0x80044EE8"", ""0x80045034"", ""0x80053478"", ""0x80053508"", ""0x800546D8"", ""0x800546F8""]",[],Static LUI/low-pair reference; pointer arithmetic/control flow can invalidate inferred value
DUNE.EXE,0x800F7830,DAT_800F7830,LIKELY,data_candidate,"[""0x80054250""]",[],Static LUI/low-pair reference; pointer arithmetic/control flow can invalidate inferred value
DUNE.EXE,0x800F8A30,DAT_800F8A30,LIKELY,data_candidate,"[""0x80053CE4"", ""0x800547B4""]",[],Static LUI/low-pair reference; pointer arithmetic/control flow can invalidate inferred value
DUNE.EXE,0x800F9E48,DAT_800F9E48,LIKELY,data_candidate,"[""0x8003D830"", ""0x8003D8B4"", ""0x8003F448"", ""0x8003F6CC"", ""0x8003F894"", ""0x8003F8FC"", ""0x8004E7BC"", ""0x8004E8E4"", ""0x8004E9AC"", ""0x80054964"", ""0x80054AE0"", ""0x80054D70"", ""0x80054FE0"", ""0x80072228"", ""0x80072414"", ""0x800727D8"", ""0x80072A90"", ""0x80072BC8""]",[],Static LUI/low-pair reference; pointer arithmetic/control flow can invalidate inferred value
DUNE.EXE,0x800FA0AC,DAT_800FA0AC,LIKELY,data_candidate,"[""0x8005A454"", ""0x8005A470"", ""0x8005A474"", ""0x8005A4EC"", ""0x8005A588"", ""0x8005A64C"", ""0x8005A658""]","[""0x8005A464""]",Static LUI/low-pair reference; pointer arithmetic/control flow can invalidate inferred value
DUNE.EXE,0x800FA360,DAT_800FA360,LIKELY,data_candidate,"[""0x80051BA8"", ""0x80066F30""]",[],Static LUI/low-pair reference; pointer arithmetic/control flow can invalidate inferred value
DUNE.EXE,0x800FA3A0,DAT_800FA3A0,LIKELY,data_candidate,"[""0x80051BA0"", ""0x8006706C""]",[],Static LUI/low-pair reference; pointer arithmetic/control flow can invalidate inferred value
DUNE.EXE,0x800FCB28,DAT_800FCB28,LIKELY,data_candidate,"[""0x8001901C"", ""0x800551D8"", ""0x8005534C"", ""0x8005B4E0"", ""0x80064718"", ""0x80064EF4"", ""0x80065638"", ""0x80066100"", ""0x80066E80"", ""0x80067380"", ""0x800674E4"", ""0x80068AFC"", ""0x80068F6C"", ""0x800692F8"", ""0x80069388"", ""0x8006A198"", ""0x8006A3D4"", ""0x8006A9CC"", ""0x8006AF58"", ""0x8006B2B4"", ""0x8006B4FC"", ""0x8006B7DC"", ""0x8006BB0C"", ""0x8006C040"", ""0x8006C400""]",[],Static LUI/low-pair reference; pointer arithmetic/control flow can invalidate inferred value
DUNE.EXE,0x800FCBA0,DAT_800FCBA0,LIKELY,data_candidate,"[""0x80055B98""]",[],Static LUI/low-pair reference; pointer arithmetic/control flow can invalidate inferred value
DUNE.EXE,0x80100002,DAT_80100002,LIKELY,data_candidate,[],"[""0x8005AAD0""]",Static LUI/low-pair reference; pointer arithmetic/control flow can invalidate inferred value
DUNE.EXE,0x80100004,DAT_80100004,LIKELY,data_candidate,[],"[""0x8005AAD4""]",Static LUI/low-pair reference; pointer arithmetic/control flow can invalidate inferred value
DUNE.EXE,0x80100006,DAT_80100006,LIKELY,data_candidate,[],"[""0x8005AABC""]",Static LUI/low-pair reference; pointer arithmetic/control flow can invalidate inferred value
DUNE.EXE,0x80100008,DAT_80100008,LIKELY,data_candidate,"[""0x8005A4F0""]","[""0x8005AAD8""]",Static LUI/low-pair reference; pointer arithmetic/control flow can invalidate inferred value
DUNE.EXE,0x8010000A,DAT_8010000A,LIKELY,data_candidate,[],"[""0x8005AADC""]",Static LUI/low-pair reference; pointer arithmetic/control flow can invalidate inferred value
DUNE.EXE,0x8010000C,DAT_8010000C,LIKELY,data_candidate,[],"[""0x8005AAC0""]",Static LUI/low-pair reference; pointer arithmetic/control flow can invalidate inferred value
DUNE.EXE,0x8010000E,DAT_8010000E,LIKELY,data_candidate,[],"[""0x8005AAE0""]",Static LUI/low-pair reference; pointer arithmetic/control flow can invalidate inferred value
DUNE.EXE,0x80100010,DAT_80100010,LIKELY,data_candidate,[],"[""0x8005AAE4""]",Static LUI/low-pair reference; pointer arithmetic/control flow can invalidate inferred value
DUNE.EXE,0x80100012,DAT_80100012,LIKELY,data_candidate,[],"[""0x8005AAC4""]",Static LUI/low-pair reference; pointer arithmetic/control flow can invalidate inferred value
DUNE.EXE,0x80100014,DAT_80100014,LIKELY,data_candidate,[],"[""0x8005AAE8""]",Static LUI/low-pair reference; pointer arithmetic/control flow can invalidate inferred value
DUNE.EXE,0x80100016,DAT_80100016,LIKELY,data_candidate,[],"[""0x8005AAEC""]",Static LUI/low-pair reference; pointer arithmetic/control flow can invalidate inferred value
DUNE.EXE,0x80100018,DAT_80100018,LIKELY,data_candidate,[],"[""0x8005AAC8""]",Static LUI/low-pair reference; pointer arithmetic/control flow can invalidate inferred value
DUNE.EXE,0x8010001A,DAT_8010001A,LIKELY,data_candidate,[],"[""0x8005AAF0""]",Static LUI/low-pair reference; pointer arithmetic/control flow can invalidate inferred value
DUNE.EXE,0x8010001C,DAT_8010001C,LIKELY,data_candidate,"[""0x800689D8""]","[""0x8005AAF4""]",Static LUI/low-pair reference; pointer arithmetic/control flow can invalidate inferred value
DUNE.EXE,0x8010001E,DAT_8010001E,LIKELY,data_candidate,[],"[""0x8005AAF8""]",Static LUI/low-pair reference; pointer arithmetic/control flow can invalidate inferred value
DUNE.EXE,0x80100020,DAT_80100020,LIKELY,data_candidate,"[""0x800689DC""]",[],Static LUI/low-pair reference; pointer arithmetic/control flow can invalidate inferred value
DUNE.EXE,0x80100024,DAT_80100024,LIKELY,data_candidate,"[""0x80059B60"", ""0x80059FA0"", ""0x8005E2CC""]",[],Static LUI/low-pair reference; pointer arithmetic/control flow can invalidate inferred value
DUNE.EXE,0x8010002C,DAT_8010002C,LIKELY,data_candidate,"[""0x800689E0""]",[],Static LUI/low-pair reference; pointer arithmetic/control flow can invalidate inferred value
DUNE.EXE,0x80100030,DAT_80100030,LIKELY,data_candidate,"[""0x800689E4""]",[],Static LUI/low-pair reference; pointer arithmetic/control flow can invalidate inferred value
DUNE.EXE,0x80100034,DAT_80100034,LIKELY,data_candidate,[],"[""0x8005B8C4""]",Static LUI/low-pair reference; pointer arithmetic/control flow can invalidate inferred value
DUNE.EXE,0x80100036,DAT_80100036,LIKELY,data_candidate,[],"[""0x8005B8C8""]",Static LUI/low-pair reference; pointer arithmetic/control flow can invalidate inferred value
DUNE.EXE,0x80100038,DAT_80100038,LIKELY,data_candidate,"[""0x8005D578"", ""0x8005DAA0"", ""0x80060EAC"", ""0x8006CFC8""]",[],Static LUI/low-pair reference; pointer arithmetic/control flow can invalidate inferred value
DUNE.EXE,0x8010003A,DAT_8010003A,LIKELY,data_candidate,"[""0x8005D57C"", ""0x8005DAA4"", ""0x80060EB0"", ""0x8006D028""]",[],Static LUI/low-pair reference; pointer arithmetic/control flow can invalidate inferred value
DUNE.EXE,0x8010003C,DAT_8010003C,LIKELY,data_candidate,[],"[""0x8005DAA8""]",Static LUI/low-pair reference; pointer arithmetic/control flow can invalidate inferred value
DUNE.EXE,0x8010003E,DAT_8010003E,LIKELY,data_candidate,[],"[""0x8005DAB0""]",Static LUI/low-pair reference; pointer arithmetic/control flow can invalidate inferred value
DUNE.EXE,0x80100044,DAT_80100044,LIKELY,data_candidate,"[""0x800639D0"", ""0x800672E4""]",[],Static LUI/low-pair reference; pointer arithmetic/control flow can invalidate inferred value
DUNE.EXE,0x80100046,DAT_80100046,LIKELY,data_candidate,"[""0x800639BC"", ""0x800672E8""]",[],Static LUI/low-pair reference; pointer arithmetic/control flow can invalidate inferred value
DUNE.EXE,0x80100048,DAT_80100048,LIKELY,data_candidate,"[""0x8006A670"", ""0x8006CFC0""]",[],Static LUI/low-pair reference; pointer arithmetic/control flow can invalidate inferred value
DUNE.EXE,0x8010004A,DAT_8010004A,LIKELY,data_candidate,"[""0x8006A630"", ""0x8006CFCC""]",[],Static LUI/low-pair reference; pointer arithmetic/control flow can invalidate inferred value
DUNE.EXE,0x8010004C,DAT_8010004C,LIKELY,data_candidate,"[""0x8005FF1C"", ""0x800600EC""]","[""0x8005FF30"", ""0x800600F8""]",Static LUI/low-pair reference; pointer arithmetic/control flow can invalidate inferred value
DUNE.EXE,0x8010006C,DAT_8010006C,LIKELY,data_candidate,"[""0x800551E4""]","[""0x80055208""]",Static LUI/low-pair reference; pointer arithmetic/control flow can invalidate inferred value
DUNE.EXE,0x80101C74,DAT_80101C74,LIKELY,data_candidate,"[""0x80055210"", ""0x8005549C"", ""0x8005F088""]",[],Static LUI/low-pair reference; pointer arithmetic/control flow can invalidate inferred value
DUNE.EXE,0x80101CC0,DAT_80101CC0,LIKELY,data_candidate,"[""0x800552CC""]","[""0x800552D8""]",Static LUI/low-pair reference; pointer arithmetic/control flow can invalidate inferred value
DUNE.EXE,0x80101CF0,DAT_80101CF0,LIKELY,data_candidate,"[""0x8005A974"", ""0x8005A9E4""]","[""0x8005A994""]",Static LUI/low-pair reference; pointer arithmetic/control flow can invalidate inferred value
DUNE.EXE,0x80101CF4,DAT_80101CF4,LIKELY,data_candidate,"[""0x800407DC"", ""0x80055120"", ""0x8005A8D8""]",[],Static LUI/low-pair reference; pointer arithmetic/control flow can invalidate inferred value
DUNE.EXE,0x80101CF8,DAT_80101CF8,LIKELY,data_candidate,"[""0x800407E4"", ""0x80055128"", ""0x8005A8B0""]",[],Static LUI/low-pair reference; pointer arithmetic/control flow can invalidate inferred value
DUNE.EXE,0x80101CFC,DAT_80101CFC,LIKELY,data_candidate,[],"[""0x8005A8F8""]",Static LUI/low-pair reference; pointer arithmetic/control flow can invalidate inferred value
DUNE.EXE,0x80101D00,DAT_80101D00,LIKELY,data_candidate,[],"[""0x8005A8EC""]",Static LUI/low-pair reference; pointer arithmetic/control flow can invalidate inferred value
DUNE.EXE,0x80101D1C,DAT_80101D1C,LIKELY,data_candidate,"[""0x8005ACE0"", ""0x8005B160""]",[],Static LUI/low-pair reference; pointer arithmetic/control flow can invalidate inferred value
DUNE.EXE,0x80101D2C,DAT_80101D2C,LIKELY,data_candidate,"[""0x8005AE48"", ""0x8005B84C""]",[],Static LUI/low-pair reference; pointer arithmetic/control flow can invalidate inferred value
DUNE.EXE,0x80101D3C,DAT_80101D3C,LIKELY,data_candidate,"[""0x8005B830""]",[],Static LUI/low-pair reference; pointer arithmetic/control flow can invalidate inferred value
DUNE.EXE,0x80101D5C,DAT_80101D5C,LIKELY,data_candidate,"[""0x8005AEA0"", ""0x8005B244""]",[],Static LUI/low-pair reference; pointer arithmetic/control flow can invalidate inferred value
DUNE.EXE,0x80101D8C,DAT_80101D8C,LIKELY,data_candidate,"[""0x8005AED8"", ""0x8005B02C""]",[],Static LUI/low-pair reference; pointer arithmetic/control flow can invalidate inferred value
DUNE.EXE,0x80101DBC,DAT_80101DBC,LIKELY,data_candidate,"[""0x8005B730"", ""0x8005B7C4"", ""0x8005D9D4"", ""0x8005DD7C""]",[],Static LUI/low-pair reference; pointer arithmetic/control flow can invalidate inferred value
DUNE.EXE,0x80101DD0,DAT_80101DD0,LIKELY,data_candidate,"[""0x8005B770"", ""0x8005B964""]",[],Static LUI/low-pair reference; pointer arithmetic/control flow can invalidate inferred value
DUNE.EXE,0x80101DE4,DAT_80101DE4,LIKELY,data_candidate,"[""0x800554AC"", ""0x80059B30"", ""0x80059F60"", ""0x8005AB1C"", ""0x8005AE54"", ""0x8005AEB4"", ""0x8005AF00"", ""0x8005B328"", ""0x8005B588"", ""0x8005B6F8"", ""0x8005B858"", ""0x8005B8C0"", ""0x8005B944"", ""0x8005C410"", ""0x8005D150"", ""0x8005D574"", ""0x8005D99C"", ""0x8005DA9C"", ""0x8005DAF0"", ""0x8005DCEC"", ""0x8005DE5C"", ""0x8005DEE4"", ""0x8005DF24"", ""0x8005DF5C"", ""0x8005E0EC"", ""0x8005E2C4"", ""0x8005E3C8"", ""0x8005E41C"", ""0x8005E4B0"", ""0x8005ECF8"", ""0x8005EE00"", ""0x8005F150"", ""0x8005F464"", ""0x8005FF10"", ""0x800600E0"", ""0x80060EA8"", ""0x800639B8"", ""0x800672C4"", ""0x800689D4"", ""0x80068DF0"", ""0x80069DD8"", ""0x8006A624"", ""0x8006C018"", ""0x8006C0BC"", ""0x8006CFB8"", ""0x8006DCB4"", ""0x8006DCCC""]","[""0x800554C4""]",Static LUI/low-pair reference; pointer arithmetic/control flow can invalidate inferred value
DUNE.EXE,0x80101E18,DAT_80101E18,LIKELY,data_candidate,[],"[""0x8005BC38"", ""0x8005BC4C"", ""0x8005CA88"", ""0x8005CA9C""]",Static LUI/low-pair reference; pointer arithmetic/control flow can invalidate inferred value
DUNE.EXE,0x80101E1A,DAT_80101E1A,LIKELY,data_candidate,[],"[""0x8005BC60"", ""0x8005BC78"", ""0x8005CAB0""]",Static LUI/low-pair reference; pointer arithmetic/control flow can invalidate inferred value
DUNE.EXE,0x80101E2C,DAT_80101E2C,LIKELY,data_candidate,"[""0x8005F0C8""]",[],Static LUI/low-pair reference; pointer arithmetic/control flow can invalidate inferred value
DUNE.EXE,0x80101E30,DAT_80101E30,LIKELY,data_candidate,[],"[""0x8005BD10"", ""0x8005BD64"", ""0x8005BDB8"", ""0x8005BE0C"", ""0x8005C314"", ""0x8005C8E4"", ""0x8005D050"", ""0x800600C0"", ""0x8006025C""]",Static LUI/low-pair reference; pointer arithmetic/control flow can invalidate inferred value
DUNE.EXE,0x80101E32,DAT_80101E32,LIKELY,data_candidate,[],"[""0x8005F144""]",Static LUI/low-pair reference; pointer arithmetic/control flow can invalidate inferred value
DUNE.EXE,0x80101E33,DAT_80101E33,LIKELY,data_candidate,[],"[""0x8005C4E8"", ""0x8005D228"", ""0x8006D220"", ""0x8006D26C"", ""0x8006EE48"", ""0x8006EEF8""]",Static LUI/low-pair reference; pointer arithmetic/control flow can invalidate inferred value
DUNE.EXE,0x80101E37,DAT_80101E37,LIKELY,data_candidate,"[""0x80065700""]","[""0x800404EC""]",Static LUI/low-pair reference; pointer arithmetic/control flow can invalidate inferred value
DUNE.EXE,0x80101E38,DAT_80101E38,LIKELY,data_candidate,"[""0x8005B04C"", ""0x8005B264"", ""0x8006A954"", ""0x8006AF54"", ""0x8006B2B0"", ""0x8006B4F8"", ""0x8006B790"", ""0x8006BB00"", ""0x8006C3FC"", ""0x8006E7CC""]","[""0x8005ACF4""]",Static LUI/low-pair reference; pointer arithmetic/control flow can invalidate inferred value
DUNE.EXE,0x80101E39,DAT_80101E39,LIKELY,data_candidate,[],"[""0x8005AEF8""]",Static LUI/low-pair reference; pointer arithmetic/control flow can invalidate inferred value
DUNE.EXE,0x80101E3C,DAT_80101E3C,LIKELY,data_candidate,"[""0x8005AAAC"", ""0x8005C418"", ""0x8005C4FC"", ""0x8005C6E8"", ""0x8005CF58"", ""0x8005D158"", ""0x8005D244"", ""0x8005D2BC"", ""0x8005D4E4"", ""0x8005DC18""]","[""0x8005AAA8""]",Static LUI/low-pair reference; pointer arithmetic/control flow can invalidate inferred value
DUNE.EXE,0x80101E5C,DAT_80101E5C,LIKELY,data_candidate,"[""0x8007172C""]",[],Static LUI/low-pair reference; pointer arithmetic/control flow can invalidate inferred value
DUNE.EXE,0x80111F3C,DAT_80111F3C,LIKELY,data_candidate,"[""0x80071860""]",[],Static LUI/low-pair reference; pointer arithmetic/control flow can invalidate inferred value
DUNE.EXE,0x8011A46C,DAT_8011A46C,LIKELY,data_candidate,"[""0x80061970""]",[],Static LUI/low-pair reference; pointer arithmetic/control flow can invalidate inferred value
DUNE.EXE,0x8011F540,DAT_8011F540,LIKELY,data_candidate,"[""0x80062AC4""]",[],Static LUI/low-pair reference; pointer arithmetic/control flow can invalidate inferred value
DUNE.EXE,0x8011F580,DAT_8011F580,LIKELY,data_candidate,"[""0x80062A24""]",[],Static LUI/low-pair reference; pointer arithmetic/control flow can invalidate inferred value
DUNE.EXE,0x8011F628,DAT_8011F628,LIKELY,data_candidate,"[""0x80063484"", ""0x800636B4"", ""0x80063928"", ""0x80063AE0""]",[],Static LUI/low-pair reference; pointer arithmetic/control flow can invalidate inferred value
DUNE.EXE,0x8011F890,DAT_8011F890,LIKELY,data_candidate,"[""0x8006469C""]",[],Static LUI/low-pair reference; pointer arithmetic/control flow can invalidate inferred value
DUNE.EXE,0x8011F91C,DAT_8011F91C,LIKELY,data_candidate,"[""0x80064B98"", ""0x80064CDC"", ""0x80065238""]",[],Static LUI/low-pair reference; pointer arithmetic/control flow can invalidate inferred value
DUNE.EXE,0x8011F980,DAT_8011F980,LIKELY,data_candidate,"[""0x80065ED8""]",[],Static LUI/low-pair reference; pointer arithmetic/control flow can invalidate inferred value
DUNE.EXE,0x8011FA80,DAT_8011FA80,LIKELY,data_candidate,"[""0x8006541C""]",[],Static LUI/low-pair reference; pointer arithmetic/control flow can invalidate inferred value
DUNE.EXE,0x8011FAC0,DAT_8011FAC0,LIKELY,data_candidate,"[""0x800190A0"", ""0x8006572C"", ""0x80065EBC"", ""0x80065F94"", ""0x8006664C"", ""0x800668D0"", ""0x80066B68"", ""0x80066CBC"", ""0x800673B8"", ""0x80067520""]",[],Static LUI/low-pair reference; pointer arithmetic/control flow can invalidate inferred value
DUNE.EXE,0x8011FFDC,DAT_8011FFDC,LIKELY,data_candidate,"[""0x80065730""]",[],Static LUI/low-pair reference; pointer arithmetic/control flow can invalidate inferred value
DUNE.EXE,0x80120001,DAT_80120001,LIKELY,data_candidate,"[""0x80040650"", ""0x80069590""]","[""0x80040988"", ""0x800695A0""]",Static LUI/low-pair reference; pointer arithmetic/control flow can invalidate inferred value
DUNE.EXE,0x80120002,DAT_80120002,LIKELY,data_candidate,"[""0x80040660"", ""0x8007093C""]","[""0x80040994"", ""0x80070950""]",Static LUI/low-pair reference; pointer arithmetic/control flow can invalidate inferred value
DUNE.EXE,0x80120003,DAT_80120003,LIKELY,data_candidate,"[""0x8004066C""]","[""0x800409A0""]",Static LUI/low-pair reference; pointer arithmetic/control flow can invalidate inferred value
DUNE.EXE,0x80120004,DAT_80120004,LIKELY,data_candidate,"[""0x80040678""]","[""0x800409AC""]",Static LUI/low-pair reference; pointer arithmetic/control flow can invalidate inferred value
DUNE.EXE,0x80120005,DAT_80120005,LIKELY,data_candidate,"[""0x80040684"", ""0x800696D8""]","[""0x800409B8"", ""0x800696E8""]",Static LUI/low-pair reference; pointer arithmetic/control flow can invalidate inferred value
DUNE.EXE,0x80120006,DAT_80120006,LIKELY,data_candidate,"[""0x8006C478""]",[],Static LUI/low-pair reference; pointer arithmetic/control flow can invalidate inferred value
DUNE.EXE,0x80120007,DAT_80120007,LIKELY,data_candidate,[],"[""0x8005C63C"", ""0x8005C69C"", ""0x8005D424"", ""0x80069DD0"", ""0x80069EA4""]",Static LUI/low-pair reference; pointer arithmetic/control flow can invalidate inferred value
DUNE.EXE,0x80120008,DAT_80120008,LIKELY,data_candidate,"[""0x8006AFA4"", ""0x8006B54C"", ""0x8006E298"", ""0x800709E4""]","[""0x8005C644"", ""0x8005C6A4"", ""0x8005D42C"", ""0x80069DCC"", ""0x80069E9C"", ""0x800709F8""]",Static LUI/low-pair reference; pointer arithmetic/control flow can invalidate inferred value
DUNE.EXE,0x8012000A,DAT_8012000A,LIKELY,data_candidate,[],"[""0x800409C4""]",Static LUI/low-pair reference; pointer arithmetic/control flow can invalidate inferred value
DUNE.EXE,0x8012000B,DAT_8012000B,LIKELY,data_candidate,[],"[""0x800409D0""]",Static LUI/low-pair reference; pointer arithmetic/control flow can invalidate inferred value
DUNE.EXE,0x8012000C,DAT_8012000C,LIKELY,data_candidate,"[""0x80040698"", ""0x8005B710"", ""0x8005D9B4"", ""0x8005DD5C"", ""0x8006C458""]","[""0x800409DC""]",Static LUI/low-pair reference; pointer arithmetic/control flow can invalidate inferred value
DUNE.EXE,0x80120010,DAT_80120010,LIKELY,data_candidate,"[""0x8005B718"", ""0x8005D9BC"", ""0x8005DD64""]",[],Static LUI/low-pair reference; pointer arithmetic/control flow can invalidate inferred value
DUNE.EXE,0x80120020,DAT_80120020,LIKELY,data_candidate,"[""0x8006E124""]",[],Static LUI/low-pair reference; pointer arithmetic/control flow can invalidate inferred value
DUNE.EXE,0x80120036,DAT_80120036,LIKELY,data_candidate,"[""0x8006EF9C""]",[],Static LUI/low-pair reference; pointer arithmetic/control flow can invalidate inferred value
DUNE.EXE,0x80120037,DAT_80120037,LIKELY,data_candidate,"[""0x8006EFA0""]",[],Static LUI/low-pair reference; pointer arithmetic/control flow can invalidate inferred value
DUNE.EXE,0x80120060,DAT_80120060,LIKELY,data_candidate,"[""0x8006E9E8""]",[],Static LUI/low-pair reference; pointer arithmetic/control flow can invalidate inferred value
DUNE.EXE,0x80120078,DAT_80120078,LIKELY,data_candidate,[],"[""0x80071270""]",Static LUI/low-pair reference; pointer arithmetic/control flow can invalidate inferred value
DUNE.EXE,0x8012007A,DAT_8012007A,LIKELY,data_candidate,[],"[""0x80071274""]",Static LUI/low-pair reference; pointer arithmetic/control flow can invalidate inferred value
DUNE.EXE,0x8012007C,DAT_8012007C,LIKELY,data_candidate,[],"[""0x80071278""]",Static LUI/low-pair reference; pointer arithmetic/control flow can invalidate inferred value
DUNE.EXE,0x8012007E,DAT_8012007E,LIKELY,data_candidate,[],"[""0x8007127C""]",Static LUI/low-pair reference; pointer arithmetic/control flow can invalidate inferred value
DUNE.EXE,0x80120080,DAT_80120080,LIKELY,data_candidate,[],"[""0x80071208""]",Static LUI/low-pair reference; pointer arithmetic/control flow can invalidate inferred value
DUNE.EXE,0x80120081,DAT_80120081,LIKELY,data_candidate,[],"[""0x80071280""]",Static LUI/low-pair reference; pointer arithmetic/control flow can invalidate inferred value
DUNE.EXE,0x80120082,DAT_80120082,LIKELY,data_candidate,[],"[""0x80071284""]",Static LUI/low-pair reference; pointer arithmetic/control flow can invalidate inferred value
DUNE.EXE,0x80120084,DAT_80120084,LIKELY,data_candidate,[],"[""0x80071204""]",Static LUI/low-pair reference; pointer arithmetic/control flow can invalidate inferred value
DUNE.EXE,0x80120098,DAT_80120098,LIKELY,data_candidate,[],"[""0x8006FB44""]",Static LUI/low-pair reference; pointer arithmetic/control flow can invalidate inferred value
DUNE.EXE,0x801200A0,DAT_801200A0,LIKELY,data_candidate,"[""0x8006E0C4"", ""0x8006E0F4"", ""0x8006E154""]",[],Static LUI/low-pair reference; pointer arithmetic/control flow can invalidate inferred value
DUNE.EXE,0x801200A4,DAT_801200A4,LIKELY,data_candidate,"[""0x80071254""]","[""0x80071288"", ""0x800712B4""]",Static LUI/low-pair reference; pointer arithmetic/control flow can invalidate inferred value
DUNE.EXE,0x801200A8,DAT_801200A8,LIKELY,data_candidate,[],"[""0x80071504""]",Static LUI/low-pair reference; pointer arithmetic/control flow can invalidate inferred value
DUNE.EXE,0x801200AA,DAT_801200AA,LIKELY,data_candidate,[],"[""0x80071510""]",Static LUI/low-pair reference; pointer arithmetic/control flow can invalidate inferred value
DUNE.EXE,0x801200AC,DAT_801200AC,LIKELY,data_candidate,[],"[""0x8007151C""]",Static LUI/low-pair reference; pointer arithmetic/control flow can invalidate inferred value
DUNE.EXE,0x801200AE,DAT_801200AE,LIKELY,data_candidate,[],"[""0x80071528""]",Static LUI/low-pair reference; pointer arithmetic/control flow can invalidate inferred value
DUNE.EXE,0x801200B0,DAT_801200B0,LIKELY,data_candidate,[],"[""0x800714D4""]",Static LUI/low-pair reference; pointer arithmetic/control flow can invalidate inferred value
DUNE.EXE,0x801200B1,DAT_801200B1,LIKELY,data_candidate,[],"[""0x80071534""]",Static LUI/low-pair reference; pointer arithmetic/control flow can invalidate inferred value
DUNE.EXE,0x801200B2,DAT_801200B2,LIKELY,data_candidate,[],"[""0x8007154C""]",Static LUI/low-pair reference; pointer arithmetic/control flow can invalidate inferred value
DUNE.EXE,0x801200B4,DAT_801200B4,LIKELY,data_candidate,[],"[""0x800714CC""]",Static LUI/low-pair reference; pointer arithmetic/control flow can invalidate inferred value
DUNE.EXE,0x801200C0,DAT_801200C0,LIKELY,data_candidate,[],"[""0x80071308""]",Static LUI/low-pair reference; pointer arithmetic/control flow can invalidate inferred value
DUNE.EXE,0x801200C2,DAT_801200C2,LIKELY,data_candidate,[],"[""0x8007130C""]",Static LUI/low-pair reference; pointer arithmetic/control flow can invalidate inferred value
DUNE.EXE,0x801200C4,DAT_801200C4,LIKELY,data_candidate,[],"[""0x80071310""]",Static LUI/low-pair reference; pointer arithmetic/control flow can invalidate inferred value
DUNE.EXE,0x801200C6,DAT_801200C6,LIKELY,data_candidate,[],"[""0x80071314""]",Static LUI/low-pair reference; pointer arithmetic/control flow can invalidate inferred value
DUNE.EXE,0x801200C8,DAT_801200C8,LIKELY,data_candidate,[],"[""0x800712B8""]",Static LUI/low-pair reference; pointer arithmetic/control flow can invalidate inferred value
DUNE.EXE,0x801200C9,DAT_801200C9,LIKELY,data_candidate,[],"[""0x80071318""]",Static LUI/low-pair reference; pointer arithmetic/control flow can invalidate inferred value
DUNE.EXE,0x801200CA,DAT_801200CA,LIKELY,data_candidate,[],"[""0x800712F4""]",Static LUI/low-pair reference; pointer arithmetic/control flow can invalidate inferred value
DUNE.EXE,0x801200CC,DAT_801200CC,LIKELY,data_candidate,[],"[""0x8007128C""]",Static LUI/low-pair reference; pointer arithmetic/control flow can invalidate inferred value
DUNE.EXE,0x801200D8,DAT_801200D8,LIKELY,data_candidate,[],"[""0x80071488""]",Static LUI/low-pair reference; pointer arithmetic/control flow can invalidate inferred value
DUNE.EXE,0x801200DA,DAT_801200DA,LIKELY,data_candidate,[],"[""0x80071494""]",Static LUI/low-pair reference; pointer arithmetic/control flow can invalidate inferred value
DUNE.EXE,0x801200DC,DAT_801200DC,LIKELY,data_candidate,[],"[""0x800714A0""]",Static LUI/low-pair reference; pointer arithmetic/control flow can invalidate inferred value
DUNE.EXE,0x801200DE,DAT_801200DE,LIKELY,data_candidate,[],"[""0x800714AC""]",Static LUI/low-pair reference; pointer arithmetic/control flow can invalidate inferred value
DUNE.EXE,0x801200E0,DAT_801200E0,LIKELY,data_candidate,[],"[""0x80071474""]",Static LUI/low-pair reference; pointer arithmetic/control flow can invalidate inferred value
DUNE.EXE,0x801200E1,DAT_801200E1,LIKELY,data_candidate,[],"[""0x800714B8""]",Static LUI/low-pair reference; pointer arithmetic/control flow can invalidate inferred value
DUNE.EXE,0x801200E2,DAT_801200E2,LIKELY,data_candidate,[],"[""0x800714F8""]",Static LUI/low-pair reference; pointer arithmetic/control flow can invalidate inferred value
DUNE.EXE,0x801200E4,DAT_801200E4,LIKELY,data_candidate,[],"[""0x80071470""]",Static LUI/low-pair reference; pointer arithmetic/control flow can invalidate inferred value
DUNE.EXE,0x80120104,DAT_80120104,LIKELY,data_candidate,"[""0x800714C4""]","[""0x800714DC"", ""0x800714E8""]",Static LUI/low-pair reference; pointer arithmetic/control flow can invalidate inferred value
DUNE.EXE,0x8012011C,DAT_8012011C,LIKELY,data_candidate,"[""0x800714D0""]","[""0x800714EC"", ""0x800714F0""]",Static LUI/low-pair reference; pointer arithmetic/control flow can invalidate inferred value
DUNE.EXE,0x80120120,DAT_80120120,LIKELY,data_candidate,[],"[""0x80071664""]",Static LUI/low-pair reference; pointer arithmetic/control flow can invalidate inferred value
DUNE.EXE,0x80120122,DAT_80120122,LIKELY,data_candidate,[],"[""0x80071670""]",Static LUI/low-pair reference; pointer arithmetic/control flow can invalidate inferred value
DUNE.EXE,0x80120124,DAT_80120124,LIKELY,data_candidate,[],"[""0x8007167C""]",Static LUI/low-pair reference; pointer arithmetic/control flow can invalidate inferred value
DUNE.EXE,0x80120126,DAT_80120126,LIKELY,data_candidate,[],"[""0x80071688""]",Static LUI/low-pair reference; pointer arithmetic/control flow can invalidate inferred value
DUNE.EXE,0x80120128,DAT_80120128,LIKELY,data_candidate,[],"[""0x80071650""]",Static LUI/low-pair reference; pointer arithmetic/control flow can invalidate inferred value
DUNE.EXE,0x80120129,DAT_80120129,LIKELY,data_candidate,[],"[""0x80071694""]",Static LUI/low-pair reference; pointer arithmetic/control flow can invalidate inferred value
DUNE.EXE,0x8012012A,DAT_8012012A,LIKELY,data_candidate,[],"[""0x800716AC""]",Static LUI/low-pair reference; pointer arithmetic/control flow can invalidate inferred value
DUNE.EXE,0x8012012C,DAT_8012012C,LIKELY,data_candidate,[],"[""0x8007164C""]",Static LUI/low-pair reference; pointer arithmetic/control flow can invalidate inferred value
DUNE.EXE,0x80120138,DAT_80120138,LIKELY,data_candidate,[],"[""0x800713D8""]",Static LUI/low-pair reference; pointer arithmetic/control flow can invalidate inferred value
DUNE.EXE,0x8012013A,DAT_8012013A,LIKELY,data_candidate,[],"[""0x800713E4""]",Static LUI/low-pair reference; pointer arithmetic/control flow can invalidate inferred value
DUNE.EXE,0x8012013C,DAT_8012013C,LIKELY,data_candidate,[],"[""0x800713F0""]",Static LUI/low-pair reference; pointer arithmetic/control flow can invalidate inferred value
DUNE.EXE,0x8012013E,DAT_8012013E,LIKELY,data_candidate,[],"[""0x800713FC""]",Static LUI/low-pair reference; pointer arithmetic/control flow can invalidate inferred value
DUNE.EXE,0x80120140,DAT_80120140,LIKELY,data_candidate,[],"[""0x8007136C""]",Static LUI/low-pair reference; pointer arithmetic/control flow can invalidate inferred value
DUNE.EXE,0x80120141,DAT_80120141,LIKELY,data_candidate,[],"[""0x80071408""]",Static LUI/low-pair reference; pointer arithmetic/control flow can invalidate inferred value
DUNE.EXE,0x80120142,DAT_80120142,LIKELY,data_candidate,[],"[""0x80071420""]",Static LUI/low-pair reference; pointer arithmetic/control flow can invalidate inferred value
DUNE.EXE,0x80120144,DAT_80120144,LIKELY,data_candidate,[],"[""0x80071368""]",Static LUI/low-pair reference; pointer arithmetic/control flow can invalidate inferred value
DUNE.EXE,0x80120150,DAT_80120150,LIKELY,data_candidate,[],"[""0x800713B4""]",Static LUI/low-pair reference; pointer arithmetic/control flow can invalidate inferred value
DUNE.EXE,0x80120152,DAT_80120152,LIKELY,data_candidate,[],"[""0x800713BC""]",Static LUI/low-pair reference; pointer arithmetic/control flow can invalidate inferred value
DUNE.EXE,0x80120154,DAT_80120154,LIKELY,data_candidate,[],"[""0x800713C0""]",Static LUI/low-pair reference; pointer arithmetic/control flow can invalidate inferred value
DUNE.EXE,0x80120156,DAT_80120156,LIKELY,data_candidate,[],"[""0x800713C4""]",Static LUI/low-pair reference; pointer arithmetic/control flow can invalidate inferred value
DUNE.EXE,0x80120158,DAT_80120158,LIKELY,data_candidate,[],"[""0x80071344""]",Static LUI/low-pair reference; pointer arithmetic/control flow can invalidate inferred value
DUNE.EXE,0x80120159,DAT_80120159,LIKELY,data_candidate,[],"[""0x800713C8""]",Static LUI/low-pair reference; pointer arithmetic/control flow can invalidate inferred value
DUNE.EXE,0x8012015A,DAT_8012015A,LIKELY,data_candidate,[],"[""0x800713CC""]",Static LUI/low-pair reference; pointer arithmetic/control flow can invalidate inferred value
DUNE.EXE,0x8012015C,DAT_8012015C,LIKELY,data_candidate,[],"[""0x80071338""]",Static LUI/low-pair reference; pointer arithmetic/control flow can invalidate inferred value
DUNE.EXE,0x80120168,DAT_80120168,LIKELY,data_candidate,[],"[""0x80071430""]",Static LUI/low-pair reference; pointer arithmetic/control flow can invalidate inferred value
DUNE.EXE,0x8012016A,DAT_8012016A,LIKELY,data_candidate,[],"[""0x8007143C""]",Static LUI/low-pair reference; pointer arithmetic/control flow can invalidate inferred value
DUNE.EXE,0x8012016C,DAT_8012016C,LIKELY,data_candidate,[],"[""0x80071448""]",Static LUI/low-pair reference; pointer arithmetic/control flow can invalidate inferred value
DUNE.EXE,0x8012016E,DAT_8012016E,LIKELY,data_candidate,[],"[""0x80071454""]",Static LUI/low-pair reference; pointer arithmetic/control flow can invalidate inferred value
DUNE.EXE,0x80120170,DAT_80120170,LIKELY,data_candidate,[],"[""0x8007141C""]",Static LUI/low-pair reference; pointer arithmetic/control flow can invalidate inferred value
DUNE.EXE,0x80120171,DAT_80120171,LIKELY,data_candidate,[],"[""0x80071460""]",Static LUI/low-pair reference; pointer arithmetic/control flow can invalidate inferred value
DUNE.EXE,0x80120172,DAT_80120172,LIKELY,data_candidate,[],"[""0x80071478""]",Static LUI/low-pair reference; pointer arithmetic/control flow can invalidate inferred value
DUNE.EXE,0x80120174,DAT_80120174,LIKELY,data_candidate,[],"[""0x80071418""]",Static LUI/low-pair reference; pointer arithmetic/control flow can invalidate inferred value
DUNE.EXE,0x80120180,DAT_80120180,LIKELY,data_candidate,[],"[""0x8007155C""]",Static LUI/low-pair reference; pointer arithmetic/control flow can invalidate inferred value
DUNE.EXE,0x80120182,DAT_80120182,LIKELY,data_candidate,[],"[""0x80071568""]",Static LUI/low-pair reference; pointer arithmetic/control flow can invalidate inferred value
DUNE.EXE,0x80120184,DAT_80120184,LIKELY,data_candidate,[],"[""0x80071574""]",Static LUI/low-pair reference; pointer arithmetic/control flow can invalidate inferred value
DUNE.EXE,0x80120186,DAT_80120186,LIKELY,data_candidate,[],"[""0x80071580""]",Static LUI/low-pair reference; pointer arithmetic/control flow can invalidate inferred value
DUNE.EXE,0x80120188,DAT_80120188,LIKELY,data_candidate,[],"[""0x80071548""]",Static LUI/low-pair reference; pointer arithmetic/control flow can invalidate inferred value
DUNE.EXE,0x80120189,DAT_80120189,LIKELY,data_candidate,[],"[""0x8007158C""]",Static LUI/low-pair reference; pointer arithmetic/control flow can invalidate inferred value
DUNE.EXE,0x8012018A,DAT_8012018A,LIKELY,data_candidate,[],"[""0x800715A4""]",Static LUI/low-pair reference; pointer arithmetic/control flow can invalidate inferred value
DUNE.EXE,0x8012018C,DAT_8012018C,LIKELY,data_candidate,[],"[""0x80071544""]",Static LUI/low-pair reference; pointer arithmetic/control flow can invalidate inferred value
DUNE.EXE,0x80120198,DAT_80120198,LIKELY,data_candidate,[],"[""0x8007160C""]",Static LUI/low-pair reference; pointer arithmetic/control flow can invalidate inferred value
DUNE.EXE,0x8012019A,DAT_8012019A,LIKELY,data_candidate,[],"[""0x80071618""]",Static LUI/low-pair reference; pointer arithmetic/control flow can invalidate inferred value
DUNE.EXE,0x8012019C,DAT_8012019C,LIKELY,data_candidate,[],"[""0x80071624""]",Static LUI/low-pair reference; pointer arithmetic/control flow can invalidate inferred value
DUNE.EXE,0x8012019E,DAT_8012019E,LIKELY,data_candidate,[],"[""0x80071630""]",Static LUI/low-pair reference; pointer arithmetic/control flow can invalidate inferred value
DUNE.EXE,0x801201A0,DAT_801201A0,LIKELY,data_candidate,[],"[""0x800715F8""]",Static LUI/low-pair reference; pointer arithmetic/control flow can invalidate inferred value
DUNE.EXE,0x801201A1,DAT_801201A1,LIKELY,data_candidate,[],"[""0x8007163C""]",Static LUI/low-pair reference; pointer arithmetic/control flow can invalidate inferred value
DUNE.EXE,0x801201A2,DAT_801201A2,LIKELY,data_candidate,[],"[""0x80071654""]",Static LUI/low-pair reference; pointer arithmetic/control flow can invalidate inferred value
DUNE.EXE,0x801201A4,DAT_801201A4,LIKELY,data_candidate,[],"[""0x800715F4""]",Static LUI/low-pair reference; pointer arithmetic/control flow can invalidate inferred value
DUNE.EXE,0x801201B0,DAT_801201B0,LIKELY,data_candidate,[],"[""0x8007131C""]",Static LUI/low-pair reference; pointer arithmetic/control flow can invalidate inferred value
DUNE.EXE,0x801201B2,DAT_801201B2,LIKELY,data_candidate,[],"[""0x80071320""]",Static LUI/low-pair reference; pointer arithmetic/control flow can invalidate inferred value
DUNE.EXE,0x801201B4,DAT_801201B4,LIKELY,data_candidate,[],"[""0x80071324""]",Static LUI/low-pair reference; pointer arithmetic/control flow can invalidate inferred value
DUNE.EXE,0x801201B6,DAT_801201B6,LIKELY,data_candidate,[],"[""0x80071328""]",Static LUI/low-pair reference; pointer arithmetic/control flow can invalidate inferred value
DUNE.EXE,0x801201B8,DAT_801201B8,LIKELY,data_candidate,[],"[""0x800712BC""]",Static LUI/low-pair reference; pointer arithmetic/control flow can invalidate inferred value
DUNE.EXE,0x801201B9,DAT_801201B9,LIKELY,data_candidate,[],"[""0x8007132C""]",Static LUI/low-pair reference; pointer arithmetic/control flow can invalidate inferred value
DUNE.EXE,0x801201BA,DAT_801201BA,LIKELY,data_candidate,[],"[""0x80071330""]",Static LUI/low-pair reference; pointer arithmetic/control flow can invalidate inferred value
DUNE.EXE,0x801201BC,DAT_801201BC,LIKELY,data_candidate,[],"[""0x80071298""]",Static LUI/low-pair reference; pointer arithmetic/control flow can invalidate inferred value
DUNE.EXE,0x801201C8,DAT_801201C8,LIKELY,data_candidate,[],"[""0x8007137C""]",Static LUI/low-pair reference; pointer arithmetic/control flow can invalidate inferred value
DUNE.EXE,0x801201CA,DAT_801201CA,LIKELY,data_candidate,[],"[""0x80071380""]",Static LUI/low-pair reference; pointer arithmetic/control flow can invalidate inferred value
DUNE.EXE,0x801201CC,DAT_801201CC,LIKELY,data_candidate,[],"[""0x80071384""]",Static LUI/low-pair reference; pointer arithmetic/control flow can invalidate inferred value
DUNE.EXE,0x801201CE,DAT_801201CE,LIKELY,data_candidate,[],"[""0x80071388""]",Static LUI/low-pair reference; pointer arithmetic/control flow can invalidate inferred value
DUNE.EXE,0x801201D0,DAT_801201D0,LIKELY,data_candidate,[],"[""0x80071334""]",Static LUI/low-pair reference; pointer arithmetic/control flow can invalidate inferred value
DUNE.EXE,0x801201D1,DAT_801201D1,LIKELY,data_candidate,[],"[""0x8007138C""]",Static LUI/low-pair reference; pointer arithmetic/control flow can invalidate inferred value
DUNE.EXE,0x801201D2,DAT_801201D2,LIKELY,data_candidate,[],"[""0x80071390""]",Static LUI/low-pair reference; pointer arithmetic/control flow can invalidate inferred value
DUNE.EXE,0x801201D4,DAT_801201D4,LIKELY,data_candidate,[],"[""0x800712A4""]",Static LUI/low-pair reference; pointer arithmetic/control flow can invalidate inferred value
DUNE.EXE,0x801201E0,DAT_801201E0,LIKELY,data_candidate,[],"[""0x800715B4""]",Static LUI/low-pair reference; pointer arithmetic/control flow can invalidate inferred value
DUNE.EXE,0x801201E2,DAT_801201E2,LIKELY,data_candidate,[],"[""0x800715C0""]",Static LUI/low-pair reference; pointer arithmetic/control flow can invalidate inferred value
DUNE.EXE,0x801201E4,DAT_801201E4,LIKELY,data_candidate,[],"[""0x800715CC""]",Static LUI/low-pair reference; pointer arithmetic/control flow can invalidate inferred value
DUNE.EXE,0x801201E6,DAT_801201E6,LIKELY,data_candidate,[],"[""0x800715D8""]",Static LUI/low-pair reference; pointer arithmetic/control flow can invalidate inferred value
DUNE.EXE,0x801201E8,DAT_801201E8,LIKELY,data_candidate,[],"[""0x800715A0""]",Static LUI/low-pair reference; pointer arithmetic/control flow can invalidate inferred value
DUNE.EXE,0x801201E9,DAT_801201E9,LIKELY,data_candidate,[],"[""0x800715E4""]",Static LUI/low-pair reference; pointer arithmetic/control flow can invalidate inferred value
DUNE.EXE,0x801201EA,DAT_801201EA,LIKELY,data_candidate,[],"[""0x800715FC""]",Static LUI/low-pair reference; pointer arithmetic/control flow can invalidate inferred value
DUNE.EXE,0x801201EC,DAT_801201EC,LIKELY,data_candidate,[],"[""0x8007159C""]",Static LUI/low-pair reference; pointer arithmetic/control flow can invalidate inferred value
DUNE.EXE,0x80120240,DAT_80120240,LIKELY,data_candidate,[],"[""0x800716B8""]",Static LUI/low-pair reference; pointer arithmetic/control flow can invalidate inferred value
DUNE.EXE,0x80120242,DAT_80120242,LIKELY,data_candidate,[],"[""0x800716C4""]",Static LUI/low-pair reference; pointer arithmetic/control flow can invalidate inferred value
DUNE.EXE,0x80120244,DAT_80120244,LIKELY,data_candidate,[],"[""0x800716D0""]",Static LUI/low-pair reference; pointer arithmetic/control flow can invalidate inferred value
DUNE.EXE,0x80120246,DAT_80120246,LIKELY,data_candidate,[],"[""0x800716DC""]",Static LUI/low-pair reference; pointer arithmetic/control flow can invalidate inferred value
DUNE.EXE,0x80120248,DAT_80120248,LIKELY,data_candidate,[],"[""0x800716A8""]",Static LUI/low-pair reference; pointer arithmetic/control flow can invalidate inferred value
DUNE.EXE,0x80120249,DAT_80120249,LIKELY,data_candidate,[],"[""0x800716E8""]",Static LUI/low-pair reference; pointer arithmetic/control flow can invalidate inferred value
DUNE.EXE,0x8012024A,DAT_8012024A,LIKELY,data_candidate,[],"[""0x800716F4""]",Static LUI/low-pair reference; pointer arithmetic/control flow can invalidate inferred value
DUNE.EXE,0x8012024C,DAT_8012024C,LIKELY,data_candidate,[],"[""0x800716A4""]",Static LUI/low-pair reference; pointer arithmetic/control flow can invalidate inferred value
DUNE.EXE,0x80120264,DAT_80120264,LIKELY,data_candidate,"[""0x8006392C""]",[],Static LUI/low-pair reference; pointer arithmetic/control flow can invalidate inferred value
DUNE.EXE,0x80120284,DAT_80120284,LIKELY,data_candidate,"[""0x80071360""]","[""0x80071374"", ""0x800713B0""]",Static LUI/low-pair reference; pointer arithmetic/control flow can invalidate inferred value
DUNE.EXE,0x801202B4,DAT_801202B4,LIKELY,data_candidate,"[""0x800712AC""]","[""0x80071300"", ""0x80071304""]",Static LUI/low-pair reference; pointer arithmetic/control flow can invalidate inferred value
DUNE.EXE,0x80120B38,DAT_80120B38,LIKELY,data_candidate,"[""0x800654B4"", ""0x800655C4""]",[],Static LUI/low-pair reference; pointer arithmetic/control flow can invalidate inferred value
DUNE.EXE,0x80121130,DAT_80121130,LIKELY,data_candidate,"[""0x80068FB4""]",[],Static LUI/low-pair reference; pointer arithmetic/control flow can invalidate inferred value
DUNE.EXE,0x80121144,DAT_80121144,LIKELY,data_candidate,"[""0x80069790"", ""0x80069824"", ""0x800698EC"", ""0x800699B8"", ""0x80069A80"", ""0x80069B20"", ""0x80069BCC"", ""0x80069CDC"", ""0x80069D40""]",[],Static LUI/low-pair reference; pointer arithmetic/control flow can invalidate inferred value
DUNE.EXE,0x80121150,DAT_80121150,LIKELY,data_candidate,"[""0x8004064C"", ""0x80040984"", ""0x8005C638"", ""0x8005C698"", ""0x8005D420"", ""0x80062D38"", ""0x80062DD4"", ""0x80062F2C"", ""0x8006958C"", ""0x800696D4"", ""0x80069DB8"", ""0x80069E84""]",[],Static LUI/low-pair reference; pointer arithmetic/control flow can invalidate inferred value
DUNE.EXE,0x80121151,DAT_80121151,LIKELY,data_candidate,"[""0x800697F4""]",[],Static LUI/low-pair reference; pointer arithmetic/control flow can invalidate inferred value
DUNE.EXE,0x80121152,DAT_80121152,LIKELY,data_candidate,"[""0x80063168"", ""0x800698B4"", ""0x800698B8""]",[],Static LUI/low-pair reference; pointer arithmetic/control flow can invalidate inferred value
DUNE.EXE,0x80121153,DAT_80121153,LIKELY,data_candidate,"[""0x80069980"", ""0x80069984""]",[],Static LUI/low-pair reference; pointer arithmetic/control flow can invalidate inferred value
DUNE.EXE,0x80121154,DAT_80121154,LIKELY,data_candidate,"[""0x80069A58""]",[],Static LUI/low-pair reference; pointer arithmetic/control flow can invalidate inferred value
DUNE.EXE,0x80121155,DAT_80121155,LIKELY,data_candidate,"[""0x80069AF0""]",[],Static LUI/low-pair reference; pointer arithmetic/control flow can invalidate inferred value
DUNE.EXE,0x8012115A,DAT_8012115A,LIKELY,data_candidate,"[""0x8005BE50"", ""0x8005C06C"", ""0x8005CB08"", ""0x8005CD44"", ""0x8005D458"", ""0x8005DBE0"", ""0x8005DC4C""]",[],Static LUI/low-pair reference; pointer arithmetic/control flow can invalidate inferred value
DUNE.EXE,0x8012115B,DAT_8012115B,LIKELY,data_candidate,"[""0x8005D548"", ""0x8005D7A8"", ""0x8005DCDC""]",[],Static LUI/low-pair reference; pointer arithmetic/control flow can invalidate inferred value
DUNE.EXE,0x8012115C,DAT_8012115C,LIKELY,data_candidate,"[""0x8005ACFC""]","[""0x80040640""]",Static LUI/low-pair reference; pointer arithmetic/control flow can invalidate inferred value
DUNE.EXE,0x80121160,DAT_80121160,LIKELY,data_candidate,"[""0x80069F44""]",[],Static LUI/low-pair reference; pointer arithmetic/control flow can invalidate inferred value
DUNE.EXE,0x80121184,DAT_80121184,LIKELY,data_candidate,"[""0x80068F08""]",[],Static LUI/low-pair reference; pointer arithmetic/control flow can invalidate inferred value
DUNE.EXE,0x801211A8,DAT_801211A8,LIKELY,data_candidate,"[""0x8006F0A8""]",[],Static LUI/low-pair reference; pointer arithmetic/control flow can invalidate inferred value
DUNE.EXE,0x801211C4,DAT_801211C4,LIKELY,data_candidate,"[""0x8006F09C""]",[],Static LUI/low-pair reference; pointer arithmetic/control flow can invalidate inferred value
DUNE.EXE,0x801211F0,DAT_801211F0,LIKELY,data_candidate,"[""0x8006DEE4"", ""0x8006DFC8"", ""0x8006E420"", ""0x8006E504"", ""0x8006E5E8"", ""0x8006E9C0""]",[],Static LUI/low-pair reference; pointer arithmetic/control flow can invalidate inferred value
DUNE.EXE,0x80121200,DAT_80121200,LIKELY,data_candidate,"[""0x8006C428""]",[],Static LUI/low-pair reference; pointer arithmetic/control flow can invalidate inferred value
DUNE.EXE,0x80121290,DAT_80121290,LIKELY,data_candidate,"[""0x8006AFA0"", ""0x8006E278""]",[],Static LUI/low-pair reference; pointer arithmetic/control flow can invalidate inferred value
DUNE.EXE,0x8012129B,DAT_8012129B,LIKELY,data_candidate,"[""0x8006EE30""]","[""0x8006E0B4"", ""0x8006E1C0"", ""0x8006E380"", ""0x8006EF00""]",Static LUI/low-pair reference; pointer arithmetic/control flow can invalidate inferred value
DUNE.EXE,0x801212AB,DAT_801212AB,LIKELY,data_candidate,"[""0x8006EC8C""]","[""0x8006E0E4"", ""0x8006E220"", ""0x8006E464""]",Static LUI/low-pair reference; pointer arithmetic/control flow can invalidate inferred value
DUNE.EXE,0x801212BB,DAT_801212BB,LIKELY,data_candidate,"[""0x8006EC9C""]","[""0x8006E114"", ""0x8006E238"", ""0x8006E548""]",Static LUI/low-pair reference; pointer arithmetic/control flow can invalidate inferred value
DUNE.EXE,0x801212CB,DAT_801212CB,LIKELY,data_candidate,[],"[""0x8006E144"", ""0x8006E250""]",Static LUI/low-pair reference; pointer arithmetic/control flow can invalidate inferred value
DUNE.EXE,0x801212EB,DAT_801212EB,LIKELY,data_candidate,[],"[""0x8006E7E0"", ""0x8006E808""]",Static LUI/low-pair reference; pointer arithmetic/control flow can invalidate inferred value
DUNE.EXE,0x8012130B,DAT_8012130B,LIKELY,data_candidate,[],"[""0x8006E174""]",Static LUI/low-pair reference; pointer arithmetic/control flow can invalidate inferred value
DUNE.EXE,0x80121340,DAT_80121340,LIKELY,data_candidate,"[""0x8006E090""]",[],Static LUI/low-pair reference; pointer arithmetic/control flow can invalidate inferred value
DUNE.EXE,0x80121460,DAT_80121460,LIKELY,data_candidate,"[""0x8006E0C0"", ""0x8006E20C""]",[],Static LUI/low-pair reference; pointer arithmetic/control flow can invalidate inferred value
DUNE.EXE,0x80121580,DAT_80121580,LIKELY,data_candidate,"[""0x8006E0F0""]",[],Static LUI/low-pair reference; pointer arithmetic/control flow can invalidate inferred value
DUNE.EXE,0x801216A0,DAT_801216A0,LIKELY,data_candidate,"[""0x8006E120""]",[],Static LUI/low-pair reference; pointer arithmetic/control flow can invalidate inferred value
DUNE.EXE,0x80121780,DAT_80121780,LIKELY,data_candidate,"[""0x8006E028"", ""0x8006E150""]",[],Static LUI/low-pair reference; pointer arithmetic/control flow can invalidate inferred value
DUNE.EXE,0x80121820,DAT_80121820,LIKELY,data_candidate,"[""0x8006B548"", ""0x8006E64C""]",[],Static LUI/low-pair reference; pointer arithmetic/control flow can invalidate inferred value
DUNE.EXE,0x8012184B,DAT_8012184B,LIKELY,data_candidate,[],"[""0x8006EF70""]",Static LUI/low-pair reference; pointer arithmetic/control flow can invalidate inferred value
DUNE.EXE,0x8012185B,DAT_8012185B,LIKELY,data_candidate,[],"[""0x8006EF84""]",Static LUI/low-pair reference; pointer arithmetic/control flow can invalidate inferred value
DUNE.EXE,0x8012187B,DAT_8012187B,LIKELY,data_candidate,[],"[""0x8006E7E8"", ""0x8006E810""]",Static LUI/low-pair reference; pointer arithmetic/control flow can invalidate inferred value
DUNE.EXE,0x801218D0,DAT_801218D0,LIKELY,data_candidate,"[""0x8006E9E0""]",[],Static LUI/low-pair reference; pointer arithmetic/control flow can invalidate inferred value
DUNE.EXE,0x801219AB,DAT_801219AB,LIKELY,data_candidate,"[""0x8006E018""]","[""0x8006E7F4"", ""0x8006E818""]",Static LUI/low-pair reference; pointer arithmetic/control flow can invalidate inferred value
DUNE.EXE,0x801219CB,DAT_801219CB,LIKELY,data_candidate,"[""0x8006DF60""]","[""0x8006E188"", ""0x8006E264""]",Static LUI/low-pair reference; pointer arithmetic/control flow can invalidate inferred value
DUNE.EXE,0x80121A00,DAT_80121A00,LIKELY,data_candidate,"[""0x8006C9F0"", ""0x8006DF34"", ""0x8006E85C""]",[],Static LUI/low-pair reference; pointer arithmetic/control flow can invalidate inferred value
DUNE.EXE,0x80121B4B,DAT_80121B4B,LIKELY,data_candidate,[],"[""0x8006EABC""]",Static LUI/low-pair reference; pointer arithmetic/control flow can invalidate inferred value
DUNE.EXE,0x80121B5B,DAT_80121B5B,LIKELY,data_candidate,[],"[""0x8006E17C"", ""0x8006E25C""]",Static LUI/low-pair reference; pointer arithmetic/control flow can invalidate inferred value
DUNE.EXE,0x80121B80,DAT_80121B80,LIKELY,data_candidate,"[""0x8006C6B8"", ""0x8006C700"", ""0x8006C75C"", ""0x8006C7B8"", ""0x8006C8E4"", ""0x8006C938""]",[],Static LUI/low-pair reference; pointer arithmetic/control flow can invalidate inferred value
DUNE.EXE,0x80121C0C,DAT_80121C0C,LIKELY,data_candidate,"[""0x8006A540"", ""0x8006A544"", ""0x8006CB5C"", ""0x8006CC5C"", ""0x8006E074"", ""0x8006F1D0""]",[],Static LUI/low-pair reference; pointer arithmetic/control flow can invalidate inferred value
DUNE.EXE,0x80121C6C,DAT_80121C6C,LIKELY,data_candidate,"[""0x80068F88"", ""0x8006EF94""]",[],Static LUI/low-pair reference; pointer arithmetic/control flow can invalidate inferred value
DUNE.EXE,0x80121C74,DAT_80121C74,LIKELY,data_candidate,"[""0x8006A920""]",[],Static LUI/low-pair reference; pointer arithmetic/control flow can invalidate inferred value
DUNE.EXE,0x80121C9C,DAT_80121C9C,LIKELY,data_candidate,"[""0x8006C438""]",[],Static LUI/low-pair reference; pointer arithmetic/control flow can invalidate inferred value
DUNE.EXE,0x80121E8C,DAT_80121E8C,LIKELY,data_candidate,"[""0x8006B52C""]",[],Static LUI/low-pair reference; pointer arithmetic/control flow can invalidate inferred value
DUNE.EXE,0x80121EE4,DAT_80121EE4,LIKELY,data_candidate,"[""0x80069088""]",[],Static LUI/low-pair reference; pointer arithmetic/control flow can invalidate inferred value
DUNE.EXE,0x80121EEC,DAT_80121EEC,LIKELY,data_candidate,"[""0x8006943C""]",[],Static LUI/low-pair reference; pointer arithmetic/control flow can invalidate inferred value
DUNE.EXE,0x80121F14,DAT_80121F14,LIKELY,data_candidate,"[""0x8006E190""]",[],Static LUI/low-pair reference; pointer arithmetic/control flow can invalidate inferred value
DUNE.EXE,0x80121F54,DAT_80121F54,LIKELY,data_candidate,"[""0x8006E1E0""]",[],Static LUI/low-pair reference; pointer arithmetic/control flow can invalidate inferred value
DUNE.EXE,0x80121F74,DAT_80121F74,LIKELY,data_candidate,"[""0x8006E1D0""]",[],Static LUI/low-pair reference; pointer arithmetic/control flow can invalidate inferred value
DUNE.EXE,0x80121FEC,DAT_80121FEC,LIKELY,data_candidate,"[""0x8006E84C""]",[],Static LUI/low-pair reference; pointer arithmetic/control flow can invalidate inferred value
DUNE.EXE,0x801220D0,DAT_801220D0,LIKELY,data_candidate,"[""0x8006A5E8"", ""0x8006D410"", ""0x8006D528"", ""0x8006D68C"", ""0x8006D744"", ""0x8006D894"", ""0x8006D94C"", ""0x8006DA9C"", ""0x8006DB54"", ""0x8006E294""]",[],Static LUI/low-pair reference; pointer arithmetic/control flow can invalidate inferred value
DUNE.EXE,0x801220D8,DAT_801220D8,LIKELY,data_candidate,"[""0x8006AF84"", ""0x8006EE50""]",[],Static LUI/low-pair reference; pointer arithmetic/control flow can invalidate inferred value
DUNE.EXE,0x801220DC,DAT_801220DC,LIKELY,data_candidate,"[""0x8006E2FC""]","[""0x8006E368"", ""0x8006EF14""]",Static LUI/low-pair reference; pointer arithmetic/control flow can invalidate inferred value
DUNE.EXE,0x801220F8,DAT_801220F8,LIKELY,data_candidate,"[""0x8006B540"", ""0x8006E644""]",[],Static LUI/low-pair reference; pointer arithmetic/control flow can invalidate inferred value
DUNE.EXE,0x80122104,DAT_80122104,LIKELY,data_candidate,[],"[""0x8006EF64""]",Static LUI/low-pair reference; pointer arithmetic/control flow can invalidate inferred value
DUNE.EXE,0x80122108,DAT_80122108,LIKELY,data_candidate,"[""0x8006CA3C"", ""0x8006E854""]",[],Static LUI/low-pair reference; pointer arithmetic/control flow can invalidate inferred value
DUNE.EXE,0x80122118,DAT_80122118,LIKELY,data_candidate,"[""0x8006A614"", ""0x8006ADE4"", ""0x8006C450""]","[""0x8006A618""]",Static LUI/low-pair reference; pointer arithmetic/control flow can invalidate inferred value
DUNE.EXE,0x80122138,DAT_80122138,LIKELY,data_candidate,"[""0x8005B700"", ""0x8005D9A8"", ""0x8005DD54"", ""0x8006F3B4"", ""0x8006F5D4""]",[],Static LUI/low-pair reference; pointer arithmetic/control flow can invalidate inferred value
DUNE.EXE,0x80122140,DAT_80122140,LIKELY,data_candidate,"[""0x8005B17C""]",[],Static LUI/low-pair reference; pointer arithmetic/control flow can invalidate inferred value
DUNE.EXE,0x80122160,DAT_80122160,LIKELY,data_candidate,"[""0x8006FAF8""]",[],Static LUI/low-pair reference; pointer arithmetic/control flow can invalidate inferred value
DUNE.EXE,0x80122168,DAT_80122168,LIKELY,data_candidate,"[""0x8006FC14""]",[],Static LUI/low-pair reference; pointer arithmetic/control flow can invalidate inferred value
DUNE.EXE,0x80122174,DAT_80122174,LIKELY,data_candidate,"[""0x8006FB10"", ""0x8006FB9C""]",[],Static LUI/low-pair reference; pointer arithmetic/control flow can invalidate inferred value
DUNE.EXE,0x8012218C,DAT_8012218C,LIKELY,data_candidate,"[""0x80063E30"", ""0x80064390"", ""0x800702D8""]",[],Static LUI/low-pair reference; pointer arithmetic/control flow can invalidate inferred value
DUNE.EXE,0x8012219C,DAT_8012219C,LIKELY,data_candidate,"[""0x8006F8BC"", ""0x8006F9B4"", ""0x8006FB3C"", ""0x8006FCAC""]","[""0x8006F9C4""]",Static LUI/low-pair reference; pointer arithmetic/control flow can invalidate inferred value
DUNE.EXE,0x801222D4,DAT_801222D4,LIKELY,data_candidate,"[""0x80070A4C"", ""0x80070A58""]",[],Static LUI/low-pair reference; pointer arithmetic/control flow can invalidate inferred value
DUNE.EXE,0x801224B4,DAT_801224B4,LIKELY,data_candidate,"[""0x80070A2C"", ""0x80071720"", ""0x800719B0""]","[""0x80070BA8""]",Static LUI/low-pair reference; pointer arithmetic/control flow can invalidate inferred value
DUNE.EXE,0x80122A84,DAT_80122A84,LIKELY,data_candidate,"[""0x80071200"", ""0x80071A04""]",[],Static LUI/low-pair reference; pointer arithmetic/control flow can invalidate inferred value
DUNE.EXE,0x80122D3C,DAT_80122D3C,LIKELY,data_candidate,"[""0x80070878"", ""0x80070914""]",[],Static LUI/low-pair reference; pointer arithmetic/control flow can invalidate inferred value
DUNE.EXE,0x80122D5C,DAT_80122D5C,LIKELY,data_candidate,"[""0x800708B4"", ""0x800709B0""]",[],Static LUI/low-pair reference; pointer arithmetic/control flow can invalidate inferred value
DUNE.EXE,0x80122D7C,DAT_80122D7C,LIKELY,data_candidate,"[""0x800708D4"", ""0x800709C8""]",[],Static LUI/low-pair reference; pointer arithmetic/control flow can invalidate inferred value
DUNE.EXE,0x80122D9C,DAT_80122D9C,LIKELY,data_candidate,"[""0x80063A68""]",[],Static LUI/low-pair reference; pointer arithmetic/control flow can invalidate inferred value
DUNE.EXE,0x80122EBC,DAT_80122EBC,LIKELY,data_candidate,"[""0x80071B4C"", ""0x80071B5C""]",[],Static LUI/low-pair reference; pointer arithmetic/control flow can invalidate inferred value
DUNE.EXE,0x80122EF0,DAT_80122EF0,LIKELY,data_candidate,"[""0x80072EDC""]","[""0x80072EC4""]",Static LUI/low-pair reference; pointer arithmetic/control flow can invalidate inferred value
DUNE.EXE,0x80122EF4,DAT_80122EF4,LIKELY,data_candidate,"[""0x80027228"", ""0x800273C0"", ""0x8002FA40"", ""0x8002FC88"", ""0x80030FFC"", ""0x8003106C"", ""0x800390E0"", ""0x80039ECC"", ""0x800440BC""]",[],Static LUI/low-pair reference; pointer arithmetic/control flow can invalidate inferred value
DUNE.EXE,0x80132EF4,DAT_80132EF4,LIKELY,data_candidate,"[""0x8002726C"", ""0x8002FA78"", ""0x8002FD0C"", ""0x80030478"", ""0x80039124"", ""0x80039F00""]",[],Static LUI/low-pair reference; pointer arithmetic/control flow can invalidate inferred value
DUNE.EXE,0x8013FFD8,DAT_8013FFD8,LIKELY,data_candidate,"[""0x80076DC4"", ""0x80077364"", ""0x80077384"", ""0x80077564""]",[],Static LUI/low-pair reference; pointer arithmetic/control flow can invalidate inferred value
DUNE.EXE,0x8013FFFC,DAT_8013FFFC,LIKELY,data_candidate,"[""0x80079F94""]",[],Static LUI/low-pair reference; pointer arithmetic/control flow can invalidate inferred value
DUNE.EXE,0x8013FFFF,DAT_8013FFFF,LIKELY,data_candidate,"[""0x800762AC""]",[],Static LUI/low-pair reference; pointer arithmetic/control flow can invalidate inferred value
DUNE.EXE,0x80140000,DAT_80140000,LIKELY,data_candidate,"[""0x8007389C"", ""0x80073A98"", ""0x8007587C"", ""0x80075A68"", ""0x80076DBC"", ""0x80076E8C"", ""0x80076ED4"", ""0x80076EF4"", ""0x80077224"", ""0x8007735C"", ""0x8007737C"", ""0x800773EC"", ""0x800774D4"", ""0x8007755C"", ""0x80079F28"", ""0x8007A010"", ""0x8007A13C"", ""0x8007A318"", ""0x8007A3B8""]","[""0x800738B0"", ""0x80074E64"", ""0x80074ED0"", ""0x80074F18"", ""0x800750C0"", ""0x800757C4"", ""0x80075BD8"", ""0x80075E60"", ""0x800775B8"", ""0x80079FA0"", ""0x8007A154""]",Static LUI/low-pair reference; pointer arithmetic/control flow can invalidate inferred value
DUNE.EXE,0x80140001,DAT_80140001,LIKELY,data_candidate,"[""0x800750B8"", ""0x800751A8"", ""0x80075428""]","[""0x80074FC8"", ""0x80075040"", ""0x800750B4"", ""0x80075BC8"", ""0x80075E50""]",Static LUI/low-pair reference; pointer arithmetic/control flow can invalidate inferred value
DUNE.EXE,0x80140002,DAT_80140002,LIKELY,data_candidate,"[""0x80075038"", ""0x8007542C"", ""0x80075BC0"", ""0x80075E48""]","[""0x80075034"", ""0x80075BBC"", ""0x80075E44""]",Static LUI/low-pair reference; pointer arithmetic/control flow can invalidate inferred value
DUNE.EXE,0x80140004,DAT_80140004,LIKELY,data_candidate,"[""0x80073A9C""]","[""0x800775B0""]",Static LUI/low-pair reference; pointer arithmetic/control flow can invalidate inferred value
DUNE.EXE,0x80140008,DAT_80140008,LIKELY,data_candidate,"[""0x80073AA0"", ""0x80076ED8"", ""0x80076EF8"", ""0x80077068"", ""0x80077668""]","[""0x80077074""]",Static LUI/low-pair reference; pointer arithmetic/control flow can invalidate inferred value
DUNE.EXE,0x8014000C,DAT_8014000C,LIKELY,data_candidate,"[""0x80077530"", ""0x800775A0""]","[""0x8007752C"", ""0x800775AC""]",Static LUI/low-pair reference; pointer arithmetic/control flow can invalidate inferred value
DUNE.EXE,0x80140010,DAT_80140010,LIKELY,data_candidate,"[""0x80077064""]","[""0x80077594""]",Static LUI/low-pair reference; pointer arithmetic/control flow can invalidate inferred value
DUNE.EXE,0x80140014,DAT_80140014,LIKELY,data_candidate,"[""0x80076F58"", ""0x80077078"", ""0x80077098"", ""0x800771C4"", ""0x8007726C""]","[""0x80077084"", ""0x800771C0"", ""0x80077268"", ""0x80077338""]",Static LUI/low-pair reference; pointer arithmetic/control flow can invalidate inferred value
DUNE.EXE,0x80140018,DAT_80140018,LIKELY,data_candidate,[],"[""0x80076F54""]",Static LUI/low-pair reference; pointer arithmetic/control flow can invalidate inferred value
DUNE.EXE,0x8014001C,DAT_8014001C,LIKELY,data_candidate,[],"[""0x800771B8""]",Static LUI/low-pair reference; pointer arithmetic/control flow can invalidate inferred value
DUNE.EXE,0x80140020,DAT_80140020,LIKELY,data_candidate,"[""0x80077088""]","[""0x80077094"", ""0x8007729C""]",Static LUI/low-pair reference; pointer arithmetic/control flow can invalidate inferred value
DUNE.EXE,0x80140024,DAT_80140024,LIKELY,data_candidate,"[""0x8007733C""]",[],Static LUI/low-pair reference; pointer arithmetic/control flow can invalidate inferred value
DUNE.EXE,0x80140034,DAT_80140034,LIKELY,data_candidate,[],"[""0x80076E00""]",Static LUI/low-pair reference; pointer arithmetic/control flow can invalidate inferred value
DUNE.EXE,0x80140FDC,DAT_80140FDC,LIKELY,data_candidate,"[""0x80079F98""]",[],Static LUI/low-pair reference; pointer arithmetic/control flow can invalidate inferred value
DUNE.EXE,0x80143C68,DAT_80143C68,LIKELY,code_or_pointer,"[""0x80073814"", ""0x80073850"", ""0x8007394C"", ""0x80073988""]","[""0x80073804"", ""0x80073860"", ""0x8007393C"", ""0x80073998""]",Static LUI/low-pair reference; pointer arithmetic/control flow can invalidate inferred value
DUNE.EXE,0x80143C6C,DAT_80143C6C,LIKELY,code_or_pointer,"[""0x80073868"", ""0x80073898"", ""0x800738C8"", ""0x800739A0"", ""0x800739D0"", ""0x800739F0""]","[""0x80073890"", ""0x800738EC"", ""0x800739C8"", ""0x800739E8"", ""0x80073A14""]",Static LUI/low-pair reference; pointer arithmetic/control flow can invalidate inferred value
DUNE.EXE,0x80143C78,DAT_80143C78,LIKELY,code_or_pointer,"[""0x80073A94""]",[],Static LUI/low-pair reference; pointer arithmetic/control flow can invalidate inferred value
DUNE.EXE,0x80143C88,DAT_80143C88,LIKELY,code_or_pointer,"[""0x80077010"", ""0x800770F4"", ""0x8007774C""]","[""0x80074368"", ""0x80077758""]",Static LUI/low-pair reference; pointer arithmetic/control flow can invalidate inferred value
DUNE.EXE,0x80143C8C,DAT_80143C8C,LIKELY,code_or_pointer,"[""0x80076E30"", ""0x80076EB8"", ""0x80076FD4"", ""0x800770B8"", ""0x8007714C"", ""0x800772A4"", ""0x8007730C"", ""0x800773FC"", ""0x800775CC"", ""0x80077760""]","[""0x80074374"", ""0x8007776C""]",Static LUI/low-pair reference; pointer arithmetic/control flow can invalidate inferred value
DUNE.EXE,0x80143C98,DAT_80143C98,LIKELY,code_or_pointer,"[""0x80074644"", ""0x80074780"", ""0x800748BC""]",[],Static LUI/low-pair reference; pointer arithmetic/control flow can invalidate inferred value
DUNE.EXE,0x80143D20,DAT_80143D20,LIKELY,code_or_pointer,"[""0x800745F0"", ""0x80074650"", ""0x8007478C"", ""0x800748C8"", ""0x8007530C"", ""0x8007558C"", ""0x800759E8"", ""0x80076304""]","[""0x80074348"", ""0x800745FC"", ""0x80074678"", ""0x800746E4"", ""0x80074714"", ""0x800747B8"", ""0x80074818"", ""0x80074848"", ""0x800748EC"", ""0x8007494C"", ""0x8007497C"", ""0x80075D08"", ""0x80075D88""]",Static LUI/low-pair reference; pointer arithmetic/control flow can invalidate inferred value
DUNE.EXE,0x80143D24,DAT_80143D24,LIKELY,code_or_pointer,"[""0x80074604"", ""0x800752DC"", ""0x8007555C"", ""0x800759B8"", ""0x800762D4""]","[""0x80074358"", ""0x80074610"", ""0x80075D00"", ""0x80075D80""]",Static LUI/low-pair reference; pointer arithmetic/control flow can invalidate inferred value
DUNE.EXE,0x80143D28,DAT_80143D28,LIKELY,code_or_pointer,"[""0x80074534"", ""0x80074DC0"", ""0x80074DE0"", ""0x800756A0"", ""0x8007572C"", ""0x800764D0"", ""0x8007650C"", ""0x8007653C"", ""0x80076564"", ""0x800765CC"", ""0x80076644"", ""0x80076700"", ""0x80076740"", ""0x80076794"", ""0x800767C0"", ""0x80076894"", ""0x80076920"", ""0x80076A90"", ""0x80076AB8"", ""0x80076BAC"", ""0x80076C64""]","[""0x80074540""]",Static LUI/low-pair reference; pointer arithmetic/control flow can invalidate inferred value
DUNE.EXE,0x80143D2C,DAT_80143D2C,LIKELY,code_or_pointer,"[""0x8007446C"", ""0x8007468C"", ""0x800747C0"", ""0x800748F4"", ""0x80074D4C"", ""0x80074DFC"", ""0x80075E90""]","[""0x80074DA0"", ""0x80075D1C"", ""0x80075D9C""]",Static LUI/low-pair reference; pointer arithmetic/control flow can invalidate inferred value
DUNE.EXE,0x80143D30,DAT_80143D30,LIKELY,code_or_pointer,"[""0x80074E04""]","[""0x80074DA8"", ""0x80075D10"", ""0x80075D90""]",Static LUI/low-pair reference; pointer arithmetic/control flow can invalidate inferred value
DUNE.EXE,0x80143D34,DAT_80143D34,LIKELY,code_or_pointer,"[""0x80074D78"", ""0x800763C4"", ""0x8007640C""]","[""0x80074D88""]",Static LUI/low-pair reference; pointer arithmetic/control flow can invalidate inferred value
DUNE.EXE,0x80143D38,DAT_80143D38,LIKELY,code_or_pointer,"[""0x800744A0""]",[],Static LUI/low-pair reference; pointer arithmetic/control flow can invalidate inferred value
DUNE.EXE,0x80143D3C,DAT_80143D3C,LIKELY,code_or_pointer,"[""0x8007447C""]","[""0x800757B4"", ""0x80075D78""]",Static LUI/low-pair reference; pointer arithmetic/control flow can invalidate inferred value
DUNE.EXE,0x80143D3D,DAT_80143D3D,LIKELY,code_or_pointer,"[""0x8007448C"", ""0x80074D24"", ""0x80074DF4"", ""0x80074EA4"", ""0x80075250"", ""0x800754D0"", ""0x8007592C"", ""0x80075FFC""]","[""0x80075848"", ""0x80075D70""]",Static LUI/low-pair reference; pointer arithmetic/control flow can invalidate inferred value
DUNE.EXE,0x80143D44,DAT_80143D44,LIKELY,code_or_pointer,"[""0x80075194"", ""0x80075414"", ""0x8007589C"", ""0x80075F50""]",[],Static LUI/low-pair reference; pointer arithmetic/control flow can invalidate inferred value
DUNE.EXE,0x80143DC4,DAT_80143DC4,LIKELY,code_or_pointer,"[""0x8007519C"", ""0x8007541C"", ""0x800758A4"", ""0x80075F60""]",[],Static LUI/low-pair reference; pointer arithmetic/control flow can invalidate inferred value
DUNE.EXE,0x80143E64,DAT_80143E64,LIKELY,code_or_pointer,"[""0x800757DC""]",[],Static LUI/low-pair reference; pointer arithmetic/control flow can invalidate inferred value
DUNE.EXE,0x80143FC8,DAT_80143FC8,LIKELY,code_or_pointer,[],"[""0x8007627C""]",Static LUI/low-pair reference; pointer arithmetic/control flow can invalidate inferred value
DUNE.EXE,0x80143FE4,DAT_80143FE4,LIKELY,code_or_pointer,"[""0x80074C00"", ""0x80074C78"", ""0x80074CE4"", ""0x80075000"", ""0x800752A8"", ""0x80075338"", ""0x80075528"", ""0x800755B8"", ""0x800757E8"", ""0x80075984"", ""0x80075A14"", ""0x80075AAC"", ""0x80075AE4"", ""0x80075B34"", ""0x80075B68"", ""0x80075BD0"", ""0x80075C58"", ""0x80075CA4"", ""0x80075DB4"", ""0x80075DE8"", ""0x80075E58"", ""0x8007608C"", ""0x8007610C"", ""0x8007618C"", ""0x8007620C"", ""0x80076284"", ""0x80076330""]",[],Static LUI/low-pair reference; pointer arithmetic/control flow can invalidate inferred value
DUNE.EXE,0x80143FE8,DAT_80143FE8,LIKELY,code_or_pointer,"[""0x80074C98"", ""0x80075840"", ""0x80075AF4"", ""0x80075CB4""]",[],Static LUI/low-pair reference; pointer arithmetic/control flow can invalidate inferred value
DUNE.EXE,0x80143FEC,DAT_80143FEC,LIKELY,code_or_pointer,"[""0x80074D04"", ""0x80075818"", ""0x80075ABC"", ""0x80075B08"", ""0x80075B88"", ""0x80075C7C"", ""0x80075CC8"", ""0x80075E08""]",[],Static LUI/low-pair reference; pointer arithmetic/control flow can invalidate inferred value
DUNE.EXE,0x80143FF0,DAT_80143FF0,LIKELY,code_or_pointer,"[""0x80074C1C"", ""0x80074CF4"", ""0x80075010"", ""0x80075AD0"", ""0x80075B1C"", ""0x80075B44"", ""0x80075B78"", ""0x80075B98"", ""0x80075BE4"", ""0x80075C90"", ""0x80075CDC"", ""0x80075DC4"", ""0x80075DF8"", ""0x80075E18"", ""0x80075E6C"", ""0x8007609C"", ""0x8007619C""]",[],Static LUI/low-pair reference; pointer arithmetic/control flow can invalidate inferred value
DUNE.EXE,0x80143FF4,DAT_80143FF4,LIKELY,code_or_pointer,"[""0x80075BF4"", ""0x80075E7C"", ""0x800760BC"", ""0x80076174"", ""0x800761BC""]",[],Static LUI/low-pair reference; pointer arithmetic/control flow can invalidate inferred value
DUNE.EXE,0x80143FF8,DAT_80143FF8,LIKELY,code_or_pointer,"[""0x80075C08"", ""0x80075C3C""]",[],Static LUI/low-pair reference; pointer arithmetic/control flow can invalidate inferred value
DUNE.EXE,0x80143FFC,DAT_80143FFC,LIKELY,code_or_pointer,"[""0x80074E60"", ""0x80074ECC"", ""0x80074F10"", ""0x80074FC4"", ""0x8007502C"", ""0x800750AC"", ""0x800751A4"", ""0x80075424"", ""0x800757BC"", ""0x80075868"", ""0x80075A64"", ""0x80075BB8"", ""0x80075E40"", ""0x80075F58""]","[""0x80074F64""]",Static LUI/low-pair reference; pointer arithmetic/control flow can invalidate inferred value
DUNE.EXE,0x80143FFD,DAT_80143FFD,LIKELY,code_or_pointer,"[""0x80076294""]",[],Static LUI/low-pair reference; pointer arithmetic/control flow can invalidate inferred value
DUNE.EXE,0x80144000,DAT_80144000,LIKELY,code_or_pointer,"[""0x80075D68""]",[],Static LUI/low-pair reference; pointer arithmetic/control flow can invalidate inferred value
DUNE.EXE,0x80144018,DAT_80144018,LIKELY,code_or_pointer,"[""0x800760AC"", ""0x800761AC""]",[],Static LUI/low-pair reference; pointer arithmetic/control flow can invalidate inferred value
DUNE.EXE,0x8014401C,DAT_8014401C,LIKELY,code_or_pointer,"[""0x800760CC"", ""0x800761CC""]",[],Static LUI/low-pair reference; pointer arithmetic/control flow can invalidate inferred value
DUNE.EXE,0x80144020,DAT_80144020,LIKELY,code_or_pointer,"[""0x800760E8"", ""0x800761E8""]",[],Static LUI/low-pair reference; pointer arithmetic/control flow can invalidate inferred value
DUNE.EXE,0x80144024,DAT_80144024,LIKELY,code_or_pointer,"[""0x800760FC"", ""0x800761FC""]",[],Static LUI/low-pair reference; pointer arithmetic/control flow can invalidate inferred value
DUNE.EXE,0x80144028,DAT_80144028,LIKELY,code_or_pointer,"[""0x80076044"", ""0x8007612C"", ""0x8007613C"", ""0x80076244"", ""0x80076254""]",[],Static LUI/low-pair reference; pointer arithmetic/control flow can invalidate inferred value
DUNE.EXE,0x80144048,DAT_80144048,LIKELY,code_or_pointer,"[""0x80076A1C""]","[""0x80076928"", ""0x80076C3C""]",Static LUI/low-pair reference; pointer arithmetic/control flow can invalidate inferred value
DUNE.EXE,0x8014404C,DAT_8014404C,LIKELY,code_or_pointer,"[""0x800763BC""]","[""0x80076414""]",Static LUI/low-pair reference; pointer arithmetic/control flow can invalidate inferred value
DUNE.EXE,0x80144058,DAT_80144058,LIKELY,code_or_pointer,"[""0x80076DEC"", ""0x80076F50"", ""0x8007705C"", ""0x800771B4"", ""0x80077260"", ""0x80077294"", ""0x80077334"", ""0x80077528"", ""0x80077590"", ""0x8007759C""]",[],Static LUI/low-pair reference; pointer arithmetic/control flow can invalidate inferred value
DUNE.EXE,0x80144060,DAT_80144060,LIKELY,code_or_pointer,"[""0x80076ED0"", ""0x80076EF0""]",[],Static LUI/low-pair reference; pointer arithmetic/control flow can invalidate inferred value
DUNE.EXE,0x80144064,DAT_80144064,LIKELY,code_or_pointer,"[""0x80077220""]",[],Static LUI/low-pair reference; pointer arithmetic/control flow can invalidate inferred value
DUNE.EXE,0x80144074,DAT_80144074,LIKELY,code_or_pointer,"[""0x80077660""]",[],Static LUI/low-pair reference; pointer arithmetic/control flow can invalidate inferred value
DUNE.EXE,0x80144078,DAT_80144078,LIKELY,code_or_pointer,"[""0x80076E88""]",[],Static LUI/low-pair reference; pointer arithmetic/control flow can invalidate inferred value
DUNE.EXE,0x8014407C,DAT_8014407C,LIKELY,code_or_pointer,"[""0x800774C4""]",[],Static LUI/low-pair reference; pointer arithmetic/control flow can invalidate inferred value
DUNE.EXE,0x80144080,DAT_80144080,LIKELY,code_or_pointer,"[""0x80076DB4"", ""0x80077358"", ""0x80077378"", ""0x80077558""]",[],Static LUI/low-pair reference; pointer arithmetic/control flow can invalidate inferred value
DUNE.EXE,0x80144084,DAT_80144084,LIKELY,code_or_pointer,"[""0x800773E8""]",[],Static LUI/low-pair reference; pointer arithmetic/control flow can invalidate inferred value
DUNE.EXE,0x801440A0,DAT_801440A0,LIKELY,code_or_pointer,[],"[""0x800795A0""]",Static LUI/low-pair reference; pointer arithmetic/control flow can invalidate inferred value
DUNE.EXE,0x801440A4,DAT_801440A4,LIKELY,code_or_pointer,[],"[""0x800795AC""]",Static LUI/low-pair reference; pointer arithmetic/control flow can invalidate inferred value
DUNE.EXE,0x801440B0,DAT_801440B0,LIKELY,code_or_pointer,"[""0x80079B64"", ""0x80079C1C"", ""0x80079C50""]",[],Static LUI/low-pair reference; pointer arithmetic/control flow can invalidate inferred value
DUNE.EXE,0x801440B4,DAT_801440B4,LIKELY,code_or_pointer,"[""0x80079B6C"", ""0x80079C90""]",[],Static LUI/low-pair reference; pointer arithmetic/control flow can invalidate inferred value
DUNE.EXE,0x801440B8,DAT_801440B8,LIKELY,code_or_pointer,"[""0x80079BAC"", ""0x80079CAC""]","[""0x80079CA4""]",Static LUI/low-pair reference; pointer arithmetic/control flow can invalidate inferred value
DUNE.EXE,0x801440BC,DAT_801440BC,LIKELY,code_or_pointer,"[""0x80079BE8"", ""0x80079C00""]","[""0x80079C98""]",Static LUI/low-pair reference; pointer arithmetic/control flow can invalidate inferred value
DUNE.EXE,0x80144120,DAT_80144120,LIKELY,code_or_pointer,"[""0x80079F20"", ""0x80079FF8"", ""0x8007A310"", ""0x8007A3B0""]",[],Static LUI/low-pair reference; pointer arithmetic/control flow can invalidate inferred value
DUNE.EXE,0x80144122,DAT_80144122,LIKELY,code_or_pointer,"[""0x80079ED8""]","[""0x8007A198""]",Static LUI/low-pair reference; pointer arithmetic/control flow can invalidate inferred value
DUNE.EXE,0x80144124,DAT_80144124,LIKELY,code_or_pointer,"[""0x8007A1D4""]",[],Static LUI/low-pair reference; pointer arithmetic/control flow can invalidate inferred value
DUNE.EXE,0x80144150,DAT_80144150,LIKELY,code_or_pointer,"[""0x8007A0E8""]",[],Static LUI/low-pair reference; pointer arithmetic/control flow can invalidate inferred value
DUNE.EXE,0x8014415C,DAT_8014415C,LIKELY,code_or_pointer,"[""0x80079F90""]",[],Static LUI/low-pair reference; pointer arithmetic/control flow can invalidate inferred value
DUNE.EXE,0x801451A8,DAT_801451A8,LIKELY,code_or_pointer,"[""0x80079D84"", ""0x80079DB4"", ""0x80079DE4"", ""0x80079E18"", ""0x80079E48"", ""0x80079E78"", ""0x80079EA8"", ""0x80079FB4"", ""0x80079FC4""]",[],Static LUI/low-pair reference; pointer arithmetic/control flow can invalidate inferred value
DUNE.EXE,0x801451AC,DAT_801451AC,LIKELY,code_or_pointer,"[""0x80079F3C"", ""0x8007A024"", ""0x8007A048"", ""0x8007A0A4"", ""0x8007A0E0"", ""0x8007A110"", ""0x8007A174"", ""0x8007A354""]",[],Static LUI/low-pair reference; pointer arithmetic/control flow can invalidate inferred value
DUNE.EXE,0x801451B0,DAT_801451B0,LIKELY,code_or_pointer,"[""0x80079EE8"", ""0x80079F00"", ""0x80079F44"", ""0x8007A05C"", ""0x8007A0F0"", ""0x8007A118"", ""0x8007A214"", ""0x8007A2D4"", ""0x8007A334"", ""0x8007A3D4""]",[],Static LUI/low-pair reference; pointer arithmetic/control flow can invalidate inferred value
DUNE.EXE,0x801451B4,DAT_801451B4,LIKELY,code_or_pointer,"[""0x80079F60"", ""0x8007A33C"", ""0x8007A370"", ""0x8007A3EC""]",[],Static LUI/low-pair reference; pointer arithmetic/control flow can invalidate inferred value
DUNE.EXE,0x801451B8,DAT_801451B8,LIKELY,code_or_pointer,"[""0x8007A138""]","[""0x8007A17C"", ""0x8007A18C""]",Static LUI/low-pair reference; pointer arithmetic/control flow can invalidate inferred value
DUNE.EXE,0x801451C8,DAT_801451C8,LIKELY,code_or_pointer,"[""0x8007A538"", ""0x8007A5A4"", ""0x8007A5F8""]",[],Static LUI/low-pair reference; pointer arithmetic/control flow can invalidate inferred value
DUNE.EXE,0x801451E8,DAT_801451E8,LIKELY,code_or_pointer,"[""0x80079BC4"", ""0x80079C2C"", ""0x80079C88"", ""0x80079CE8"", ""0x80079D4C"", ""0x8007A58C""]","[""0x8007A554"", ""0x8007A5B4""]",Static LUI/low-pair reference; pointer arithmetic/control flow can invalidate inferred value
DUNE.EXE,0x801451EC,DAT_801451EC,LIKELY,code_or_pointer,"[""0x8007A540""]",[],Static LUI/low-pair reference; pointer arithmetic/control flow can invalidate inferred value
DUNE.EXE,0x801451F8,DAT_801451F8,LIKELY,code_or_pointer,"[""0x8007A670"", ""0x8007A6A0"", ""0x8007A714"", ""0x8007A758"", ""0x8007A77C"", ""0x8007A84C"", ""0x8007A888""]",[],Static LUI/low-pair reference; pointer arithmetic/control flow can invalidate inferred value
DUNE.EXE,0x801451FC,DAT_801451FC,LIKELY,code_or_pointer,"[""0x8007A658"", ""0x8007A6EC"", ""0x8007A824""]",[],Static LUI/low-pair reference; pointer arithmetic/control flow can invalidate inferred value
DUNE.EXE,0x8014521C,DAT_8014521C,LIKELY,code_or_pointer,"[""0x8007A7D4""]",[],Static LUI/low-pair reference; pointer arithmetic/control flow can invalidate inferred value
DUNE.EXE,0x80145228,DAT_80145228,LIKELY,code_or_pointer,"[""0x8007A8F4"", ""0x8007A908""]","[""0x8007A900""]",Static LUI/low-pair reference; pointer arithmetic/control flow can invalidate inferred value
DUNE.EXE,0x80145258,DAT_80145258,LIKELY,code_or_pointer,"[""0x8007C370""]",[],Static LUI/low-pair reference; pointer arithmetic/control flow can invalidate inferred value
DUNE.EXE,0x80145288,DAT_80145288,LIKELY,code_or_pointer,"[""0x8007C44C""]","[""0x8007C43C""]",Static LUI/low-pair reference; pointer arithmetic/control flow can invalidate inferred value
DUNE.EXE,0x80145418,DAT_80145418,LIKELY,code_or_pointer,"[""0x8007C7F0"", ""0x8007C890""]","[""0x8007C7DC"", ""0x8007C87C""]",Static LUI/low-pair reference; pointer arithmetic/control flow can invalidate inferred value
DUNE.EXE,0x80145424,DAT_80145424,LIKELY,code_or_pointer,"[""0x8007C7C4"", ""0x8007C868""]","[""0x8007C858"", ""0x8007C8A8""]",Static LUI/low-pair reference; pointer arithmetic/control flow can invalidate inferred value
DUNE.EXE,0x80145428,DAT_80145428,LIKELY,code_or_pointer,"[""0x8007C804"", ""0x8007C8B0""]",[],Static LUI/low-pair reference; pointer arithmetic/control flow can invalidate inferred value
DUNE.EXE,0x801456A8,DAT_801456A8,LIKELY,code_or_pointer,"[""0x8007C7E8""]",[],Static LUI/low-pair reference; pointer arithmetic/control flow can invalidate inferred value
DUNE.EXE,0x801456D9,DAT_801456D9,LIKELY,code_or_pointer,"[""0x8007C888""]",[],Static LUI/low-pair reference; pointer arithmetic/control flow can invalidate inferred value
DUNE.EXE,0x80149F40,DAT_80149F40,LIKELY,code_or_pointer,"[""0x8007D6F8""]",[],Static LUI/low-pair reference; pointer arithmetic/control flow can invalidate inferred value
DUNE.EXE,0x80149F80,DAT_80149F80,LIKELY,code_or_pointer,"[""0x8007D730"", ""0x8007D7E8"", ""0x8007D8D0"", ""0x8007D9E8"", ""0x8007DA5C"", ""0x8007DBF8"", ""0x8007DC90"", ""0x8007DCF8"", ""0x8007DD58"", ""0x8007DDF8"", ""0x8007DF54"", ""0x8007DFC4"", ""0x8007DFE4"", ""0x8007E054"", ""0x8007E0F4"", ""0x8007E1CC"", ""0x8007E2AC"", ""0x8007E410"", ""0x8007E6D0"", ""0x8007E6FC"", ""0x8007E77C"", ""0x80080224"", ""0x80080310"", ""0x80080438"", ""0x80080554""]",[],Static LUI/low-pair reference; pointer arithmetic/control flow can invalidate inferred value
DUNE.EXE,0x80149F84,DAT_80149F84,LIKELY,code_or_pointer,"[""0x8007D7D4"", ""0x8007D840"", ""0x8007D8AC"", ""0x8007D954"", ""0x8007D9BC"", ""0x8007DA48"", ""0x8007DB58"", ""0x8007DB7C"", ""0x8007DE6C"", ""0x8007DF40"", ""0x8007E03C"", ""0x8007E0BC"", ""0x8007E188"", ""0x8007E28C"", ""0x800804B0""]",[],Static LUI/low-pair reference; pointer arithmetic/control flow can invalidate inferred value
DUNE.EXE,0x80149F88,DAT_80149F88,LIKELY,code_or_pointer,"[""0x8007D704"", ""0x8007D70C"", ""0x8007F82C""]",[],Static LUI/low-pair reference; pointer arithmetic/control flow can invalidate inferred value
DUNE.EXE,0x80149F89,DAT_80149F89,LIKELY,code_or_pointer,"[""0x8007D880""]",[],Static LUI/low-pair reference; pointer arithmetic/control flow can invalidate inferred value
DUNE.EXE,0x80149F8A,DAT_80149F8A,LIKELY,code_or_pointer,"[""0x8007D7B4"", ""0x8007D81C"", ""0x8007D918"", ""0x8007D930"", ""0x8007D990"", ""0x8007DA20"", ""0x8007DA94"", ""0x8007DE44"", ""0x8007DF0C"", ""0x8007E014"", ""0x8007E08C"", ""0x8007E154"", ""0x8007E260"", ""0x80080488""]",[],Static LUI/low-pair reference; pointer arithmetic/control flow can invalidate inferred value
DUNE.EXE,0x80149F8B,DAT_80149F8B,LIKELY,code_or_pointer,"[""0x8007E390""]",[],Static LUI/low-pair reference; pointer arithmetic/control flow can invalidate inferred value
DUNE.EXE,0x80149F8C,DAT_80149F8C,LIKELY,code_or_pointer,"[""0x8007E960"", ""0x8007E974"", ""0x8007EB58"", ""0x8007EB6C"", ""0x8007ED04"", ""0x8007ED18"", ""0x8007ED9C"", ""0x8007EDB0"", ""0x8007EFE0"", ""0x8007EFF4"", ""0x8007F228"", ""0x8007F230"", ""0x8007F45C"", ""0x8007F464""]",[],Static LUI/low-pair reference; pointer arithmetic/control flow can invalidate inferred value
DUNE.EXE,0x80149F8E,DAT_80149F8E,LIKELY,code_or_pointer,"[""0x8007E998"", ""0x8007E9AC"", ""0x8007EB90"", ""0x8007EBA4"", ""0x8007ED40"", ""0x8007ED54"", ""0x8007EDD8"", ""0x8007EDEC"", ""0x8007F020"", ""0x8007F034"", ""0x8007F264"", ""0x8007F26C"", ""0x8007F498"", ""0x8007F4A0""]",[],Static LUI/low-pair reference; pointer arithmetic/control flow can invalidate inferred value
DUNE.EXE,0x80149F90,DAT_80149F90,LIKELY,code_or_pointer,"[""0x8007FC64""]",[],Static LUI/low-pair reference; pointer arithmetic/control flow can invalidate inferred value
DUNE.EXE,0x80149F94,DAT_80149F94,LIKELY,code_or_pointer,"[""0x8007FB00""]",[],Static LUI/low-pair reference; pointer arithmetic/control flow can invalidate inferred value
DUNE.EXE,0x80149F98,DAT_80149F98,LIKELY,code_or_pointer,"[""0x8007E228""]",[],Static LUI/low-pair reference; pointer arithmetic/control flow can invalidate inferred value
DUNE.EXE,0x80149FF4,DAT_80149FF4,LIKELY,code_or_pointer,"[""0x8007E718"", ""0x8007E754""]",[],Static LUI/low-pair reference; pointer arithmetic/control flow can invalidate inferred value
DUNE.EXE,0x80149FFC,DAT_80149FFC,LIKELY,code_or_pointer,"[""0x8007E434""]",[],Static LUI/low-pair reference; pointer arithmetic/control flow can invalidate inferred value
DUNE.EXE,0x8014A028,DAT_8014A028,LIKELY,code_or_pointer,"[""0x8007DDE4"", ""0x80080440""]",[],Static LUI/low-pair reference; pointer arithmetic/control flow can invalidate inferred value
DUNE.EXE,0x8014A034,DAT_8014A034,LIKELY,code_or_pointer,"[""0x8007DED8"", ""0x8007DF84""]",[],Static LUI/low-pair reference; pointer arithmetic/control flow can invalidate inferred value
DUNE.EXE,0x8014A048,DAT_8014A048,LIKELY,code_or_pointer,"[""0x8007DED0"", ""0x8007DF7C""]",[],Static LUI/low-pair reference; pointer arithmetic/control flow can invalidate inferred value
DUNE.EXE,0x8014A08C,DAT_8014A08C,LIKELY,code_or_pointer,"[""0x8007F334"", ""0x8007F344"", ""0x8007F35C"", ""0x8007F370"", ""0x8007F39C"", ""0x8007F568"", ""0x8007F578"", ""0x8007F588"", ""0x8007F59C"", ""0x8007F614"", ""0x8007F700"", ""0x8007F778"", ""0x800800E0"", ""0x80080124""]",[],Static LUI/low-pair reference; pointer arithmetic/control flow can invalidate inferred value
DUNE.EXE,0x8014A090,DAT_8014A090,LIKELY,code_or_pointer,"[""0x8007EEC0"", ""0x8007F0C8"", ""0x8007F178"", ""0x8007F2D0"", ""0x8007F304"", ""0x8007F324"", ""0x8007F3B8"", ""0x8007F504"", ""0x8007F538"", ""0x8007F558"", ""0x8007F5B0"", ""0x8007F5E4"", ""0x8007F63C"", ""0x8007F6A4"", ""0x8007F6E0"", ""0x8007F720"", ""0x8007F768"", ""0x8007F898"", ""0x8007FB1C"", ""0x8007FD68"", ""0x8007FDC4"", ""0x8007FDD4"", ""0x8007FEA4"", ""0x8007FF18"", ""0x8007FFDC"", ""0x80080080"", ""0x80080090"", ""0x800800D0"", ""0x80080104"", ""0x8008014C"", ""0x800801F4"", ""0x800802E0"", ""0x800803D4"", ""0x80080524""]",[],Static LUI/low-pair reference; pointer arithmetic/control flow can invalidate inferred value
DUNE.EXE,0x8014A094,DAT_8014A094,LIKELY,code_or_pointer,"[""0x8007F3C8"", ""0x8007F64C"", ""0x8007F730"", ""0x8007FFF8""]",[],Static LUI/low-pair reference; pointer arithmetic/control flow can invalidate inferred value
DUNE.EXE,0x8014A098,DAT_8014A098,LIKELY,code_or_pointer,"[""0x8007F3DC"", ""0x8007F660"", ""0x8007F740""]",[],Static LUI/low-pair reference; pointer arithmetic/control flow can invalidate inferred value
DUNE.EXE,0x8014A09C,DAT_8014A09C,LIKELY,code_or_pointer,"[""0x8007F3EC"", ""0x8007F670"", ""0x8007F750"", ""0x8007F868"", ""0x8007FA68"", ""0x8007FAB8"", ""0x8007FBF8"", ""0x8007FC44"", ""0x8007FD38"", ""0x8007FD98"", ""0x8007FE84"", ""0x8007FEF8"", ""0x80080014"", ""0x80080054"", ""0x8008019C"", ""0x800801D4"", ""0x80080288"", ""0x800802C0"", ""0x8008037C"", ""0x800803B4"", ""0x800804CC"", ""0x80080504""]",[],Static LUI/low-pair reference; pointer arithmetic/control flow can invalidate inferred value
DUNE.EXE,0x8014A0A0,DAT_8014A0A0,LIKELY,code_or_pointer,"[""0x8007EF1C""]",[],Static LUI/low-pair reference; pointer arithmetic/control flow can invalidate inferred value
DUNE.EXE,0x8014A0A4,DAT_8014A0A4,LIKELY,code_or_pointer,"[""0x8007EF2C""]",[],Static LUI/low-pair reference; pointer arithmetic/control flow can invalidate inferred value
DUNE.EXE,0x8014A0A8,DAT_8014A0A8,LIKELY,code_or_pointer,"[""0x8007EF04"", ""0x8007EF3C"", ""0x8007EF50"", ""0x8007EF84""]",[],Static LUI/low-pair reference; pointer arithmetic/control flow can invalidate inferred value
DUNE.EXE,0x8014A0AC,DAT_8014A0AC,LIKELY,code_or_pointer,"[""0x8007EEE4"", ""0x8007FD48"", ""0x8007FDA8"", ""0x80080064""]",[],Static LUI/low-pair reference; pointer arithmetic/control flow can invalidate inferred value
DUNE.EXE,0x8014A0B0,DAT_8014A0B0,LIKELY,code_or_pointer,"[""0x8007F804"", ""0x8007F84C"", ""0x8007F928"", ""0x8007F954"", ""0x8007F95C"", ""0x8007F998"", ""0x8007F9BC"", ""0x8007F9E0"", ""0x8007FA04"", ""0x8007FA30"", ""0x8007FA9C"", ""0x8007FAE8"", ""0x8007FBDC"", ""0x8007FC28"", ""0x8007FC98"", ""0x8007FE50"", ""0x8007FECC"", ""0x8007FFF0""]","[""0x8007FA20"", ""0x8007FCFC"", ""0x8008004C""]",Static LUI/low-pair reference; pointer arithmetic/control flow can invalidate inferred value
DUNE.EXE,0x8014A0B4,DAT_8014A0B4,LIKELY,code_or_pointer,"[""0x8007F80C"", ""0x8007F854"", ""0x8007FA38"", ""0x8007FAA4"", ""0x8007FAE0"", ""0x8007FB50"", ""0x8007FB58"", ""0x8007FB84"", ""0x8007FBC0"", ""0x8007FBE4"", ""0x8007FC30"", ""0x8007FCA0"", ""0x8007FCE8"", ""0x8007FE58"", ""0x8007FED4"", ""0x80080000"", ""0x8008003C""]","[""0x8007FBD4"", ""0x8007FCE0"", ""0x80080034""]",Static LUI/low-pair reference; pointer arithmetic/control flow can invalidate inferred value
DUNE.EXE,0x8014A0B8,DAT_8014A0B8,LIKELY,code_or_pointer,"[""0x8007F8C4"", ""0x8007FA0C""]","[""0x8007F834""]",Static LUI/low-pair reference; pointer arithmetic/control flow can invalidate inferred value
DUNE.EXE,0x8014A0BC,DAT_8014A0BC,LIKELY,code_or_pointer,"[""0x8007FC18""]","[""0x8007FAB0""]",Static LUI/low-pair reference; pointer arithmetic/control flow can invalidate inferred value
DUNE.EXE,0x8014A0C0,DAT_8014A0C0,LIKELY,code_or_pointer,"[""0x8007FDE4"", ""0x800800A0""]","[""0x8007FCF0"", ""0x80080044""]",Static LUI/low-pair reference; pointer arithmetic/control flow can invalidate inferred value
DUNE.EXE,0x8014A0C4,DAT_8014A0C4,LIKELY,code_or_pointer,"[""0x8007FF98""]","[""0x8007FF68"", ""0x800801A8"", ""0x80080294"", ""0x80080388"", ""0x800804D8""]",Static LUI/low-pair reference; pointer arithmetic/control flow can invalidate inferred value
DUNE.EXE,0x8014A0C8,DAT_8014A0C8,LIKELY,code_or_pointer,"[""0x8007FFB0""]","[""0x8007FF70"", ""0x800801B0"", ""0x8008029C"", ""0x80080390"", ""0x800804E0""]",Static LUI/low-pair reference; pointer arithmetic/control flow can invalidate inferred value
DUNE.EXE,0x8014A0E0,DAT_8014A0E0,LIKELY,code_or_pointer,"[""0x80081F5C"", ""0x80082030"", ""0x80082064"", ""0x800820B0"", ""0x8008210C"", ""0x8008212C"", ""0x8008216C"", ""0x80082198"", ""0x80082208"", ""0x80082308"", ""0x80082354"", ""0x8008237C"", ""0x800823A0"", ""0x800823D8"", ""0x80082428"", ""0x800824F8"", ""0x80082510"", ""0x8008260C"", ""0x80082668"", ""0x80082684"", ""0x800826E8"", ""0x8008274C"", ""0x800827A4"", ""0x800827FC"", ""0x80082828"", ""0x80082858"", ""0x800828BC"", ""0x800828E0"", ""0x80082904"", ""0x800829B0"", ""0x80082A14"", ""0x80082B60"", ""0x80082C08"", ""0x80082C2C"", ""0x80082C60"", ""0x80082CFC"", ""0x80082D1C"", ""0x80082D54"", ""0x80082E64""]",[],Static LUI/low-pair reference; pointer arithmetic/control flow can invalidate inferred value
DUNE.EXE,0x8014A0E4,DAT_8014A0E4,LIKELY,code_or_pointer,"[""0x80082B7C"", ""0x80082B98"", ""0x80082BB4""]",[],Static LUI/low-pair reference; pointer arithmetic/control flow can invalidate inferred value
DUNE.EXE,0x8014A0E8,DAT_8014A0E8,LIKELY,code_or_pointer,"[""0x80082DA0"", ""0x80082E90""]",[],Static LUI/low-pair reference; pointer arithmetic/control flow can invalidate inferred value
DUNE.EXE,0x8014A0F8,DAT_8014A0F8,LIKELY,code_or_pointer,"[""0x80082970"", ""0x800829EC"", ""0x80082DCC"", ""0x80082E50""]",[],Static LUI/low-pair reference; pointer arithmetic/control flow can invalidate inferred value
DUNE.EXE,0x8014A118,DAT_8014A118,LIKELY,code_or_pointer,"[""0x80081EB4""]",[],Static LUI/low-pair reference; pointer arithmetic/control flow can invalidate inferred value
DUNE.EXE,0x8014A170,DAT_8014A170,LIKELY,code_or_pointer,"[""0x8008377C"", ""0x80083CFC"", ""0x80083D34"", ""0x8008548C""]","[""0x80085514""]",Static LUI/low-pair reference; pointer arithmetic/control flow can invalidate inferred value
DUNE.EXE,0x8014A174,DAT_8014A174,LIKELY,code_or_pointer,"[""0x80083548"", ""0x800835A0"", ""0x80083894"", ""0x800838B0"", ""0x8008452C"", ""0x80084DD0"", ""0x80085BF0"", ""0x80085CF4"", ""0x80085DE0"", ""0x80085E48"", ""0x80085F90""]","[""0x80085524""]",Static LUI/low-pair reference; pointer arithmetic/control flow can invalidate inferred value
DUNE.EXE,0x8014A178,DAT_8014A178,LIKELY,code_or_pointer,"[""0x800850E0"", ""0x800851D0"", ""0x80085354"", ""0x800853E4""]","[""0x80085534""]",Static LUI/low-pair reference; pointer arithmetic/control flow can invalidate inferred value
DUNE.EXE,0x8014A17C,DAT_8014A17C,LIKELY,code_or_pointer,"[""0x800850C4"", ""0x80085164"", ""0x800851B8""]","[""0x80085544""]",Static LUI/low-pair reference; pointer arithmetic/control flow can invalidate inferred value
DUNE.EXE,0x8014A180,DAT_8014A180,LIKELY,code_or_pointer,[],"[""0x80085554""]",Static LUI/low-pair reference; pointer arithmetic/control flow can invalidate inferred value
DUNE.EXE,0x8014A184,DAT_8014A184,LIKELY,code_or_pointer,"[""0x800830C0"", ""0x8008318C"", ""0x80083284"", ""0x80083358"", ""0x80083400"", ""0x80083438"", ""0x80083480""]","[""0x80085564""]",Static LUI/low-pair reference; pointer arithmetic/control flow can invalidate inferred value
DUNE.EXE,0x8014A188,DAT_8014A188,LIKELY,code_or_pointer,"[""0x80084EAC"", ""0x80084F64"", ""0x80084F7C"", ""0x80084FE4"", ""0x80084FFC""]","[""0x80085B6C""]",Static LUI/low-pair reference; pointer arithmetic/control flow can invalidate inferred value
DUNE.EXE,0x8014A18C,DAT_8014A18C,LIKELY,code_or_pointer,"[""0x80084618"", ""0x80084B70"", ""0x80084CCC""]","[""0x80085B7C""]",Static LUI/low-pair reference; pointer arithmetic/control flow can invalidate inferred value
DUNE.EXE,0x8014A190,DAT_8014A190,LIKELY,code_or_pointer,"[""0x80083A04"", ""0x80083A68"", ""0x80085298"", ""0x800852F4"", ""0x80085320""]","[""0x80085B90""]",Static LUI/low-pair reference; pointer arithmetic/control flow can invalidate inferred value
DUNE.EXE,0x8014A194,DAT_8014A194,LIKELY,code_or_pointer,"[""0x80083A7C"", ""0x80085334""]","[""0x80085580""]",Static LUI/low-pair reference; pointer arithmetic/control flow can invalidate inferred value
DUNE.EXE,0x8014A198,DAT_8014A198,LIKELY,code_or_pointer,"[""0x80083650""]",[],Static LUI/low-pair reference; pointer arithmetic/control flow can invalidate inferred value
DUNE.EXE,0x8014A19C,DAT_8014A19C,LIKELY,code_or_pointer,"[""0x80084F38""]",[],Static LUI/low-pair reference; pointer arithmetic/control flow can invalidate inferred value
DUNE.EXE,0x8014A1A0,DAT_8014A1A0,LIKELY,code_or_pointer,"[""0x80084F24""]",[],Static LUI/low-pair reference; pointer arithmetic/control flow can invalidate inferred value
DUNE.EXE,0x8014A1A4,DAT_8014A1A4,LIKELY,code_or_pointer,"[""0x80083098"", ""0x80083540"", ""0x80083598"", ""0x80083750"", ""0x800837BC"", ""0x8008388C"", ""0x800838A8"", ""0x80085278"", ""0x80085310""]","[""0x80085578""]",Static LUI/low-pair reference; pointer arithmetic/control flow can invalidate inferred value
DUNE.EXE,0x8014A1A8,DAT_8014A1A8,LIKELY,code_or_pointer,"[""0x80083718""]","[""0x80083510"", ""0x800835C8"", ""0x80083834"", ""0x800838D8"", ""0x800854EC"", ""0x80085614""]",Static LUI/low-pair reference; pointer arithmetic/control flow can invalidate inferred value
DUNE.EXE,0x8014A1AC,DAT_8014A1AC,LIKELY,code_or_pointer,"[""0x80084F10""]",[],Static LUI/low-pair reference; pointer arithmetic/control flow can invalidate inferred value
DUNE.EXE,0x8014A1B0,DAT_8014A1B0,LIKELY,code_or_pointer,"[""0x80083790"", ""0x800837D0"", ""0x80083988"", ""0x800839D0"", ""0x80083A18"", ""0x80083A3C"", ""0x80084EEC"", ""0x80085220"", ""0x800856CC"", ""0x80085718""]","[""0x80083764"", ""0x80085738""]",Static LUI/low-pair reference; pointer arithmetic/control flow can invalidate inferred value
DUNE.EXE,0x8014A1B4,DAT_8014A1B4,LIKELY,code_or_pointer,"[""0x80083C74"", ""0x80083CB0"", ""0x80083D10"", ""0x80084108"", ""0x80084144""]","[""0x8008375C"", ""0x80083D2C"", ""0x80085720""]",Static LUI/low-pair reference; pointer arithmetic/control flow can invalidate inferred value
DUNE.EXE,0x8014A1B8,DAT_8014A1B8,LIKELY,code_or_pointer,"[""0x80085948"", ""0x80085A48"", ""0x80085A6C""]","[""0x800837A0"", ""0x80085968"", ""0x80085A80""]",Static LUI/low-pair reference; pointer arithmetic/control flow can invalidate inferred value
DUNE.EXE,0x8014A1BC,DAT_8014A1BC,LIKELY,code_or_pointer,"[""0x80083074"", ""0x80085020"", ""0x8008507C""]","[""0x800854F4""]",Static LUI/low-pair reference; pointer arithmetic/control flow can invalidate inferred value
DUNE.EXE,0x8014A1C0,DAT_8014A1C0,LIKELY,code_or_pointer,"[""0x800834DC"", ""0x800836AC"", ""0x8008372C"", ""0x80084EF4""]","[""0x8008352C"", ""0x80083564""]",Static LUI/low-pair reference; pointer arithmetic/control flow can invalidate inferred value
DUNE.EXE,0x8014A1C4,DAT_8014A1C4,LIKELY,code_or_pointer,"[""0x800834D4"", ""0x800836E4"", ""0x80083734"", ""0x80083798"", ""0x800837D8"", ""0x8008572C""]","[""0x80083584"", ""0x800835BC""]",Static LUI/low-pair reference; pointer arithmetic/control flow can invalidate inferred value
DUNE.EXE,0x8014A1C8,DAT_8014A1C8,LIKELY,code_or_pointer,"[""0x800839BC"", ""0x80083A44"", ""0x80085240"", ""0x800856BC""]",[],Static LUI/low-pair reference; pointer arithmetic/control flow can invalidate inferred value
DUNE.EXE,0x8014A1D0,DAT_8014A1D0,LIKELY,code_or_pointer,"[""0x80083618"", ""0x80083860"", ""0x80083B40"", ""0x80083BBC"", ""0x80083C20"", ""0x80083E88"", ""0x80083EBC"", ""0x80083EF8"", ""0x80084024"", ""0x80084160"", ""0x800841E4""]",[],Static LUI/low-pair reference; pointer arithmetic/control flow can invalidate inferred value
DUNE.EXE,0x8014A1D4,DAT_8014A1D4,LIKELY,code_or_pointer,"[""0x80083680"", ""0x800837F0"", ""0x80083940"", ""0x80083990"", ""0x80083A90"", ""0x80083AE4"", ""0x80083B10"", ""0x80083B60"", ""0x80083B8C"", ""0x80083BDC"", ""0x80083C08"", ""0x80083D7C"", ""0x80083DA4"", ""0x80083DE8"", ""0x80083E3C"", ""0x80083E80"", ""0x80083EDC"", ""0x80083F00"", ""0x80083FBC"", ""0x80083FE4"", ""0x80084134"", ""0x80084168"", ""0x800841EC"", ""0x80084224"", ""0x80084244"", ""0x80084270""]",[],Static LUI/low-pair reference; pointer arithmetic/control flow can invalidate inferred value
DUNE.EXE,0x8014A1D8,DAT_8014A1D8,LIKELY,code_or_pointer,"[""0x80083810""]","[""0x800836BC"", ""0x8008381C""]",Static LUI/low-pair reference; pointer arithmetic/control flow can invalidate inferred value
DUNE.EXE,0x8014A1E8,DAT_8014A1E8,LIKELY,code_or_pointer,"[""0x80085190"", ""0x80085228"", ""0x8008539C"", ""0x800853C0"", ""0x80085440""]","[""0x80085040"", ""0x80085054"", ""0x800851A4"", ""0x800853AC"", ""0x800853D4"", ""0x80085454""]",Static LUI/low-pair reference; pointer arithmetic/control flow can invalidate inferred value
DUNE.EXE,0x8014A1EC,DAT_8014A1EC,LIKELY,code_or_pointer,"[""0x8008540C"", ""0x80085474""]",[],Static LUI/low-pair reference; pointer arithmetic/control flow can invalidate inferred value
DUNE.EXE,0x8014A1F0,DAT_8014A1F0,LIKELY,code_or_pointer,"[""0x80084F4C"", ""0x80084FC4""]","[""0x80084ECC""]",Static LUI/low-pair reference; pointer arithmetic/control flow can invalidate inferred value
DUNE.EXE,0x8014A1F4,DAT_8014A1F4,LIKELY,code_or_pointer,"[""0x800850D8"", ""0x80085134"", ""0x80085178""]","[""0x800850BC""]",Static LUI/low-pair reference; pointer arithmetic/control flow can invalidate inferred value
DUNE.EXE,0x8014A218,DAT_8014A218,LIKELY,code_or_pointer,"[""0x80085710""]",[],Static LUI/low-pair reference; pointer arithmetic/control flow can invalidate inferred value
DUNE.EXE,0x8014A230,DAT_8014A230,LIKELY,code_or_pointer,"[""0x80087854"", ""0x80087874""]","[""0x8008623C""]",Static LUI/low-pair reference; pointer arithmetic/control flow can invalidate inferred value
DUNE.EXE,0x8014A234,DAT_8014A234,LIKELY,code_or_pointer,"[""0x80087568"", ""0x80087640"", ""0x800876B4""]","[""0x800861BC"", ""0x80087650""]",Static LUI/low-pair reference; pointer arithmetic/control flow can invalidate inferred value
DUNE.EXE,0x8014A238,DAT_8014A238,LIKELY,code_or_pointer,"[""0x80087814""]","[""0x800861AC"", ""0x80087800""]",Static LUI/low-pair reference; pointer arithmetic/control flow can invalidate inferred value
DUNE.EXE,0x8014A23C,DAT_8014A23C,LIKELY,code_or_pointer,[],"[""0x80086160""]",Static LUI/low-pair reference; pointer arithmetic/control flow can invalidate inferred value
DUNE.EXE,0x8014A240,DAT_8014A240,LIKELY,code_or_pointer,"[""0x80086E54""]","[""0x80086168""]",Static LUI/low-pair reference; pointer arithmetic/control flow can invalidate inferred value
DUNE.EXE,0x8014A244,DAT_8014A244,LIKELY,code_or_pointer,"[""0x80086E90""]","[""0x80086184""]",Static LUI/low-pair reference; pointer arithmetic/control flow can invalidate inferred value
DUNE.EXE,0x8014A24C,DAT_8014A24C,LIKELY,code_or_pointer,"[""0x80086150""]",[],Static LUI/low-pair reference; pointer arithmetic/control flow can invalidate inferred value
DUNE.EXE,0x8014A25C,DAT_8014A25C,LIKELY,code_or_pointer,"[""0x80087504"", ""0x800875C8""]","[""0x800861CC"", ""0x80087514"", ""0x800875D8""]",Static LUI/low-pair reference; pointer arithmetic/control flow can invalidate inferred value
DUNE.EXE,0x8014A260,DAT_8014A260,LIKELY,code_or_pointer,"[""0x800874EC"", ""0x800875B0""]","[""0x800861C4"", ""0x800874FC"", ""0x800875C0""]",Static LUI/low-pair reference; pointer arithmetic/control flow can invalidate inferred value
DUNE.EXE,0x8014A264,DAT_8014A264,LIKELY,code_or_pointer,"[""0x80087C80""]",[],Static LUI/low-pair reference; pointer arithmetic/control flow can invalidate inferred value
DUNE.EXE,0x8014A292,DAT_8014A292,LIKELY,code_or_pointer,"[""0x8008612C""]",[],Static LUI/low-pair reference; pointer arithmetic/control flow can invalidate inferred value
DUNE.EXE,0x8014A294,DAT_8014A294,LIKELY,code_or_pointer,"[""0x800874C4"", ""0x80087588""]","[""0x800861D4""]",Static LUI/low-pair reference; pointer arithmetic/control flow can invalidate inferred value
DUNE.EXE,0x8014A298,DAT_8014A298,LIKELY,code_or_pointer,"[""0x800861EC""]","[""0x80086208""]",Static LUI/low-pair reference; pointer arithmetic/control flow can invalidate inferred value
DUNE.EXE,0x8014A2A8,DAT_8014A2A8,LIKELY,code_or_pointer,"[""0x800862B0"", ""0x800862E0"", ""0x80086334"", ""0x80086390"", ""0x800863E0"", ""0x80086428"", ""0x80086460"", ""0x80086490"", ""0x800864C4"", ""0x80086504"", ""0x80086560"", ""0x80086584"", ""0x800865A8"", ""0x800865F4"", ""0x8008662C"", ""0x80086688"", ""0x800866E0"", ""0x80086780"", ""0x800867A8"", ""0x80086894"", ""0x800868B4"", ""0x800868F8"", ""0x80086920"", ""0x80086964"", ""0x800869A0"", ""0x80086B98"", ""0x80086BB0"", ""0x80086C5C"", ""0x80086C78"", ""0x80087570"", ""0x8008762C"", ""0x800876AC"", ""0x80087998"", ""0x80087A58"", ""0x80087A78"", ""0x80087A9C"", ""0x80087AC0"", ""0x80087AE4"", ""0x80087B18"", ""0x80087B30"", ""0x80087B6C"", ""0x80087B84"", ""0x80087BC0"", ""0x80087BD8"", ""0x80087C14"", ""0x80087C2C"", ""0x80087CBC"", ""0x80087D18"", ""0x80087DF4"", ""0x80087ED4"", ""0x80087F40"", ""0x80087F6C"", ""0x80087FD0"", ""0x80088024"", ""0x800880D4"", ""0x80088158"", ""0x800881A4""]",[],Static LUI/low-pair reference; pointer arithmetic/control flow can invalidate inferred value
DUNE.EXE,0x8014A2AC,DAT_8014A2AC,LIKELY,code_or_pointer,"[""0x800867DC"", ""0x80086A20""]",[],Static LUI/low-pair reference; pointer arithmetic/control flow can invalidate inferred value
DUNE.EXE,0x8014A2B0,DAT_8014A2B0,LIKELY,code_or_pointer,"[""0x800867EC"", ""0x80086A54""]",[],Static LUI/low-pair reference; pointer arithmetic/control flow can invalidate inferred value
DUNE.EXE,0x8014A2B4,DAT_8014A2B4,LIKELY,code_or_pointer,"[""0x800867FC"", ""0x80086A84""]",[],Static LUI/low-pair reference; pointer arithmetic/control flow can invalidate inferred value
DUNE.EXE,0x8014A2B8,DAT_8014A2B8,LIKELY,code_or_pointer,"[""0x80086290"", ""0x80086CB4"", ""0x80086CD4"", ""0x80086CEC""]",[],Static LUI/low-pair reference; pointer arithmetic/control flow can invalidate inferred value
DUNE.EXE,0x8014A2BC,DAT_8014A2BC,LIKELY,code_or_pointer,"[""0x80086D0C"", ""0x80086D34""]",[],Static LUI/low-pair reference; pointer arithmetic/control flow can invalidate inferred value
DUNE.EXE,0x8014A2C0,DAT_8014A2C0,LIKELY,code_or_pointer,"[""0x8008650C"", ""0x800868BC"", ""0x80086928"", ""0x80086ACC"", ""0x80086B40"", ""0x800877B4""]","[""0x800862C8"", ""0x800863EC"", ""0x800868A0"", ""0x800877AC""]",Static LUI/low-pair reference; pointer arithmetic/control flow can invalidate inferred value
DUNE.EXE,0x8014A2C4,DAT_8014A2C4,LIKELY,code_or_pointer,"[""0x80086AA8""]","[""0x800861B4"", ""0x800862B8"", ""0x8008780C""]",Static LUI/low-pair reference; pointer arithmetic/control flow can invalidate inferred value
DUNE.EXE,0x8014A2C8,DAT_8014A2C8,LIKELY,code_or_pointer,[],"[""0x800862C0""]",Static LUI/low-pair reference; pointer arithmetic/control flow can invalidate inferred value
DUNE.EXE,0x8014A2CC,DAT_8014A2CC,LIKELY,code_or_pointer,"[""0x80086BD4""]","[""0x80086364""]",Static LUI/low-pair reference; pointer arithmetic/control flow can invalidate inferred value
DUNE.EXE,0x8014A2D0,DAT_8014A2D0,LIKELY,code_or_pointer,"[""0x8008688C"", ""0x80086AD4"", ""0x80086B48"", ""0x80086BB8"", ""0x80086C24"", ""0x80086C98"", ""0x80086E08"", ""0x80086E98"", ""0x80086EC8"", ""0x800877BC""]","[""0x80086370""]",Static LUI/low-pair reference; pointer arithmetic/control flow can invalidate inferred value
DUNE.EXE,0x8014A2D4,DAT_8014A2D4,LIKELY,code_or_pointer,"[""0x80086BE8""]","[""0x8008637C""]",Static LUI/low-pair reference; pointer arithmetic/control flow can invalidate inferred value
DUNE.EXE,0x8014A2D8,DAT_8014A2D8,LIKELY,code_or_pointer,"[""0x80086C10"", ""0x80086EA8""]","[""0x80086388""]",Static LUI/low-pair reference; pointer arithmetic/control flow can invalidate inferred value
DUNE.EXE,0x8014A2DC,DAT_8014A2DC,LIKELY,code_or_pointer,"[""0x80087838""]","[""0x800864D0"", ""0x80087768"", ""0x8008789C""]",Static LUI/low-pair reference; pointer arithmetic/control flow can invalidate inferred value
DUNE.EXE,0x8014A2E0,DAT_8014A2E0,LIKELY,code_or_pointer,"[""0x80086734"", ""0x80086748"", ""0x80087754""]","[""0x800864E0""]",Static LUI/low-pair reference; pointer arithmetic/control flow can invalidate inferred value
DUNE.EXE,0x8014A2E4,DAT_8014A2E4,LIKELY,code_or_pointer,[],"[""0x800864E8""]",Static LUI/low-pair reference; pointer arithmetic/control flow can invalidate inferred value
DUNE.EXE,0x8014A2E8,DAT_8014A2E8,LIKELY,code_or_pointer,"[""0x800863D8""]",[],Static LUI/low-pair reference; pointer arithmetic/control flow can invalidate inferred value
DUNE.EXE,0x8014A2F8,DAT_8014A2F8,LIKELY,code_or_pointer,"[""0x800866C4"", ""0x80086988"", ""0x800869E0"", ""0x80086A68""]","[""0x80086808"", ""0x800868C8"", ""0x80086934""]",Static LUI/low-pair reference; pointer arithmetic/control flow can invalidate inferred value
DUNE.EXE,0x8014A2FC,DAT_8014A2FC,LIKELY,code_or_pointer,"[""0x80086A34""]","[""0x80086A14""]",Static LUI/low-pair reference; pointer arithmetic/control flow can invalidate inferred value
DUNE.EXE,0x8014A300,DAT_8014A300,LIKELY,code_or_pointer,"[""0x80086A4C""]","[""0x80086A40""]",Static LUI/low-pair reference; pointer arithmetic/control flow can invalidate inferred value
DUNE.EXE,0x8014A308,DAT_8014A308,LIKELY,code_or_pointer,"[""0x80086F04"", ""0x80086FB0"", ""0x8008706C"", ""0x80087428""]","[""0x80086194"", ""0x80086E2C""]",Static LUI/low-pair reference; pointer arithmetic/control flow can invalidate inferred value
DUNE.EXE,0x8014A30C,DAT_8014A30C,LIKELY,code_or_pointer,"[""0x80087064"", ""0x80087124"", ""0x800871F4"", ""0x80087244"", ""0x80087298"", ""0x800872F8"", ""0x80087310"", ""0x8008737C"", ""0x80087394"", ""0x800873E0""]","[""0x8008619C"", ""0x80086E24"", ""0x8008701C"", ""0x800870AC"", ""0x8008736C"", ""0x800873F4""]",Static LUI/low-pair reference; pointer arithmetic/control flow can invalidate inferred value
DUNE.EXE,0x8014A310,DAT_8014A310,LIKELY,code_or_pointer,"[""0x80086ED0"", ""0x80086F28"", ""0x80086F8C"", ""0x80087034"", ""0x800870C0"", ""0x800870E8"", ""0x8008714C"", ""0x80087214"", ""0x80087260"", ""0x8008732C"", ""0x800873BC"", ""0x8008744C""]","[""0x800861A4"", ""0x80086E1C""]",Static LUI/low-pair reference; pointer arithmetic/control flow can invalidate inferred value
DUNE.EXE,0x8014A32E,DAT_8014A32E,LIKELY,code_or_pointer,"[""0x8008837C""]",[],Static LUI/low-pair reference; pointer arithmetic/control flow can invalidate inferred value
DUNE.EXE,0x8014A42E,DAT_8014A42E,LIKELY,code_or_pointer,"[""0x800883E0""]",[],Static LUI/low-pair reference; pointer arithmetic/control flow can invalidate inferred value
DUNE.EXE,0x8014A438,DAT_8014A438,LIKELY,code_or_pointer,"[""0x80086158""]",[],Static LUI/low-pair reference; pointer arithmetic/control flow can invalidate inferred value
DUNE.EXE,0x8014FFF8,DAT_8014FFF8,LIKELY,code_or_pointer,"[""0x8007DE0C"", ""0x80080464""]",[],Static LUI/low-pair reference; pointer arithmetic/control flow can invalidate inferred value
DUNE.EXE,0x80150000,DAT_80150000,LIKELY,code_or_pointer,"[""0x8007D828"", ""0x8007D890"", ""0x8007D93C"", ""0x8007D99C"", ""0x8007DA9C"", ""0x8007E09C"", ""0x8007E164"", ""0x8007E26C"", ""0x8007E438"", ""0x8007FC68"", ""0x8007FFB4"", ""0x80083C7C""]","[""0x8007D82C"", ""0x8007DE04"", ""0x8007DEE8"", ""0x8007DF94"", ""0x8007FFC4"", ""0x80080448"", ""0x80083C9C"", ""0x8008616C""]",Static LUI/low-pair reference; pointer arithmetic/control flow can invalidate inferred value
DUNE.EXE,0x80150001,DAT_80150001,LIKELY,code_or_pointer,"[""0x8007D88C"", ""0x8007F838""]",[],Static LUI/low-pair reference; pointer arithmetic/control flow can invalidate inferred value
DUNE.EXE,0x80150004,DAT_80150004,LIKELY,code_or_pointer,[],"[""0x8007DE00"", ""0x80080444"", ""0x80086170""]",Static LUI/low-pair reference; pointer arithmetic/control flow can invalidate inferred value
DUNE.EXE,0x80150006,DAT_80150006,LIKELY,code_or_pointer,[],"[""0x80086174""]",Static LUI/low-pair reference; pointer arithmetic/control flow can invalidate inferred value
DUNE.EXE,0x80150008,DAT_80150008,LIKELY,code_or_pointer,[],"[""0x8007DE10"", ""0x8007F844"", ""0x80080454"", ""0x80086178""]",Static LUI/low-pair reference; pointer arithmetic/control flow can invalidate inferred value
DUNE.EXE,0x8015000C,DAT_8015000C,LIKELY,code_or_pointer,[],"[""0x8008617C""]",Static LUI/low-pair reference; pointer arithmetic/control flow can invalidate inferred value
DUNE.EXE,0x80170002,DAT_80170002,LIKELY,code_or_pointer,"[""0x8005B2A4""]",[],Static LUI/low-pair reference; pointer arithmetic/control flow can invalidate inferred value
DUNE.EXE,0x80170003,DAT_80170003,LIKELY,code_or_pointer,"[""0x8005B2A8""]",[],Static LUI/low-pair reference; pointer arithmetic/control flow can invalidate inferred value
DUNE.EXE,0x80170004,DAT_80170004,LIKELY,code_or_pointer,"[""0x8005B8CC"", ""0x8005C7D8""]","[""0x8005B2D8""]",Static LUI/low-pair reference; pointer arithmetic/control flow can invalidate inferred value
DUNE.EXE,0x80170005,DAT_80170005,LIKELY,code_or_pointer,"[""0x8005B8D0"", ""0x8005C7DC""]",[],Static LUI/low-pair reference; pointer arithmetic/control flow can invalidate inferred value
DUNE.EXE,0x80170006,DAT_80170006,LIKELY,code_or_pointer,"[""0x8005B8BC"", ""0x8005C7D4"", ""0x8005D338""]",[],Static LUI/low-pair reference; pointer arithmetic/control flow can invalidate inferred value
DUNE.EXE,0x80170007,DAT_80170007,LIKELY,code_or_pointer,"[""0x8005B8D4"", ""0x8005C7EC"", ""0x8005D34C""]",[],Static LUI/low-pair reference; pointer arithmetic/control flow can invalidate inferred value
DUNE.EXE,0x80170008,DAT_80170008,LIKELY,code_or_pointer,[],"[""0x8005B2DC""]",Static LUI/low-pair reference; pointer arithmetic/control flow can invalidate inferred value
DUNE.EXE,0x8017000C,DAT_8017000C,LIKELY,code_or_pointer,[],"[""0x8005B2E0""]",Static LUI/low-pair reference; pointer arithmetic/control flow can invalidate inferred value
DUNE.EXE,0x80170022,DAT_80170022,LIKELY,code_or_pointer,"[""0x8005AC60""]",[],Static LUI/low-pair reference; pointer arithmetic/control flow can invalidate inferred value
DUNE.EXE,0x80173E58,DAT_80173E58,LIKELY,code_or_pointer,"[""0x8001FC30""]",[],Static LUI/low-pair reference; pointer arithmetic/control flow can invalidate inferred value
DUNE.EXE,0x801747E0,DAT_801747E0,LIKELY,code_or_pointer,"[""0x80022270""]",[],Static LUI/low-pair reference; pointer arithmetic/control flow can invalidate inferred value
DUNE.EXE,0x801748B8,DAT_801748B8,LIKELY,code_or_pointer,"[""0x8002F150"", ""0x800307F0""]",[],Static LUI/low-pair reference; pointer arithmetic/control flow can invalidate inferred value
DUNE.EXE,0x80174ADC,DAT_80174ADC,LIKELY,code_or_pointer,"[""0x8003EBF8""]",[],Static LUI/low-pair reference; pointer arithmetic/control flow can invalidate inferred value
DUNE.EXE,0x80174AF8,DAT_80174AF8,LIKELY,code_or_pointer,"[""0x8003EE30""]",[],Static LUI/low-pair reference; pointer arithmetic/control flow can invalidate inferred value
DUNE.EXE,0x80174B10,DAT_80174B10,LIKELY,code_or_pointer,"[""0x8003F254""]",[],Static LUI/low-pair reference; pointer arithmetic/control flow can invalidate inferred value
DUNE.EXE,0x80174B30,DAT_80174B30,LIKELY,code_or_pointer,"[""0x8003F5FC""]",[],Static LUI/low-pair reference; pointer arithmetic/control flow can invalidate inferred value
DUNE.EXE,0x80174B54,DAT_80174B54,LIKELY,code_or_pointer,"[""0x8003FC70""]",[],Static LUI/low-pair reference; pointer arithmetic/control flow can invalidate inferred value
DUNE.EXE,0x80174B78,DAT_80174B78,LIKELY,code_or_pointer,"[""0x800400B4""]",[],Static LUI/low-pair reference; pointer arithmetic/control flow can invalidate inferred value
DUNE.EXE,0x80174B88,DAT_80174B88,LIKELY,code_or_pointer,"[""0x800400C0""]",[],Static LUI/low-pair reference; pointer arithmetic/control flow can invalidate inferred value
DUNE.EXE,0x80174B9C,DAT_80174B9C,LIKELY,code_or_pointer,"[""0x800401C8""]",[],Static LUI/low-pair reference; pointer arithmetic/control flow can invalidate inferred value
DUNE.EXE,0x80174BC4,DAT_80174BC4,LIKELY,code_or_pointer,"[""0x80040768""]",[],Static LUI/low-pair reference; pointer arithmetic/control flow can invalidate inferred value
DUNE.EXE,0x80174BD4,DAT_80174BD4,LIKELY,code_or_pointer,"[""0x800407AC""]",[],Static LUI/low-pair reference; pointer arithmetic/control flow can invalidate inferred value
DUNE.EXE,0x80174BF0,DAT_80174BF0,LIKELY,code_or_pointer,"[""0x800408A4""]",[],Static LUI/low-pair reference; pointer arithmetic/control flow can invalidate inferred value
DUNE.EXE,0x80174BFC,DAT_80174BFC,LIKELY,code_or_pointer,"[""0x800408D4""]",[],Static LUI/low-pair reference; pointer arithmetic/control flow can invalidate inferred value
DUNE.EXE,0x80174C08,DAT_80174C08,LIKELY,code_or_pointer,"[""0x80040C18""]",[],Static LUI/low-pair reference; pointer arithmetic/control flow can invalidate inferred value
DUNE.EXE,0x80174CE4,DAT_80174CE4,LIKELY,code_or_pointer,"[""0x8004D4A8""]",[],Static LUI/low-pair reference; pointer arithmetic/control flow can invalidate inferred value
DUNE.EXE,0x80174CF8,DAT_80174CF8,LIKELY,code_or_pointer,"[""0x8004E7B4"", ""0x8004E8F8"", ""0x8004E9C0""]",[],Static LUI/low-pair reference; pointer arithmetic/control flow can invalidate inferred value
DUNE.EXE,0x80174D04,DAT_80174D04,LIKELY,code_or_pointer,"[""0x8004FA3C""]",[],Static LUI/low-pair reference; pointer arithmetic/control flow can invalidate inferred value
DUNE.EXE,0x80174D40,DAT_80174D40,LIKELY,code_or_pointer,"[""0x8004FB34""]",[],Static LUI/low-pair reference; pointer arithmetic/control flow can invalidate inferred value
DUNE.EXE,0x80174D74,DAT_80174D74,LIKELY,code_or_pointer,"[""0x8004FB7C""]",[],Static LUI/low-pair reference; pointer arithmetic/control flow can invalidate inferred value
DUNE.EXE,0x80174DA4,DAT_80174DA4,LIKELY,code_or_pointer,"[""0x8004FBD8""]",[],Static LUI/low-pair reference; pointer arithmetic/control flow can invalidate inferred value
DUNE.EXE,0x80174DD4,DAT_80174DD4,LIKELY,code_or_pointer,"[""0x8004FC1C""]",[],Static LUI/low-pair reference; pointer arithmetic/control flow can invalidate inferred value
DUNE.EXE,0x80174DFC,DAT_80174DFC,LIKELY,code_or_pointer,"[""0x8004FC50""]",[],Static LUI/low-pair reference; pointer arithmetic/control flow can invalidate inferred value
DUNE.EXE,0x80174E18,DAT_80174E18,LIKELY,code_or_pointer,"[""0x8004BEE0""]",[],Static LUI/low-pair reference; pointer arithmetic/control flow can invalidate inferred value
DUNE.EXE,0x80174F14,DAT_80174F14,LIKELY,code_or_pointer,"[""0x8005119C""]",[],Static LUI/low-pair reference; pointer arithmetic/control flow can invalidate inferred value
DUNE.EXE,0x80174F24,DAT_80174F24,LIKELY,code_or_pointer,"[""0x80051C1C""]",[],Static LUI/low-pair reference; pointer arithmetic/control flow can invalidate inferred value
DUNE.EXE,0x80174F34,DAT_80174F34,LIKELY,code_or_pointer,"[""0x80051C30""]",[],Static LUI/low-pair reference; pointer arithmetic/control flow can invalidate inferred value
DUNE.EXE,0x80174F40,DAT_80174F40,LIKELY,code_or_pointer,"[""0x80051D9C""]",[],Static LUI/low-pair reference; pointer arithmetic/control flow can invalidate inferred value
DUNE.EXE,0x80175004,DAT_80175004,LIKELY,code_or_pointer,"[""0x80052CA0""]",[],Static LUI/low-pair reference; pointer arithmetic/control flow can invalidate inferred value
DUNE.EXE,0x80175010,DAT_80175010,LIKELY,code_or_pointer,"[""0x80052CCC""]",[],Static LUI/low-pair reference; pointer arithmetic/control flow can invalidate inferred value
DUNE.EXE,0x80175098,DAT_80175098,LIKELY,code_or_pointer,"[""0x80055154""]",[],Static LUI/low-pair reference; pointer arithmetic/control flow can invalidate inferred value
DUNE.EXE,0x80175384,DAT_80175384,LIKELY,code_or_pointer,"[""0x8005A6EC"", ""0x8005A774"", ""0x8005A7FC""]",[],Static LUI/low-pair reference; pointer arithmetic/control flow can invalidate inferred value
DUNE.EXE,0x801753BC,DAT_801753BC,LIKELY,code_or_pointer,"[""0x8005A86C""]",[],Static LUI/low-pair reference; pointer arithmetic/control flow can invalidate inferred value
DUNE.EXE,0x801753E4,DAT_801753E4,LIKELY,code_or_pointer,"[""0x80062954""]",[],Static LUI/low-pair reference; pointer arithmetic/control flow can invalidate inferred value
DUNE.EXE,0x801753F0,DAT_801753F0,LIKELY,code_or_pointer,"[""0x80063784""]",[],Static LUI/low-pair reference; pointer arithmetic/control flow can invalidate inferred value
DUNE.EXE,0x801753FC,DAT_801753FC,LIKELY,code_or_pointer,"[""0x800638B0""]",[],Static LUI/low-pair reference; pointer arithmetic/control flow can invalidate inferred value
DUNE.EXE,0x80175448,DAT_80175448,LIKELY,code_or_pointer,"[""0x800644F8""]",[],Static LUI/low-pair reference; pointer arithmetic/control flow can invalidate inferred value
DUNE.EXE,0x80175454,DAT_80175454,LIKELY,code_or_pointer,"[""0x80064544""]",[],Static LUI/low-pair reference; pointer arithmetic/control flow can invalidate inferred value
DUNE.EXE,0x80175470,DAT_80175470,LIKELY,code_or_pointer,"[""0x800645A8""]",[],Static LUI/low-pair reference; pointer arithmetic/control flow can invalidate inferred value
DUNE.EXE,0x80175488,DAT_80175488,LIKELY,code_or_pointer,"[""0x80064618""]",[],Static LUI/low-pair reference; pointer arithmetic/control flow can invalidate inferred value
DUNE.EXE,0x80175494,DAT_80175494,LIKELY,code_or_pointer,"[""0x8006790C""]",[],Static LUI/low-pair reference; pointer arithmetic/control flow can invalidate inferred value
DUNE.EXE,0x801754AC,DAT_801754AC,LIKELY,code_or_pointer,"[""0x80067A38""]",[],Static LUI/low-pair reference; pointer arithmetic/control flow can invalidate inferred value
DUNE.EXE,0x801754D0,DAT_801754D0,LIKELY,code_or_pointer,"[""0x80065804""]",[],Static LUI/low-pair reference; pointer arithmetic/control flow can invalidate inferred value
DUNE.EXE,0x8017559C,DAT_8017559C,LIKELY,code_or_pointer,"[""0x8006A774""]",[],Static LUI/low-pair reference; pointer arithmetic/control flow can invalidate inferred value
DUNE.EXE,0x801755A8,DAT_801755A8,LIKELY,code_or_pointer,"[""0x8006A7B0""]",[],Static LUI/low-pair reference; pointer arithmetic/control flow can invalidate inferred value
DUNE.EXE,0x801755B4,DAT_801755B4,LIKELY,code_or_pointer,"[""0x8006A7F8""]",[],Static LUI/low-pair reference; pointer arithmetic/control flow can invalidate inferred value
DUNE.EXE,0x801755C0,DAT_801755C0,LIKELY,code_or_pointer,"[""0x8006A80C""]",[],Static LUI/low-pair reference; pointer arithmetic/control flow can invalidate inferred value
DUNE.EXE,0x801755D0,DAT_801755D0,LIKELY,code_or_pointer,"[""0x8006A848""]",[],Static LUI/low-pair reference; pointer arithmetic/control flow can invalidate inferred value
DUNE.EXE,0x801755E0,DAT_801755E0,LIKELY,code_or_pointer,"[""0x8006A890""]",[],Static LUI/low-pair reference; pointer arithmetic/control flow can invalidate inferred value
DUNE.EXE,0x801755FC,DAT_801755FC,LIKELY,code_or_pointer,"[""0x8006A8D0""]",[],Static LUI/low-pair reference; pointer arithmetic/control flow can invalidate inferred value
DUNE.EXE,0x80175614,DAT_80175614,LIKELY,code_or_pointer,"[""0x8006CB8C""]",[],Static LUI/low-pair reference; pointer arithmetic/control flow can invalidate inferred value
DUNE.EXE,0x801756E4,DAT_801756E4,LIKELY,code_or_pointer,"[""0x8006DEC4""]",[],Static LUI/low-pair reference; pointer arithmetic/control flow can invalidate inferred value
DUNE.EXE,0x80175704,DAT_80175704,LIKELY,code_or_pointer,"[""0x8006DFA8""]",[],Static LUI/low-pair reference; pointer arithmetic/control flow can invalidate inferred value
DUNE.EXE,0x80175724,DAT_80175724,LIKELY,code_or_pointer,"[""0x800701BC"", ""0x8007031C""]",[],Static LUI/low-pair reference; pointer arithmetic/control flow can invalidate inferred value
DUNE.EXE,0x80175734,DAT_80175734,LIKELY,code_or_pointer,"[""0x80070CF4""]",[],Static LUI/low-pair reference; pointer arithmetic/control flow can invalidate inferred value
DUNE.EXE,0x80175740,DAT_80175740,LIKELY,code_or_pointer,"[""0x80070D24""]",[],Static LUI/low-pair reference; pointer arithmetic/control flow can invalidate inferred value
DUNE.EXE,0x8017574C,DAT_8017574C,LIKELY,code_or_pointer,"[""0x80070D88""]",[],Static LUI/low-pair reference; pointer arithmetic/control flow can invalidate inferred value
DUNE.EXE,0x80175758,DAT_80175758,LIKELY,code_or_pointer,"[""0x80070FF4""]",[],Static LUI/low-pair reference; pointer arithmetic/control flow can invalidate inferred value
DUNE.EXE,0x80175764,DAT_80175764,LIKELY,code_or_pointer,"[""0x8007106C""]",[],Static LUI/low-pair reference; pointer arithmetic/control flow can invalidate inferred value
DUNE.EXE,0x80175770,DAT_80175770,LIKELY,code_or_pointer,"[""0x8007108C""]",[],Static LUI/low-pair reference; pointer arithmetic/control flow can invalidate inferred value
DUNE.EXE,0x8017577C,DAT_8017577C,LIKELY,code_or_pointer,"[""0x800710E0""]",[],Static LUI/low-pair reference; pointer arithmetic/control flow can invalidate inferred value
DUNE.EXE,0x801757B0,DAT_801757B0,LIKELY,code_or_pointer,"[""0x80072714""]",[],Static LUI/low-pair reference; pointer arithmetic/control flow can invalidate inferred value
DUNE.EXE,0x801757DC,DAT_801757DC,LIKELY,code_or_pointer,"[""0x80072E5C""]",[],Static LUI/low-pair reference; pointer arithmetic/control flow can invalidate inferred value
DUNE.EXE,0x80175A96,DAT_80175A96,LIKELY,code_or_pointer,"[""0x80072E70""]",[],Static LUI/low-pair reference; pointer arithmetic/control flow can invalidate inferred value
DUNE.EXE,0x80175A98,DAT_80175A98,LIKELY,code_or_pointer,"[""0x8007311C"", ""0x80073504""]",[],Static LUI/low-pair reference; pointer arithmetic/control flow can invalidate inferred value
DUNE.EXE,0x80175AAC,DAT_80175AAC,LIKELY,code_or_pointer,"[""0x800733CC""]",[],Static LUI/low-pair reference; pointer arithmetic/control flow can invalidate inferred value
DUNE.EXE,0x80175AB4,DAT_80175AB4,LIKELY,code_or_pointer,"[""0x80073450""]",[],Static LUI/low-pair reference; pointer arithmetic/control flow can invalidate inferred value
DUNE.EXE,0x80175CB8,DAT_80175CB8,LIKELY,code_or_pointer,"[""0x80073FC0""]",[],Static LUI/low-pair reference; pointer arithmetic/control flow can invalidate inferred value
DUNE.EXE,0x80175CCC,DAT_80175CCC,LIKELY,code_or_pointer,"[""0x80073FC8""]",[],Static LUI/low-pair reference; pointer arithmetic/control flow can invalidate inferred value
DUNE.EXE,0x80175D98,DAT_80175D98,LIKELY,code_or_pointer,"[""0x80074390""]",[],Static LUI/low-pair reference; pointer arithmetic/control flow can invalidate inferred value
DUNE.EXE,0x80175DB8,DAT_80175DB8,LIKELY,code_or_pointer,"[""0x8007456C"", ""0x800745A0""]",[],Static LUI/low-pair reference; pointer arithmetic/control flow can invalidate inferred value
DUNE.EXE,0x80175F04,DAT_80175F04,LIKELY,code_or_pointer,"[""0x80075228"", ""0x800754A8"", ""0x80075904"", ""0x80075FD4""]",[],Static LUI/low-pair reference; pointer arithmetic/control flow can invalidate inferred value
DUNE.EXE,0x80175F14,DAT_80175F14,LIKELY,code_or_pointer,"[""0x80075274"", ""0x800754F4"", ""0x80075950"", ""0x80076020""]",[],Static LUI/low-pair reference; pointer arithmetic/control flow can invalidate inferred value
DUNE.EXE,0x80175F30,DAT_80175F30,LIKELY,code_or_pointer,"[""0x80074DD8""]",[],Static LUI/low-pair reference; pointer arithmetic/control flow can invalidate inferred value
DUNE.EXE,0x80175F3C,DAT_80175F3C,LIKELY,code_or_pointer,"[""0x80074E20""]",[],Static LUI/low-pair reference; pointer arithmetic/control flow can invalidate inferred value
DUNE.EXE,0x80175F58,DAT_80175F58,LIKELY,code_or_pointer,"[""0x80075128""]",[],Static LUI/low-pair reference; pointer arithmetic/control flow can invalidate inferred value
DUNE.EXE,0x80175F6C,DAT_80175F6C,LIKELY,code_or_pointer,"[""0x80075138""]",[],Static LUI/low-pair reference; pointer arithmetic/control flow can invalidate inferred value
DUNE.EXE,0x80175F8C,DAT_80175F8C,LIKELY,code_or_pointer,"[""0x800751C0""]",[],Static LUI/low-pair reference; pointer arithmetic/control flow can invalidate inferred value
DUNE.EXE,0x80175F94,DAT_80175F94,LIKELY,code_or_pointer,"[""0x80075440""]",[],Static LUI/low-pair reference; pointer arithmetic/control flow can invalidate inferred value
DUNE.EXE,0x80175FA0,DAT_80175FA0,LIKELY,code_or_pointer,"[""0x800756FC""]",[],Static LUI/low-pair reference; pointer arithmetic/control flow can invalidate inferred value
DUNE.EXE,0x80175FA8,DAT_80175FA8,LIKELY,code_or_pointer,"[""0x80075750""]",[],Static LUI/low-pair reference; pointer arithmetic/control flow can invalidate inferred value
DUNE.EXE,0x80175FB8,DAT_80175FB8,LIKELY,code_or_pointer,"[""0x80075884""]",[],Static LUI/low-pair reference; pointer arithmetic/control flow can invalidate inferred value
DUNE.EXE,0x80175FF8,DAT_80175FF8,LIKELY,code_or_pointer,"[""0x80075D48""]",[],Static LUI/low-pair reference; pointer arithmetic/control flow can invalidate inferred value
DUNE.EXE,0x80176004,DAT_80176004,LIKELY,code_or_pointer,"[""0x80075D5C""]",[],Static LUI/low-pair reference; pointer arithmetic/control flow can invalidate inferred value
DUNE.EXE,0x80176010,DAT_80176010,LIKELY,code_or_pointer,"[""0x80075F74""]",[],Static LUI/low-pair reference; pointer arithmetic/control flow can invalidate inferred value
DUNE.EXE,0x80176028,DAT_80176028,LIKELY,code_or_pointer,"[""0x80076374""]",[],Static LUI/low-pair reference; pointer arithmetic/control flow can invalidate inferred value
DUNE.EXE,0x80176038,DAT_80176038,LIKELY,code_or_pointer,"[""0x800764E4""]",[],Static LUI/low-pair reference; pointer arithmetic/control flow can invalidate inferred value
DUNE.EXE,0x80176054,DAT_80176054,LIKELY,code_or_pointer,"[""0x80076524""]",[],Static LUI/low-pair reference; pointer arithmetic/control flow can invalidate inferred value
DUNE.EXE,0x8017606C,DAT_8017606C,LIKELY,code_or_pointer,"[""0x80076554""]",[],Static LUI/low-pair reference; pointer arithmetic/control flow can invalidate inferred value
DUNE.EXE,0x80176088,DAT_80176088,LIKELY,code_or_pointer,"[""0x8007657C""]",[],Static LUI/low-pair reference; pointer arithmetic/control flow can invalidate inferred value
DUNE.EXE,0x801760A8,DAT_801760A8,LIKELY,code_or_pointer,"[""0x800765E4""]",[],Static LUI/low-pair reference; pointer arithmetic/control flow can invalidate inferred value
DUNE.EXE,0x801760B4,DAT_801760B4,LIKELY,code_or_pointer,"[""0x80076658""]",[],Static LUI/low-pair reference; pointer arithmetic/control flow can invalidate inferred value
DUNE.EXE,0x801760C4,DAT_801760C4,LIKELY,code_or_pointer,"[""0x80076718""]",[],Static LUI/low-pair reference; pointer arithmetic/control flow can invalidate inferred value
DUNE.EXE,0x801760F0,DAT_801760F0,LIKELY,code_or_pointer,"[""0x80076728""]",[],Static LUI/low-pair reference; pointer arithmetic/control flow can invalidate inferred value
DUNE.EXE,0x801760F8,DAT_801760F8,LIKELY,code_or_pointer,"[""0x80076758""]",[],Static LUI/low-pair reference; pointer arithmetic/control flow can invalidate inferred value
DUNE.EXE,0x80176128,DAT_80176128,LIKELY,code_or_pointer,"[""0x800767B0""]",[],Static LUI/low-pair reference; pointer arithmetic/control flow can invalidate inferred value
DUNE.EXE,0x8017614C,DAT_8017614C,LIKELY,code_or_pointer,"[""0x800767DC""]",[],Static LUI/low-pair reference; pointer arithmetic/control flow can invalidate inferred value
DUNE.EXE,0x8017616C,DAT_8017616C,LIKELY,code_or_pointer,"[""0x800768D0""]",[],Static LUI/low-pair reference; pointer arithmetic/control flow can invalidate inferred value
DUNE.EXE,0x80176180,DAT_80176180,LIKELY,code_or_pointer,"[""0x8007693C""]",[],Static LUI/low-pair reference; pointer arithmetic/control flow can invalidate inferred value
DUNE.EXE,0x801761A4,DAT_801761A4,LIKELY,code_or_pointer,"[""0x80076AA8""]",[],Static LUI/low-pair reference; pointer arithmetic/control flow can invalidate inferred value
DUNE.EXE,0x801761C4,DAT_801761C4,LIKELY,code_or_pointer,"[""0x80076AD4""]",[],Static LUI/low-pair reference; pointer arithmetic/control flow can invalidate inferred value
DUNE.EXE,0x801761E0,DAT_801761E0,LIKELY,code_or_pointer,"[""0x80076B64""]",[],Static LUI/low-pair reference; pointer arithmetic/control flow can invalidate inferred value
DUNE.EXE,0x801761E4,DAT_801761E4,LIKELY,code_or_pointer,"[""0x80076B74""]",[],Static LUI/low-pair reference; pointer arithmetic/control flow can invalidate inferred value
DUNE.EXE,0x801761E6,DAT_801761E6,LIKELY,code_or_pointer,"[""0x80076B7C""]",[],Static LUI/low-pair reference; pointer arithmetic/control flow can invalidate inferred value
DUNE.EXE,0x801761E8,DAT_801761E8,LIKELY,code_or_pointer,"[""0x80076BF4""]",[],Static LUI/low-pair reference; pointer arithmetic/control flow can invalidate inferred value
DUNE.EXE,0x80176204,DAT_80176204,LIKELY,code_or_pointer,"[""0x80076C7C""]",[],Static LUI/low-pair reference; pointer arithmetic/control flow can invalidate inferred value
DUNE.EXE,0x80176228,DAT_80176228,LIKELY,code_or_pointer,"[""0x80076EA4""]",[],Static LUI/low-pair reference; pointer arithmetic/control flow can invalidate inferred value
DUNE.EXE,0x80176240,DAT_80176240,LIKELY,code_or_pointer,"[""0x80077198""]",[],Static LUI/low-pair reference; pointer arithmetic/control flow can invalidate inferred value
DUNE.EXE,0x80176258,DAT_80176258,LIKELY,code_or_pointer,"[""0x800771E0""]",[],Static LUI/low-pair reference; pointer arithmetic/control flow can invalidate inferred value
DUNE.EXE,0x80176278,DAT_80176278,LIKELY,code_or_pointer,"[""0x80078D38""]",[],Static LUI/low-pair reference; pointer arithmetic/control flow can invalidate inferred value
DUNE.EXE,0x8017627C,DAT_8017627C,LIKELY,code_or_pointer,"[""0x80078D3C""]",[],Static LUI/low-pair reference; pointer arithmetic/control flow can invalidate inferred value
DUNE.EXE,0x80176280,DAT_80176280,LIKELY,code_or_pointer,"[""0x80078D90""]",[],Static LUI/low-pair reference; pointer arithmetic/control flow can invalidate inferred value
DUNE.EXE,0x80176284,DAT_80176284,LIKELY,code_or_pointer,"[""0x80078D94""]",[],Static LUI/low-pair reference; pointer arithmetic/control flow can invalidate inferred value
DUNE.EXE,0x80176288,DAT_80176288,LIKELY,code_or_pointer,"[""0x80078DA8""]",[],Static LUI/low-pair reference; pointer arithmetic/control flow can invalidate inferred value
DUNE.EXE,0x8017628C,DAT_8017628C,LIKELY,code_or_pointer,"[""0x80078DAC""]",[],Static LUI/low-pair reference; pointer arithmetic/control flow can invalidate inferred value
DUNE.EXE,0x80176290,DAT_80176290,LIKELY,code_or_pointer,"[""0x80078DF0""]",[],Static LUI/low-pair reference; pointer arithmetic/control flow can invalidate inferred value
DUNE.EXE,0x80176294,DAT_80176294,LIKELY,code_or_pointer,"[""0x80078DF4""]",[],Static LUI/low-pair reference; pointer arithmetic/control flow can invalidate inferred value
DUNE.EXE,0x80176298,DAT_80176298,LIKELY,code_or_pointer,"[""0x80078E24""]",[],Static LUI/low-pair reference; pointer arithmetic/control flow can invalidate inferred value
DUNE.EXE,0x8017629C,DAT_8017629C,LIKELY,code_or_pointer,"[""0x80078E28""]",[],Static LUI/low-pair reference; pointer arithmetic/control flow can invalidate inferred value
DUNE.EXE,0x801762A0,DAT_801762A0,LIKELY,code_or_pointer,"[""0x80078EBC""]",[],Static LUI/low-pair reference; pointer arithmetic/control flow can invalidate inferred value
DUNE.EXE,0x801762A4,DAT_801762A4,LIKELY,code_or_pointer,"[""0x80078EC0""]",[],Static LUI/low-pair reference; pointer arithmetic/control flow can invalidate inferred value
DUNE.EXE,0x801762A8,DAT_801762A8,LIKELY,code_or_pointer,"[""0x80078F5C""]",[],Static LUI/low-pair reference; pointer arithmetic/control flow can invalidate inferred value
DUNE.EXE,0x801762AC,DAT_801762AC,LIKELY,code_or_pointer,"[""0x80078F64""]",[],Static LUI/low-pair reference; pointer arithmetic/control flow can invalidate inferred value
DUNE.EXE,0x801762B0,DAT_801762B0,LIKELY,code_or_pointer,"[""0x80078F74""]",[],Static LUI/low-pair reference; pointer arithmetic/control flow can invalidate inferred value
DUNE.EXE,0x801762B4,DAT_801762B4,LIKELY,code_or_pointer,"[""0x80078F78""]",[],Static LUI/low-pair reference; pointer arithmetic/control flow can invalidate inferred value
DUNE.EXE,0x801762B8,DAT_801762B8,LIKELY,code_or_pointer,"[""0x80078F9C""]",[],Static LUI/low-pair reference; pointer arithmetic/control flow can invalidate inferred value
DUNE.EXE,0x801762BC,DAT_801762BC,LIKELY,code_or_pointer,"[""0x80078FA0""]",[],Static LUI/low-pair reference; pointer arithmetic/control flow can invalidate inferred value
DUNE.EXE,0x801762C0,DAT_801762C0,LIKELY,code_or_pointer,"[""0x80079004""]",[],Static LUI/low-pair reference; pointer arithmetic/control flow can invalidate inferred value
DUNE.EXE,0x801762C4,DAT_801762C4,LIKELY,code_or_pointer,"[""0x80079008""]",[],Static LUI/low-pair reference; pointer arithmetic/control flow can invalidate inferred value
DUNE.EXE,0x801762C8,DAT_801762C8,LIKELY,code_or_pointer,"[""0x800790A4""]",[],Static LUI/low-pair reference; pointer arithmetic/control flow can invalidate inferred value
DUNE.EXE,0x801762CC,DAT_801762CC,LIKELY,code_or_pointer,"[""0x800790A8""]",[],Static LUI/low-pair reference; pointer arithmetic/control flow can invalidate inferred value
DUNE.EXE,0x801762D0,DAT_801762D0,LIKELY,code_or_pointer,"[""0x800790C0""]",[],Static LUI/low-pair reference; pointer arithmetic/control flow can invalidate inferred value
DUNE.EXE,0x801762D4,DAT_801762D4,LIKELY,code_or_pointer,"[""0x800790C4""]",[],Static LUI/low-pair reference; pointer arithmetic/control flow can invalidate inferred value
DUNE.EXE,0x801762D8,DAT_801762D8,LIKELY,code_or_pointer,"[""0x800790D8""]",[],Static LUI/low-pair reference; pointer arithmetic/control flow can invalidate inferred value
DUNE.EXE,0x801762DC,DAT_801762DC,LIKELY,code_or_pointer,"[""0x800790DC""]",[],Static LUI/low-pair reference; pointer arithmetic/control flow can invalidate inferred value
DUNE.EXE,0x801762E0,DAT_801762E0,LIKELY,code_or_pointer,"[""0x80079138""]",[],Static LUI/low-pair reference; pointer arithmetic/control flow can invalidate inferred value
DUNE.EXE,0x801762E4,DAT_801762E4,LIKELY,code_or_pointer,"[""0x8007913C""]",[],Static LUI/low-pair reference; pointer arithmetic/control flow can invalidate inferred value
DUNE.EXE,0x801762E8,DAT_801762E8,LIKELY,code_or_pointer,"[""0x80079498""]",[],Static LUI/low-pair reference; pointer arithmetic/control flow can invalidate inferred value
DUNE.EXE,0x801762EC,DAT_801762EC,LIKELY,code_or_pointer,"[""0x8007949C""]",[],Static LUI/low-pair reference; pointer arithmetic/control flow can invalidate inferred value
DUNE.EXE,0x801762F0,DAT_801762F0,LIKELY,code_or_pointer,"[""0x800794E8""]",[],Static LUI/low-pair reference; pointer arithmetic/control flow can invalidate inferred value
DUNE.EXE,0x801762F4,DAT_801762F4,LIKELY,code_or_pointer,"[""0x800794EC""]",[],Static LUI/low-pair reference; pointer arithmetic/control flow can invalidate inferred value
DUNE.EXE,0x801762F8,DAT_801762F8,LIKELY,code_or_pointer,"[""0x80079D28""]",[],Static LUI/low-pair reference; pointer arithmetic/control flow can invalidate inferred value
DUNE.EXE,0x8017633C,DAT_8017633C,LIKELY,code_or_pointer,"[""0x8007A038""]",[],Static LUI/low-pair reference; pointer arithmetic/control flow can invalidate inferred value
DUNE.EXE,0x80176358,DAT_80176358,LIKELY,code_or_pointer,"[""0x8007A15C""]",[],Static LUI/low-pair reference; pointer arithmetic/control flow can invalidate inferred value
DUNE.EXE,0x80176378,DAT_80176378,LIKELY,code_or_pointer,"[""0x8007A7B4""]",[],Static LUI/low-pair reference; pointer arithmetic/control flow can invalidate inferred value
DUNE.EXE,0x80176394,DAT_80176394,LIKELY,code_or_pointer,"[""0x8007A7C8""]",[],Static LUI/low-pair reference; pointer arithmetic/control flow can invalidate inferred value
DUNE.EXE,0x801763A8,DAT_801763A8,LIKELY,code_or_pointer,"[""0x8007B430""]",[],Static LUI/low-pair reference; pointer arithmetic/control flow can invalidate inferred value
DUNE.EXE,0x801763CC,DAT_801763CC,LIKELY,code_or_pointer,"[""0x8007B468""]",[],Static LUI/low-pair reference; pointer arithmetic/control flow can invalidate inferred value
DUNE.EXE,0x801763D8,DAT_801763D8,LIKELY,code_or_pointer,"[""0x8007BB78""]",[],Static LUI/low-pair reference; pointer arithmetic/control flow can invalidate inferred value
DUNE.EXE,0x801764C0,DAT_801764C0,LIKELY,code_or_pointer,"[""0x8007D6F0""]",[],Static LUI/low-pair reference; pointer arithmetic/control flow can invalidate inferred value
DUNE.EXE,0x801764E0,DAT_801764E0,LIKELY,code_or_pointer,"[""0x8007D7CC""]",[],Static LUI/low-pair reference; pointer arithmetic/control flow can invalidate inferred value
DUNE.EXE,0x801764F4,DAT_801764F4,LIKELY,code_or_pointer,"[""0x8007D858""]",[],Static LUI/low-pair reference; pointer arithmetic/control flow can invalidate inferred value
DUNE.EXE,0x80176520,DAT_80176520,LIKELY,code_or_pointer,"[""0x8007D8A4""]",[],Static LUI/low-pair reference; pointer arithmetic/control flow can invalidate inferred value
DUNE.EXE,0x80176534,DAT_80176534,LIKELY,code_or_pointer,"[""0x8007D95C""]",[],Static LUI/low-pair reference; pointer arithmetic/control flow can invalidate inferred value
DUNE.EXE,0x80176550,DAT_80176550,LIKELY,code_or_pointer,"[""0x8007D9B4""]",[],Static LUI/low-pair reference; pointer arithmetic/control flow can invalidate inferred value
DUNE.EXE,0x80176564,DAT_80176564,LIKELY,code_or_pointer,"[""0x8007DA40""]",[],Static LUI/low-pair reference; pointer arithmetic/control flow can invalidate inferred value
DUNE.EXE,0x80176578,DAT_80176578,LIKELY,code_or_pointer,"[""0x8007DB48""]",[],Static LUI/low-pair reference; pointer arithmetic/control flow can invalidate inferred value
DUNE.EXE,0x80176584,DAT_80176584,LIKELY,code_or_pointer,"[""0x8007DB84""]",[],Static LUI/low-pair reference; pointer arithmetic/control flow can invalidate inferred value
DUNE.EXE,0x80176598,DAT_80176598,LIKELY,code_or_pointer,"[""0x8007DB50""]",[],Static LUI/low-pair reference; pointer arithmetic/control flow can invalidate inferred value
DUNE.EXE,0x8017659C,DAT_8017659C,LIKELY,code_or_pointer,"[""0x8007DBB0""]",[],Static LUI/low-pair reference; pointer arithmetic/control flow can invalidate inferred value
DUNE.EXE,0x801765A8,DAT_801765A8,LIKELY,code_or_pointer,"[""0x8007DC40""]",[],Static LUI/low-pair reference; pointer arithmetic/control flow can invalidate inferred value
DUNE.EXE,0x801765B4,DAT_801765B4,LIKELY,code_or_pointer,"[""0x8007DCE0""]",[],Static LUI/low-pair reference; pointer arithmetic/control flow can invalidate inferred value
DUNE.EXE,0x801765C0,DAT_801765C0,LIKELY,code_or_pointer,"[""0x8007DD40"", ""0x8008026C""]",[],Static LUI/low-pair reference; pointer arithmetic/control flow can invalidate inferred value
DUNE.EXE,0x801765CC,DAT_801765CC,LIKELY,code_or_pointer,"[""0x8007DDA8"", ""0x80080360""]",[],Static LUI/low-pair reference; pointer arithmetic/control flow can invalidate inferred value
DUNE.EXE,0x801765D8,DAT_801765D8,LIKELY,code_or_pointer,"[""0x8007DE74""]",[],Static LUI/low-pair reference; pointer arithmetic/control flow can invalidate inferred value
DUNE.EXE,0x801765F0,DAT_801765F0,LIKELY,code_or_pointer,"[""0x8007DF34""]",[],Static LUI/low-pair reference; pointer arithmetic/control flow can invalidate inferred value
DUNE.EXE,0x80176608,DAT_80176608,LIKELY,code_or_pointer,"[""0x8007E034"", ""0x800804A8""]",[],Static LUI/low-pair reference; pointer arithmetic/control flow can invalidate inferred value
DUNE.EXE,0x8017661C,DAT_8017661C,LIKELY,code_or_pointer,"[""0x8007E0B4""]",[],Static LUI/low-pair reference; pointer arithmetic/control flow can invalidate inferred value
DUNE.EXE,0x80176634,DAT_80176634,LIKELY,code_or_pointer,"[""0x8007E17C""]",[],Static LUI/low-pair reference; pointer arithmetic/control flow can invalidate inferred value
DUNE.EXE,0x80176650,DAT_80176650,LIKELY,code_or_pointer,"[""0x8007E284""]",[],Static LUI/low-pair reference; pointer arithmetic/control flow can invalidate inferred value
DUNE.EXE,0x80176668,DAT_80176668,LIKELY,code_or_pointer,"[""0x8007FFE4""]",[],Static LUI/low-pair reference; pointer arithmetic/control flow can invalidate inferred value
DUNE.EXE,0x8017669C,DAT_8017669C,LIKELY,code_or_pointer,"[""0x80080180""]",[],Static LUI/low-pair reference; pointer arithmetic/control flow can invalidate inferred value
DUNE.EXE,0x801766A8,DAT_801766A8,LIKELY,code_or_pointer,"[""0x80080990""]",[],Static LUI/low-pair reference; pointer arithmetic/control flow can invalidate inferred value
DUNE.EXE,0x801766B4,DAT_801766B4,LIKELY,code_or_pointer,"[""0x800809B8""]",[],Static LUI/low-pair reference; pointer arithmetic/control flow can invalidate inferred value
DUNE.EXE,0x801766C0,DAT_801766C0,LIKELY,code_or_pointer,"[""0x800809D0""]",[],Static LUI/low-pair reference; pointer arithmetic/control flow can invalidate inferred value
DUNE.EXE,0x801766D0,DAT_801766D0,LIKELY,code_or_pointer,"[""0x80080A9C""]",[],Static LUI/low-pair reference; pointer arithmetic/control flow can invalidate inferred value
DUNE.EXE,0x801766E4,DAT_801766E4,LIKELY,code_or_pointer,"[""0x80080AC8""]",[],Static LUI/low-pair reference; pointer arithmetic/control flow can invalidate inferred value
DUNE.EXE,0x8017670C,DAT_8017670C,LIKELY,code_or_pointer,"[""0x80080AF8""]",[],Static LUI/low-pair reference; pointer arithmetic/control flow can invalidate inferred value
DUNE.EXE,0x80176724,DAT_80176724,LIKELY,code_or_pointer,"[""0x80080B28""]",[],Static LUI/low-pair reference; pointer arithmetic/control flow can invalidate inferred value
DUNE.EXE,0x8017673C,DAT_8017673C,LIKELY,code_or_pointer,"[""0x80080B5C""]",[],Static LUI/low-pair reference; pointer arithmetic/control flow can invalidate inferred value
DUNE.EXE,0x80176754,DAT_80176754,LIKELY,code_or_pointer,"[""0x80080ED8""]",[],Static LUI/low-pair reference; pointer arithmetic/control flow can invalidate inferred value
DUNE.EXE,0x8017675C,DAT_8017675C,LIKELY,code_or_pointer,"[""0x80080FB0""]",[],Static LUI/low-pair reference; pointer arithmetic/control flow can invalidate inferred value
DUNE.EXE,0x80176764,DAT_80176764,LIKELY,code_or_pointer,"[""0x80081088""]",[],Static LUI/low-pair reference; pointer arithmetic/control flow can invalidate inferred value
DUNE.EXE,0x8017676C,DAT_8017676C,LIKELY,code_or_pointer,"[""0x80081154""]",[],Static LUI/low-pair reference; pointer arithmetic/control flow can invalidate inferred value
DUNE.EXE,0x80176774,DAT_80176774,LIKELY,code_or_pointer,"[""0x80081220""]",[],Static LUI/low-pair reference; pointer arithmetic/control flow can invalidate inferred value
DUNE.EXE,0x80176778,DAT_80176778,LIKELY,code_or_pointer,"[""0x800812D4""]",[],Static LUI/low-pair reference; pointer arithmetic/control flow can invalidate inferred value
DUNE.EXE,0x8017677C,DAT_8017677C,LIKELY,code_or_pointer,"[""0x80081388""]",[],Static LUI/low-pair reference; pointer arithmetic/control flow can invalidate inferred value
DUNE.EXE,0x80176784,DAT_80176784,LIKELY,code_or_pointer,"[""0x8008149C""]",[],Static LUI/low-pair reference; pointer arithmetic/control flow can invalidate inferred value
DUNE.EXE,0x8017678C,DAT_8017678C,LIKELY,code_or_pointer,"[""0x800815B0""]",[],Static LUI/low-pair reference; pointer arithmetic/control flow can invalidate inferred value
DUNE.EXE,0x80176794,DAT_80176794,LIKELY,code_or_pointer,"[""0x800816C4""]",[],Static LUI/low-pair reference; pointer arithmetic/control flow can invalidate inferred value
DUNE.EXE,0x8017679C,DAT_8017679C,LIKELY,code_or_pointer,"[""0x800817D8""]",[],Static LUI/low-pair reference; pointer arithmetic/control flow can invalidate inferred value
DUNE.EXE,0x801767A4,DAT_801767A4,LIKELY,code_or_pointer,"[""0x800818D4""]",[],Static LUI/low-pair reference; pointer arithmetic/control flow can invalidate inferred value
DUNE.EXE,0x801767AC,DAT_801767AC,LIKELY,code_or_pointer,"[""0x800819D0""]",[],Static LUI/low-pair reference; pointer arithmetic/control flow can invalidate inferred value
DUNE.EXE,0x801767B0,DAT_801767B0,LIKELY,code_or_pointer,"[""0x80081AB4""]",[],Static LUI/low-pair reference; pointer arithmetic/control flow can invalidate inferred value
DUNE.EXE,0x801767B4,DAT_801767B4,LIKELY,code_or_pointer,"[""0x80081B98""]",[],Static LUI/low-pair reference; pointer arithmetic/control flow can invalidate inferred value
DUNE.EXE,0x801767BC,DAT_801767BC,LIKELY,code_or_pointer,"[""0x80081CF4""]",[],Static LUI/low-pair reference; pointer arithmetic/control flow can invalidate inferred value
DUNE.EXE,0x801767C4,DAT_801767C4,LIKELY,code_or_pointer,"[""0x80081E3C""]",[],Static LUI/low-pair reference; pointer arithmetic/control flow can invalidate inferred value
DUNE.EXE,0x801767F4,DAT_801767F4,LIKELY,code_or_pointer,"[""0x80081EF8""]",[],Static LUI/low-pair reference; pointer arithmetic/control flow can invalidate inferred value
DUNE.EXE,0x80176868,DAT_80176868,LIKELY,code_or_pointer,"[""0x80086318"", ""0x800865D8"", ""0x8008666C""]",[],Static LUI/low-pair reference; pointer arithmetic/control flow can invalidate inferred value
DUNE.EXE,0x80176878,DAT_80176878,LIKELY,code_or_pointer,"[""0x80086324""]",[],Static LUI/low-pair reference; pointer arithmetic/control flow can invalidate inferred value
DUNE.EXE,0x80176888,DAT_80176888,LIKELY,code_or_pointer,"[""0x800865E4""]",[],Static LUI/low-pair reference; pointer arithmetic/control flow can invalidate inferred value
DUNE.EXE,0x8017689C,DAT_8017689C,LIKELY,code_or_pointer,"[""0x80086678""]",[],Static LUI/low-pair reference; pointer arithmetic/control flow can invalidate inferred value
DUNE.EXE,0x80176938,DAT_80176938,LIKELY,code_or_pointer,"[""0x8005A908""]",[],Static LUI/low-pair reference; pointer arithmetic/control flow can invalidate inferred value
DUNE.EXE,0x80176988,DAT_80176988,LIKELY,code_or_pointer,[],"[""0x8004B254""]",Static LUI/low-pair reference; pointer arithmetic/control flow can invalidate inferred value
DUNE.EXE,0x80176989,DAT_80176989,LIKELY,code_or_pointer,[],"[""0x8004B24C""]",Static LUI/low-pair reference; pointer arithmetic/control flow can invalidate inferred value
DUNE.EXE,0x8017698E,DAT_8017698E,LIKELY,code_or_pointer,[],"[""0x800399E8""]",Static LUI/low-pair reference; pointer arithmetic/control flow can invalidate inferred value
DUNE.EXE,0x80176991,DAT_80176991,LIKELY,code_or_pointer,"[""0x80019168"", ""0x800375B4"", ""0x80037D94"", ""0x8005BE9C"", ""0x8005C0BC"", ""0x8005CB5C"", ""0x8005CD9C"", ""0x8005EEE8"", ""0x8005F1F8"", ""0x8005F510"", ""0x80066FAC"", ""0x800677E4"", ""0x8006857C"", ""0x8006ED04"", ""0x8006F14C""]","[""0x8004B25C"", ""0x8005BEAC"", ""0x8005C0CC"", ""0x8005CB6C"", ""0x8005CDAC"", ""0x8006F15C""]",Static LUI/low-pair reference; pointer arithmetic/control flow can invalidate inferred value
DUNE.EXE,0x801769B4,DAT_801769B4,LIKELY,code_or_pointer,"[""0x80072AEC"", ""0x80072B18"", ""0x80072C30"", ""0x80072C60""]",[],Static LUI/low-pair reference; pointer arithmetic/control flow can invalidate inferred value
DUNE.EXE,0x801769B8,DAT_801769B8,LIKELY,code_or_pointer,"[""0x800419B8"", ""0x80041CC4"", ""0x80052D2C"", ""0x80052D64"", ""0x80069C24""]",[],Static LUI/low-pair reference; pointer arithmetic/control flow can invalidate inferred value
DUNE.EXE,0x801769B9,DAT_801769B9,LIKELY,code_or_pointer,"[""0x80069C38"", ""0x80069C54"", ""0x80069C64""]",[],Static LUI/low-pair reference; pointer arithmetic/control flow can invalidate inferred value
DUNE.EXE,0x801769C0,DAT_801769C0,LIKELY,code_or_pointer,"[""0x80031208"", ""0x800316F4"", ""0x8003C660"", ""0x8003D0CC"", ""0x8004212C"", ""0x800432EC""]",[],Static LUI/low-pair reference; pointer arithmetic/control flow can invalidate inferred value
DUNE.EXE,0x801769D0,DAT_801769D0,LIKELY,code_or_pointer,"[""0x8005A69C""]",[],Static LUI/low-pair reference; pointer arithmetic/control flow can invalidate inferred value
DUNE.EXE,0x801769F4,DAT_801769F4,LIKELY,code_or_pointer,"[""0x80053624""]",[],Static LUI/low-pair reference; pointer arithmetic/control flow can invalidate inferred value
DUNE.EXE,0x801769FC,DAT_801769FC,LIKELY,code_or_pointer,"[""0x8001F8A0"", ""0x8001F8C4"", ""0x8001F904"", ""0x8001F9A0"", ""0x8001FA08"", ""0x8001FAE0"", ""0x800206CC"", ""0x80020944"", ""0x80020C2C"", ""0x80020E4C"", ""0x80022164"", ""0x800234F0"", ""0x800236A4"", ""0x8002384C"", ""0x80024844"", ""0x800249F4"", ""0x80025A4C"", ""0x8002696C"", ""0x800281CC"", ""0x80028C90"", ""0x80028D54"", ""0x80029174"", ""0x800293FC"", ""0x800295DC"", ""0x80029640"", ""0x8002A3C8"", ""0x8002B5B4"", ""0x8002EDF8"", ""0x80030228"", ""0x80033738"", ""0x800337AC"", ""0x80033A50"", ""0x80033B04"", ""0x80033B2C"", ""0x80033C24"", ""0x80033D3C"", ""0x80033FDC"", ""0x800340F8"", ""0x80034B40"", ""0x80036700"", ""0x800383E4"", ""0x80038468"", ""0x80038590"", ""0x800386F4"", ""0x80038784"", ""0x8003B9C4"", ""0x8003CD18"", ""0x80043E3C"", ""0x80043EC0"", ""0x8004787C"", ""0x80047930"", ""0x8004C7D8"", ""0x8004C81C"", ""0x8004CB4C"", ""0x8004D310"", ""0x8004D6A0"", ""0x8004FA58"", ""0x8004FCC0"", ""0x8004FDCC"", ""0x8004FEC0"", ""0x8004FFC4"", ""0x80050034"", ""0x80050148"", ""0x80050298"", ""0x800503B8"", ""0x800504D0"", ""0x800505B4"", ""0x800506D0"", ""0x800507F8"", ""0x80050978"", ""0x80050AA8"", ""0x80050BD8"", ""0x80050CC0"", ""0x80050D08"", ""0x80050D58"", ""0x80050DA8"", ""0x80050DF0"", ""0x80050E28"", ""0x80050E94"", ""0x80050F30"", ""0x80050F70"", ""0x80050FFC"", ""0x80051030"", ""0x8005107C"", ""0x800510C4"", ""0x800510FC"", ""0x80051158"", ""0x800539D0"", ""0x8005446C"", ""0x800547F0"", ""0x800549E8"", ""0x80054CFC"", ""0x8005A508"", ""0x8005A5E0"", ""0x8006349C"", ""0x800636C4"", ""0x80063A94"", ""0x80063AF4"", ""0x80072658"", ""0x800726F8"", ""0x8007283C""]",[],Static LUI/low-pair reference; pointer arithmetic/control flow can invalidate inferred value
DUNE.EXE,0x80176A1C,DAT_80176A1C,LIKELY,code_or_pointer,"[""0x80067E9C""]","[""0x80067A60""]",Static LUI/low-pair reference; pointer arithmetic/control flow can invalidate inferred value
DUNE.EXE,0x80176A1E,DAT_80176A1E,LIKELY,code_or_pointer,"[""0x80053C4C""]","[""0x8003FB4C"", ""0x8003FB74""]",Static LUI/low-pair reference; pointer arithmetic/control flow can invalidate inferred value
DUNE.EXE,0x80176A38,DAT_80176A38,LIKELY,code_or_pointer,"[""0x800419C0""]",[],Static LUI/low-pair reference; pointer arithmetic/control flow can invalidate inferred value
DUNE.EXE,0x80176A40,DAT_80176A40,LIKELY,code_or_pointer,"[""0x80041B04""]",[],Static LUI/low-pair reference; pointer arithmetic/control flow can invalidate inferred value
DUNE.EXE,0x80176A4C,DAT_80176A4C,LIKELY,code_or_pointer,"[""0x800311EC"", ""0x800316D8"", ""0x8003C644"", ""0x8003D0B0"", ""0x800417AC""]","[""0x800312D8"", ""0x80031780"", ""0x8003C70C"", ""0x8003D1D4"", ""0x8004188C""]",Static LUI/low-pair reference; pointer arithmetic/control flow can invalidate inferred value
DUNE.EXE,0x80176A54,DAT_80176A54,LIKELY,code_or_pointer,"[""0x8004189C""]",[],Static LUI/low-pair reference; pointer arithmetic/control flow can invalidate inferred value
DUNE.EXE,0x80176A58,DAT_80176A58,LIKELY,code_or_pointer,"[""0x8002A8DC"", ""0x8002AD34""]",[],Static LUI/low-pair reference; pointer arithmetic/control flow can invalidate inferred value
DUNE.EXE,0x80176A5C,DAT_80176A5C,LIKELY,code_or_pointer,"[""0x8002A8E8"", ""0x8002AD40""]",[],Static LUI/low-pair reference; pointer arithmetic/control flow can invalidate inferred value
DUNE.EXE,0x80176A60,DAT_80176A60,LIKELY,code_or_pointer,"[""0x8002A99C"", ""0x8002AE10""]",[],Static LUI/low-pair reference; pointer arithmetic/control flow can invalidate inferred value
DUNE.EXE,0x80176A64,DAT_80176A64,LIKELY,code_or_pointer,"[""0x8003A47C"", ""0x8003E7C0"", ""0x8003EA58"", ""0x8003FDD4"", ""0x80040B1C"", ""0x8004F584"", ""0x8004F840"", ""0x8004FA94"", ""0x800506E8"", ""0x8006D190"", ""0x80071A68""]","[""0x8003FB80""]",Static LUI/low-pair reference; pointer arithmetic/control flow can invalidate inferred value
DUNE.EXE,0x80176A7F,DAT_80176A7F,LIKELY,code_or_pointer,"[""0x8003F5B4"", ""0x80040010"", ""0x80040A44""]","[""0x8003FF30"", ""0x800405DC"", ""0x8006A078""]",Static LUI/low-pair reference; pointer arithmetic/control flow can invalidate inferred value
DUNE.EXE,0x80176A84,DAT_80176A84,LIKELY,code_or_pointer,"[""0x8001F4A4"", ""0x8003BAF4"", ""0x8003D86C"", ""0x8003D8F0"", ""0x80053568""]",[],Static LUI/low-pair reference; pointer arithmetic/control flow can invalidate inferred value
DUNE.EXE,0x80176A89,DAT_80176A89,LIKELY,code_or_pointer,"[""0x8001F5A0"", ""0x8003F670"", ""0x8003F684"", ""0x8003FC30"", ""0x8004032C"", ""0x800405A0"", ""0x8004089C"", ""0x800408DC"", ""0x800450F8"", ""0x800522EC"", ""0x800529D8"", ""0x80052CF8"", ""0x80052D50"", ""0x80052DC0"", ""0x800533D8"", ""0x8005349C"", ""0x800534DC"", ""0x80053540"", ""0x80053610"", ""0x80053A30"", ""0x80069034"", ""0x80069108"", ""0x800691B0"", ""0x80069704"", ""0x80069C08"", ""0x80069CC8"", ""0x8006A560""]","[""0x8004087C""]",Static LUI/low-pair reference; pointer arithmetic/control flow can invalidate inferred value
DUNE.EXE,0x80176A8C,DAT_80176A8C,LIKELY,code_or_pointer,"[""0x8003F43C""]",[],Static LUI/low-pair reference; pointer arithmetic/control flow can invalidate inferred value
DUNE.EXE,0x80176AB0,DAT_80176AB0,LIKELY,code_or_pointer,"[""0x80045020"", ""0x8004515C"", ""0x8004554C"", ""0x80048254"", ""0x80048294"", ""0x800482D0"", ""0x80048364""]",[],Static LUI/low-pair reference; pointer arithmetic/control flow can invalidate inferred value
DUNE.EXE,0x80176AB1,DAT_80176AB1,LIKELY,code_or_pointer,"[""0x80044ECC"", ""0x80044FC0"", ""0x80045470"", ""0x80048380"", ""0x800483F8""]",[],Static LUI/low-pair reference; pointer arithmetic/control flow can invalidate inferred value
DUNE.EXE,0x80176B14,DAT_80176B14,LIKELY,code_or_pointer,"[""0x8003754C"", ""0x80045D90"", ""0x80045DF4"", ""0x80046254"", ""0x80046384"", ""0x8004A94C"", ""0x8004AAF0"", ""0x8004B240""]",[],Static LUI/low-pair reference; pointer arithmetic/control flow can invalidate inferred value
DUNE.EXE,0x80176B18,DAT_80176B18,LIKELY,code_or_pointer,"[""0x80037598"", ""0x80045DC0"", ""0x80045E24"", ""0x8004627C"", ""0x800463AC"", ""0x8004A954"", ""0x8004A9B8"", ""0x8004AAF8"", ""0x8004AB5C"", ""0x8004B280""]",[],Static LUI/low-pair reference; pointer arithmetic/control flow can invalidate inferred value
DUNE.EXE,0x80176B1C,DAT_80176B1C,LIKELY,code_or_pointer,"[""0x8003C75C"", ""0x8003C85C""]",[],Static LUI/low-pair reference; pointer arithmetic/control flow can invalidate inferred value
DUNE.EXE,0x80176B20,DAT_80176B20,LIKELY,code_or_pointer,"[""0x8003F4C8""]",[],Static LUI/low-pair reference; pointer arithmetic/control flow can invalidate inferred value
DUNE.EXE,0x80176B39,DAT_80176B39,LIKELY,code_or_pointer,"[""0x8004F824""]",[],Static LUI/low-pair reference; pointer arithmetic/control flow can invalidate inferred value
DUNE.EXE,0x80176B44,DAT_80176B44,LIKELY,code_or_pointer,"[""0x8003F8AC"", ""0x8003FB14"", ""0x8003FB2C"", ""0x80052354"", ""0x80052538"", ""0x80052554"", ""0x8005345C"", ""0x80054ABC"", ""0x80054B14""]","[""0x8003F64C"", ""0x800522DC"", ""0x80052300""]",Static LUI/low-pair reference; pointer arithmetic/control flow can invalidate inferred value
DUNE.EXE,0x80176B45,DAT_80176B45,LIKELY,code_or_pointer,"[""0x8001F5B4"", ""0x8003D81C"", ""0x8003D8A0"", ""0x8003F5E4"", ""0x8003F65C"", ""0x8003F698"", ""0x8003FC84"", ""0x8003FF8C"", ""0x80040060"", ""0x80040088"", ""0x80040124"", ""0x8004023C"", ""0x80040370"", ""0x800403C4"", ""0x80040728"", ""0x800450E4"", ""0x8004BCB8"", ""0x8004E79C"", ""0x8004E8CC"", ""0x8004E998"", ""0x800522C8"", ""0x800529C4"", ""0x80052DD4"", ""0x80053404"", ""0x80053448"", ""0x800534C8"", ""0x80053554"", ""0x800535FC"", ""0x80053A1C"", ""0x80054AA8"", ""0x80054B60"", ""0x80054C4C"", ""0x80054C90"", ""0x80055614"", ""0x800557E0"", ""0x8005C0E8"", ""0x8005CE90"", ""0x8005D7E0"", ""0x8006EDF4"", ""0x8006F06C"", ""0x80072608""]","[""0x80040888""]",Static LUI/low-pair reference; pointer arithmetic/control flow can invalidate inferred value
DUNE.EXE,0x80176B48,DAT_80176B48,LIKELY,code_or_pointer,"[""0x80052C68""]",[],Static LUI/low-pair reference; pointer arithmetic/control flow can invalidate inferred value
DUNE.EXE,0x80176B4C,DAT_80176B4C,LIKELY,code_or_pointer,"[""0x80052C74""]",[],Static LUI/low-pair reference; pointer arithmetic/control flow can invalidate inferred value
DUNE.EXE,0x80176B50,DAT_80176B50,LIKELY,code_or_pointer,"[""0x8004049C""]","[""0x800404AC""]",Static LUI/low-pair reference; pointer arithmetic/control flow can invalidate inferred value
DUNE.EXE,0x80176B70,DAT_80176B70,LIKELY,code_or_pointer,"[""0x80037534"", ""0x8003FD48"", ""0x8003FDBC"", ""0x80046470""]","[""0x8004B2F4"", ""0x8005552C""]",Static LUI/low-pair reference; pointer arithmetic/control flow can invalidate inferred value
DUNE.EXE,0x80176B74,DAT_80176B74,LIKELY,code_or_pointer,"[""0x80037580"", ""0x8003FD50"", ""0x8003FDC4"", ""0x80046480""]","[""0x8004B2FC"", ""0x80055518""]",Static LUI/low-pair reference; pointer arithmetic/control flow can invalidate inferred value
DUNE.EXE,0x80176B88,DAT_80176B88,LIKELY,code_or_pointer,"[""0x80052D34""]",[],Static LUI/low-pair reference; pointer arithmetic/control flow can invalidate inferred value
DUNE.EXE,0x80176B90,DAT_80176B90,LIKELY,code_or_pointer,"[""0x800400F4""]","[""0x8004011C""]",Static LUI/low-pair reference; pointer arithmetic/control flow can invalidate inferred value
DUNE.EXE,0x80176B94,DAT_80176B94,LIKELY,code_or_pointer,"[""0x80040228"", ""0x80040300"", ""0x800404E0"", ""0x8004051C"", ""0x8005583C""]","[""0x8003F584"", ""0x8006F174""]",Static LUI/low-pair reference; pointer arithmetic/control flow can invalidate inferred value
DUNE.EXE,0x80176B95,DAT_80176B95,LIKELY,code_or_pointer,"[""0x80040214"", ""0x8004035C"", ""0x800404F4"", ""0x80040538"", ""0x8004058C"", ""0x80040A98"", ""0x800506A8"", ""0x80050E6C"", ""0x80055600"", ""0x800558A0"", ""0x8006EDE0""]","[""0x8003F58C"", ""0x800401B4"", ""0x800405B4"", ""0x8006F190""]",Static LUI/low-pair reference; pointer arithmetic/control flow can invalidate inferred value
DUNE.EXE,0x80176B96,DAT_80176B96,LIKELY,code_or_pointer,[],"[""0x8003F594""]",Static LUI/low-pair reference; pointer arithmetic/control flow can invalidate inferred value
DUNE.EXE,0x80176B97,DAT_80176B97,LIKELY,code_or_pointer,[],"[""0x8003F59C""]",Static LUI/low-pair reference; pointer arithmetic/control flow can invalidate inferred value
DUNE.EXE,0x80176B98,DAT_80176B98,LIKELY,code_or_pointer,"[""0x8003D724"", ""0x8004017C"", ""0x8004043C"", ""0x80041900""]",[],Static LUI/low-pair reference; pointer arithmetic/control flow can invalidate inferred value
DUNE.EXE,0x80176B99,DAT_80176B99,LIKELY,code_or_pointer,"[""0x80040404""]",[],Static LUI/low-pair reference; pointer arithmetic/control flow can invalidate inferred value
DUNE.EXE,0x80176BA0,DAT_80176BA0,LIKELY,code_or_pointer,"[""0x8003D708"", ""0x80040198"", ""0x80040450"", ""0x800418F4""]",[],Static LUI/low-pair reference; pointer arithmetic/control flow can invalidate inferred value
DUNE.EXE,0x80176BA1,DAT_80176BA1,LIKELY,code_or_pointer,"[""0x80040418""]",[],Static LUI/low-pair reference; pointer arithmetic/control flow can invalidate inferred value
DUNE.EXE,0x80176BB4,DAT_80176BB4,LIKELY,code_or_pointer,"[""0x800721A4""]",[],Static LUI/low-pair reference; pointer arithmetic/control flow can invalidate inferred value
DUNE.EXE,0x80176BB8,DAT_80176BB8,LIKELY,code_or_pointer,"[""0x80072190""]",[],Static LUI/low-pair reference; pointer arithmetic/control flow can invalidate inferred value
DUNE.EXE,0x80176BBC,DAT_80176BBC,LIKELY,code_or_pointer,"[""0x800400E4"", ""0x80072148""]",[],Static LUI/low-pair reference; pointer arithmetic/control flow can invalidate inferred value
DUNE.EXE,0x80176BE4,DAT_80176BE4,LIKELY,code_or_pointer,"[""0x800527A8""]","[""0x80040918""]",Static LUI/low-pair reference; pointer arithmetic/control flow can invalidate inferred value
DUNE.EXE,0x80176BE5,DAT_80176BE5,LIKELY,code_or_pointer,"[""0x800527C8"", ""0x80053514""]","[""0x80040924""]",Static LUI/low-pair reference; pointer arithmetic/control flow can invalidate inferred value
DUNE.EXE,0x80176BE6,DAT_80176BE6,LIKELY,code_or_pointer,"[""0x80053470"", ""0x80053524""]","[""0x8004096C""]",Static LUI/low-pair reference; pointer arithmetic/control flow can invalidate inferred value
DUNE.EXE,0x80176BE8,DAT_80176BE8,LIKELY,code_or_pointer,"[""0x8005243C"", ""0x80052540"", ""0x8005C0FC"", ""0x8005CEA4"", ""0x8005D7F4""]","[""0x80040930""]",Static LUI/low-pair reference; pointer arithmetic/control flow can invalidate inferred value
DUNE.EXE,0x80176BE9,DAT_80176BE9,LIKELY,code_or_pointer,"[""0x8003FAEC""]","[""0x8004093C""]",Static LUI/low-pair reference; pointer arithmetic/control flow can invalidate inferred value
DUNE.EXE,0x80176BEA,DAT_80176BEA,LIKELY,code_or_pointer,"[""0x80045120"", ""0x800529EC""]","[""0x80040948""]",Static LUI/low-pair reference; pointer arithmetic/control flow can invalidate inferred value
DUNE.EXE,0x80176BEC,DAT_80176BEC,LIKELY,code_or_pointer,"[""0x8003F6D8"", ""0x8006A584""]","[""0x80040900""]",Static LUI/low-pair reference; pointer arithmetic/control flow can invalidate inferred value
DUNE.EXE,0x80176BED,DAT_80176BED,LIKELY,code_or_pointer,"[""0x8003F6E0""]","[""0x8004090C""]",Static LUI/low-pair reference; pointer arithmetic/control flow can invalidate inferred value
DUNE.EXE,0x80176BEE,DAT_80176BEE,LIKELY,code_or_pointer,[],"[""0x80040974""]",Static LUI/low-pair reference; pointer arithmetic/control flow can invalidate inferred value
DUNE.EXE,0x80176BF2,DAT_80176BF2,LIKELY,code_or_pointer,"[""0x80040250""]",[],Static LUI/low-pair reference; pointer arithmetic/control flow can invalidate inferred value
DUNE.EXE,0x80176BF4,DAT_80176BF4,LIKELY,code_or_pointer,"[""0x800400D8""]","[""0x80040100""]",Static LUI/low-pair reference; pointer arithmetic/control flow can invalidate inferred value
DUNE.EXE,0x80176C10,DAT_80176C10,LIKELY,code_or_pointer,[],"[""0x8003F578""]",Static LUI/low-pair reference; pointer arithmetic/control flow can invalidate inferred value
DUNE.EXE,0x80176C19,DAT_80176C19,LIKELY,code_or_pointer,"[""0x80040074""]",[],Static LUI/low-pair reference; pointer arithmetic/control flow can invalidate inferred value
DUNE.EXE,0x80176C30,DAT_80176C30,LIKELY,code_or_pointer,[],"[""0x8004010C""]",Static LUI/low-pair reference; pointer arithmetic/control flow can invalidate inferred value
DUNE.EXE,0x80176C4C,DAT_80176C4C,LIKELY,code_or_pointer,"[""0x80055628""]",[],Static LUI/low-pair reference; pointer arithmetic/control flow can invalidate inferred value
DUNE.EXE,0x80176C54,DAT_80176C54,LIKELY,code_or_pointer,"[""0x800556A8""]",[],Static LUI/low-pair reference; pointer arithmetic/control flow can invalidate inferred value
DUNE.EXE,0x80176C68,DAT_80176C68,LIKELY,code_or_pointer,"[""0x8004004C"", ""0x800551B4"", ""0x80055520"", ""0x800555AC"", ""0x800555D8"", ""0x80063138"", ""0x800632A8""]","[""0x80040A04"", ""0x80069DC8"", ""0x80069E98""]",Static LUI/low-pair reference; pointer arithmetic/control flow can invalidate inferred value
DUNE.EXE,0x80176C6C,DAT_80176C6C,LIKELY,code_or_pointer,"[""0x800553F8"", ""0x80055414"", ""0x80055588"", ""0x800555EC"", ""0x800556EC"", ""0x80055798"", ""0x80055828""]","[""0x80040154"", ""0x80040528"", ""0x800409F4"", ""0x8006A070""]",Static LUI/low-pair reference; pointer arithmetic/control flow can invalidate inferred value
DUNE.EXE,0x80176C70,DAT_80176C70,LIKELY,code_or_pointer,"[""0x80040398"", ""0x80040A70"", ""0x80055988""]","[""0x8006A088""]",Static LUI/low-pair reference; pointer arithmetic/control flow can invalidate inferred value
DUNE.EXE,0x80176C74,DAT_80176C74,LIKELY,code_or_pointer,"[""0x80040384"", ""0x80040508"", ""0x80040A84"", ""0x80055900""]","[""0x8003F634"", ""0x800401BC"", ""0x800409FC""]",Static LUI/low-pair reference; pointer arithmetic/control flow can invalidate inferred value
DUNE.EXE,0x80176C88,DAT_80176C88,LIKELY,code_or_pointer,"[""0x8006C5FC""]",[],Static LUI/low-pair reference; pointer arithmetic/control flow can invalidate inferred value
DUNE.EXE,0x80176C89,DAT_80176C89,LIKELY,code_or_pointer,"[""0x80055718""]",[],Static LUI/low-pair reference; pointer arithmetic/control flow can invalidate inferred value
DUNE.EXE,0x80176C8C,DAT_80176C8C,LIKELY,code_or_pointer,"[""0x8004061C"", ""0x80055178"", ""0x80055198"", ""0x80055428"", ""0x80055470"", ""0x8005572C"", ""0x8005599C"", ""0x80068EBC"", ""0x800693B4"", ""0x80069718"", ""0x80069758"", ""0x80069E20"", ""0x80069EB4"", ""0x80069EE8"", ""0x80069F84"", ""0x80069FA0"", ""0x8006A0A4"", ""0x8006BB24"", ""0x8006C5E0"", ""0x8006CF98"", ""0x8006D234"", ""0x8006D280"", ""0x8006D450"", ""0x8006DCDC""]","[""0x80069E64"", ""0x80069F18"", ""0x8006D24C"", ""0x8006D298"", ""0x8006D460"", ""0x8006DCF4""]",Static LUI/low-pair reference; pointer arithmetic/control flow can invalidate inferred value
DUNE.EXE,0x80176D00,DAT_80176D00,LIKELY,code_or_pointer,"[""0x80062994"", ""0x80063744""]",[],Static LUI/low-pair reference; pointer arithmetic/control flow can invalidate inferred value
DUNE.EXE,0x80176D08,DAT_80176D08,LIKELY,code_or_pointer,"[""0x800629AC"", ""0x80063760""]",[],Static LUI/low-pair reference; pointer arithmetic/control flow can invalidate inferred value
DUNE.EXE,0x80176D20,DAT_80176D20,LIKELY,code_or_pointer,"[""0x80063750""]",[],Static LUI/low-pair reference; pointer arithmetic/control flow can invalidate inferred value
DUNE.EXE,0x80176D28,DAT_80176D28,LIKELY,code_or_pointer,"[""0x8006376C""]",[],Static LUI/low-pair reference; pointer arithmetic/control flow can invalidate inferred value
DUNE.EXE,0x80176D30,DAT_80176D30,LIKELY,code_or_pointer,"[""0x80063778""]",[],Static LUI/low-pair reference; pointer arithmetic/control flow can invalidate inferred value
DUNE.EXE,0x80176D38,DAT_80176D38,LIKELY,code_or_pointer,"[""0x80063838""]",[],Static LUI/low-pair reference; pointer arithmetic/control flow can invalidate inferred value
DUNE.EXE,0x80176D48,DAT_80176D48,LIKELY,code_or_pointer,"[""0x8005F3C0""]","[""0x8005F160"", ""0x8005F254"", ""0x8005F3B0""]",Static LUI/low-pair reference; pointer arithmetic/control flow can invalidate inferred value
DUNE.EXE,0x80176D4C,DAT_80176D4C,LIKELY,code_or_pointer,"[""0x80055ACC"", ""0x80055AE0"", ""0x8005B368"", ""0x80066FFC"", ""0x80067014"", ""0x80068B70"", ""0x80070488"", ""0x800704A4"", ""0x80070604"", ""0x800706A4""]",[],Static LUI/low-pair reference; pointer arithmetic/control flow can invalidate inferred value
DUNE.EXE,0x80176D50,DAT_80176D50,LIKELY,code_or_pointer,"[""0x8003EEC8"", ""0x8003EF00"", ""0x8003EF38"", ""0x8004E7D0"", ""0x8004E8AC"", ""0x8004E93C"", ""0x8004EA04"", ""0x80054770"", ""0x80055638"", ""0x80055804"", ""0x80055860"", ""0x8005588C"", ""0x800558C0"", ""0x800558EC"", ""0x80055924"", ""0x80055954"", ""0x8005F3F8"", ""0x800697A4"", ""0x80069830"", ""0x8006987C"", ""0x800698F8"", ""0x80069948"", ""0x800699C4"", ""0x80069A14"", ""0x80069A8C"", ""0x80069B2C"", ""0x80069B78"", ""0x80069BC8"", ""0x80069C90"", ""0x80069CF4"", ""0x80069D54"", ""0x8006A0EC"", ""0x8006A144"", ""0x8006A174"", ""0x8006A324"", ""0x8006A34C"", ""0x8006A380"", ""0x8006A3B0"", ""0x8006C6C4"", ""0x8006C71C"", ""0x8006C778"", ""0x8006C7D4"", ""0x8006C844"", ""0x8006C90C"", ""0x8006C954"", ""0x8006C9B4"", ""0x8006CA2C"", ""0x8006F114"", ""0x8006FEB8"", ""0x8006FEF0"", ""0x8006FFE8"", ""0x80070020"", ""0x80070174"", ""0x8007023C"", ""0x8007039C""]",[],Static LUI/low-pair reference; pointer arithmetic/control flow can invalidate inferred value
DUNE.EXE,0x80176D54,DAT_80176D54,LIKELY,code_or_pointer,"[""0x8003EEC0"", ""0x8003EEF8"", ""0x8003EF30"", ""0x8004E7C8"", ""0x8004E8A4"", ""0x8004E914"", ""0x8004E9DC"", ""0x80054768"", ""0x80055630"", ""0x800557FC"", ""0x80055858"", ""0x80055884"", ""0x800558B8"", ""0x800558E4"", ""0x8005591C"", ""0x8005594C"", ""0x8005F3F0"", ""0x800697BC"", ""0x80069840"", ""0x80069874"", ""0x80069908"", ""0x80069940"", ""0x800699D4"", ""0x80069A0C"", ""0x80069A9C"", ""0x80069B3C"", ""0x80069B70"", ""0x80069BE0"", ""0x80069C88"", ""0x80069D04"", ""0x80069D6C"", ""0x8006A0E4"", ""0x8006A13C"", ""0x8006A16C"", ""0x8006A31C"", ""0x8006A344"", ""0x8006A378"", ""0x8006A3A8"", ""0x8006C6D8"", ""0x8006C714"", ""0x8006C770"", ""0x8006C7CC"", ""0x8006C83C"", ""0x8006C8F8"", ""0x8006C94C"", ""0x8006C9AC"", ""0x8006CA24"", ""0x8006F10C"", ""0x8006FEAC"", ""0x8006FF00"", ""0x8006FFDC"", ""0x80070030"", ""0x8007016C"", ""0x80070234"", ""0x80070394""]",[],Static LUI/low-pair reference; pointer arithmetic/control flow can invalidate inferred value
DUNE.EXE,0x80176D6C,DAT_80176D6C,LIKELY,code_or_pointer,"[""0x80067880""]",[],Static LUI/low-pair reference; pointer arithmetic/control flow can invalidate inferred value
DUNE.EXE,0x80176D74,DAT_80176D74,LIKELY,code_or_pointer,"[""0x800678E8""]",[],Static LUI/low-pair reference; pointer arithmetic/control flow can invalidate inferred value
DUNE.EXE,0x80176D84,DAT_80176D84,LIKELY,code_or_pointer,"[""0x8006C480""]",[],Static LUI/low-pair reference; pointer arithmetic/control flow can invalidate inferred value
DUNE.EXE,0x80176D88,DAT_80176D88,LIKELY,code_or_pointer,"[""0x8006C464""]",[],Static LUI/low-pair reference; pointer arithmetic/control flow can invalidate inferred value
DUNE.EXE,0x80176DAC,DAT_80176DAC,LIKELY,code_or_pointer,"[""0x8005C600"", ""0x8005C660"", ""0x8005D3B4"", ""0x8005D3E8"", ""0x8005DB90"", ""0x8005DBB4""]","[""0x8005C610"", ""0x8005C624"", ""0x8005C670"", ""0x8005C684"", ""0x8005D3C4"", ""0x8005D3D8"", ""0x8005D3F8"", ""0x8005D40C"", ""0x8005DB64""]",Static LUI/low-pair reference; pointer arithmetic/control flow can invalidate inferred value
DUNE.EXE,0x80176DB0,DAT_80176DB0,LIKELY,code_or_pointer,"[""0x8005544C"", ""0x800557C4"", ""0x8005C5D8"", ""0x8005D378""]",[],Static LUI/low-pair reference; pointer arithmetic/control flow can invalidate inferred value
DUNE.EXE,0x80176DBC,DAT_80176DBC,LIKELY,code_or_pointer,"[""0x80069A5C""]",[],Static LUI/low-pair reference; pointer arithmetic/control flow can invalidate inferred value
DUNE.EXE,0x80176DC0,DAT_80176DC0,LIKELY,code_or_pointer,"[""0x8006A0F0""]",[],Static LUI/low-pair reference; pointer arithmetic/control flow can invalidate inferred value
DUNE.EXE,0x80176DCC,DAT_80176DCC,LIKELY,code_or_pointer,"[""0x80055768""]",[],Static LUI/low-pair reference; pointer arithmetic/control flow can invalidate inferred value
DUNE.EXE,0x80176DCD,DAT_80176DCD,LIKELY,code_or_pointer,"[""0x8005577C""]",[],Static LUI/low-pair reference; pointer arithmetic/control flow can invalidate inferred value
DUNE.EXE,0x80176DDC,DAT_80176DDC,LIKELY,code_or_pointer,"[""0x8005BD18"", ""0x8005BD6C"", ""0x8005BDC0"", ""0x8005BE14"", ""0x8005C8EC"", ""0x8005D5AC""]",[],Static LUI/low-pair reference; pointer arithmetic/control flow can invalidate inferred value
DUNE.EXE,0x80176DE0,DAT_80176DE0,LIKELY,code_or_pointer,"[""0x8005BD00"", ""0x8005BD54"", ""0x8005BDA8"", ""0x8005BDFC"", ""0x8005BEC8"", ""0x8005BF9C"", ""0x8005BFE8"", ""0x8005C86C"", ""0x8005C890"", ""0x8005C8B0"", ""0x8005C8D4"", ""0x8005C90C"", ""0x8005CC6C"", ""0x8005CCB8"", ""0x8005D5B4"", ""0x8005D66C"", ""0x8005D6B0"", ""0x8005D6FC"", ""0x8005FF24"", ""0x80060048""]","[""0x8005BD28"", ""0x8005BD7C"", ""0x8005BDD0"", ""0x8005BE24"", ""0x8005C8FC"", ""0x8005D650""]",Static LUI/low-pair reference; pointer arithmetic/control flow can invalidate inferred value
DUNE.EXE,0x80176E10,DAT_80176E10,LIKELY,code_or_pointer,"[""0x8006C740"", ""0x8006C86C"", ""0x8006C8DC"", ""0x8006C9DC"", ""0x8006CA08""]",[],Static LUI/low-pair reference; pointer arithmetic/control flow can invalidate inferred value
DUNE.EXE,0x80176E18,DAT_80176E18,LIKELY,code_or_pointer,"[""0x8006E8C8""]",[],Static LUI/low-pair reference; pointer arithmetic/control flow can invalidate inferred value
DUNE.EXE,0x80176E1B,DAT_80176E1B,LIKELY,code_or_pointer,[],"[""0x8005ABB0""]",Static LUI/low-pair reference; pointer arithmetic/control flow can invalidate inferred value
DUNE.EXE,0x80176E1C,DAT_80176E1C,LIKELY,code_or_pointer,"[""0x8005CB8C"", ""0x8005CF08""]","[""0x8005ABB8""]",Static LUI/low-pair reference; pointer arithmetic/control flow can invalidate inferred value
DUNE.EXE,0x80176E1D,DAT_80176E1D,LIKELY,code_or_pointer,[],"[""0x8005ABC0""]",Static LUI/low-pair reference; pointer arithmetic/control flow can invalidate inferred value
DUNE.EXE,0x80176E1E,DAT_80176E1E,LIKELY,code_or_pointer,[],"[""0x8005ABC8""]",Static LUI/low-pair reference; pointer arithmetic/control flow can invalidate inferred value
DUNE.EXE,0x80176E1F,DAT_80176E1F,LIKELY,code_or_pointer,"[""0x8005BE88"", ""0x8005C0A8"", ""0x8005CB48"", ""0x8005CD88""]","[""0x8005ABD0""]",Static LUI/low-pair reference; pointer arithmetic/control flow can invalidate inferred value
DUNE.EXE,0x80176E20,DAT_80176E20,LIKELY,code_or_pointer,[],"[""0x8005ABD8"", ""0x8005B840"", ""0x8005BF64"", ""0x8005CC34""]",Static LUI/low-pair reference; pointer arithmetic/control flow can invalidate inferred value
DUNE.EXE,0x80176E64,DAT_80176E64,LIKELY,code_or_pointer,"[""0x80070A34""]",[],Static LUI/low-pair reference; pointer arithmetic/control flow can invalidate inferred value
DUNE.EXE,0x80176E6C,DAT_80176E6C,LIKELY,code_or_pointer,"[""0x80070A74""]",[],Static LUI/low-pair reference; pointer arithmetic/control flow can invalidate inferred value
DUNE.EXE,0x80176E74,DAT_80176E74,LIKELY,code_or_pointer,"[""0x80070AF0""]",[],Static LUI/low-pair reference; pointer arithmetic/control flow can invalidate inferred value
DUNE.EXE,0x80176E7C,DAT_80176E7C,LIKELY,code_or_pointer,"[""0x80070B00""]",[],Static LUI/low-pair reference; pointer arithmetic/control flow can invalidate inferred value
DUNE.EXE,0x80176E84,DAT_80176E84,LIKELY,code_or_pointer,"[""0x80070BC0""]",[],Static LUI/low-pair reference; pointer arithmetic/control flow can invalidate inferred value
DUNE.EXE,0x80176E8C,DAT_80176E8C,LIKELY,code_or_pointer,"[""0x80070C50""]",[],Static LUI/low-pair reference; pointer arithmetic/control flow can invalidate inferred value
DUNE.EXE,0x80176E94,DAT_80176E94,LIKELY,code_or_pointer,"[""0x80070C68""]",[],Static LUI/low-pair reference; pointer arithmetic/control flow can invalidate inferred value
DUNE.EXE,0x80176E9C,DAT_80176E9C,LIKELY,code_or_pointer,"[""0x80070E08""]",[],Static LUI/low-pair reference; pointer arithmetic/control flow can invalidate inferred value
DUNE.EXE,0x80176EA4,DAT_80176EA4,LIKELY,code_or_pointer,"[""0x80070E68""]",[],Static LUI/low-pair reference; pointer arithmetic/control flow can invalidate inferred value
DUNE.EXE,0x80176EAC,DAT_80176EAC,LIKELY,code_or_pointer,"[""0x80070E9C""]",[],Static LUI/low-pair reference; pointer arithmetic/control flow can invalidate inferred value
DUNE.EXE,0x80176EB4,DAT_80176EB4,LIKELY,code_or_pointer,"[""0x80070F18""]",[],Static LUI/low-pair reference; pointer arithmetic/control flow can invalidate inferred value
DUNE.EXE,0x80176EBC,DAT_80176EBC,LIKELY,code_or_pointer,"[""0x80070F28""]",[],Static LUI/low-pair reference; pointer arithmetic/control flow can invalidate inferred value
DUNE.EXE,0x80176EC4,DAT_80176EC4,LIKELY,code_or_pointer,"[""0x800710F4""]",[],Static LUI/low-pair reference; pointer arithmetic/control flow can invalidate inferred value
DUNE.EXE,0x80176EC8,DAT_80176EC8,LIKELY,code_or_pointer,"[""0x80071170""]",[],Static LUI/low-pair reference; pointer arithmetic/control flow can invalidate inferred value
DUNE.EXE,0x80176ED0,DAT_80176ED0,LIKELY,code_or_pointer,"[""0x80071180""]",[],Static LUI/low-pair reference; pointer arithmetic/control flow can invalidate inferred value
DUNE.EXE,0x80176ED8,DAT_80176ED8,LIKELY,code_or_pointer,"[""0x80071268""]",[],Static LUI/low-pair reference; pointer arithmetic/control flow can invalidate inferred value
DUNE.EXE,0x80176EE0,DAT_80176EE0,LIKELY,code_or_pointer,"[""0x80071294""]",[],Static LUI/low-pair reference; pointer arithmetic/control flow can invalidate inferred value
DUNE.EXE,0x80176EE8,DAT_80176EE8,LIKELY,code_or_pointer,"[""0x800712A0""]",[],Static LUI/low-pair reference; pointer arithmetic/control flow can invalidate inferred value
DUNE.EXE,0x80176EF0,DAT_80176EF0,LIKELY,code_or_pointer,"[""0x800712FC""]",[],Static LUI/low-pair reference; pointer arithmetic/control flow can invalidate inferred value
DUNE.EXE,0x80176EF8,DAT_80176EF8,LIKELY,code_or_pointer,"[""0x80071364""]",[],Static LUI/low-pair reference; pointer arithmetic/control flow can invalidate inferred value
DUNE.EXE,0x80176F00,DAT_80176F00,LIKELY,code_or_pointer,"[""0x80071414""]",[],Static LUI/low-pair reference; pointer arithmetic/control flow can invalidate inferred value
DUNE.EXE,0x80176F08,DAT_80176F08,LIKELY,code_or_pointer,"[""0x8007146C""]",[],Static LUI/low-pair reference; pointer arithmetic/control flow can invalidate inferred value
DUNE.EXE,0x80176F10,DAT_80176F10,LIKELY,code_or_pointer,"[""0x800714C8""]",[],Static LUI/low-pair reference; pointer arithmetic/control flow can invalidate inferred value
DUNE.EXE,0x80176F18,DAT_80176F18,LIKELY,code_or_pointer,"[""0x80071540""]",[],Static LUI/low-pair reference; pointer arithmetic/control flow can invalidate inferred value
DUNE.EXE,0x80176F20,DAT_80176F20,LIKELY,code_or_pointer,"[""0x80071598""]",[],Static LUI/low-pair reference; pointer arithmetic/control flow can invalidate inferred value
DUNE.EXE,0x80176F28,DAT_80176F28,LIKELY,code_or_pointer,"[""0x800715F0""]",[],Static LUI/low-pair reference; pointer arithmetic/control flow can invalidate inferred value
DUNE.EXE,0x80176F30,DAT_80176F30,LIKELY,code_or_pointer,"[""0x80071648""]",[],Static LUI/low-pair reference; pointer arithmetic/control flow can invalidate inferred value
DUNE.EXE,0x80176F34,DAT_80176F34,LIKELY,code_or_pointer,"[""0x800716A0""]",[],Static LUI/low-pair reference; pointer arithmetic/control flow can invalidate inferred value
DUNE.EXE,0x80176F48,DAT_80176F48,LIKELY,code_or_pointer,"[""0x800728F8""]",[],Static LUI/low-pair reference; pointer arithmetic/control flow can invalidate inferred value
DUNE.EXE,0x80176F58,DAT_80176F58,LIKELY,code_or_pointer,"[""0x8005A88C"", ""0x8005A944"", ""0x8005A960""]","[""0x8005A900""]",Static LUI/low-pair reference; pointer arithmetic/control flow can invalidate inferred value
DUNE.EXE,0x80176F5C,DAT_80176F5C,LIKELY,code_or_pointer,"[""0x8005A934""]","[""0x8005A914""]",Static LUI/low-pair reference; pointer arithmetic/control flow can invalidate inferred value
DUNE.EXE,0x80176F60,DAT_80176F60,LIKELY,code_or_pointer,"[""0x8005A93C""]","[""0x8005A91C""]",Static LUI/low-pair reference; pointer arithmetic/control flow can invalidate inferred value
DUNE.EXE,0x80176FE0,DAT_80176FE0,LIKELY,code_or_pointer,"[""0x8004E838"", ""0x8004E960""]",[],Static LUI/low-pair reference; pointer arithmetic/control flow can invalidate inferred value
DUNE.EXE,0x80177048,DAT_80177048,LIKELY,code_or_pointer,"[""0x8005AC58"", ""0x8005AD94"", ""0x8005AD98"", ""0x8005AFD4"", ""0x8005B29C"", ""0x8005B8B8"", ""0x8005C7BC"", ""0x8005D32C""]",[],Static LUI/low-pair reference; pointer arithmetic/control flow can invalidate inferred value
DUNE.EXE,0x8017704E,DAT_8017704E,LIKELY,code_or_pointer,"[""0x8005D480""]",[],Static LUI/low-pair reference; pointer arithmetic/control flow can invalidate inferred value
DUNE.EXE,0x8017704F,DAT_8017704F,LIKELY,code_or_pointer,"[""0x8005DC54""]",[],Static LUI/low-pair reference; pointer arithmetic/control flow can invalidate inferred value
DUNE.EXE,0x80177098,DAT_80177098,LIKELY,code_or_pointer,"[""0x8005AC00"", ""0x8005AC44"", ""0x8005B124"", ""0x8005D684"", ""0x8005D8F0""]",[],Static LUI/low-pair reference; pointer arithmetic/control flow can invalidate inferred value
DUNE.EXE,0x8017709C,DAT_8017709C,LIKELY,code_or_pointer,"[""0x8005DE44""]",[],Static LUI/low-pair reference; pointer arithmetic/control flow can invalidate inferred value
DUNE.EXE,0x801770A0,DAT_801770A0,LIKELY,code_or_pointer,"[""0x8005DB48""]",[],Static LUI/low-pair reference; pointer arithmetic/control flow can invalidate inferred value
DUNE.EXE,0x801770A8,DAT_801770A8,LIKELY,code_or_pointer,"[""0x8005B2AC"", ""0x8005B2C8"", ""0x8005BBC0"", ""0x8005D23C""]","[""0x8005B2C4""]",Static LUI/low-pair reference; pointer arithmetic/control flow can invalidate inferred value
DUNE.EXE,0x801770B0,DAT_801770B0,LIKELY,code_or_pointer,"[""0x8005CAFC"", ""0x8005CD38"", ""0x8005D44C""]",[],Static LUI/low-pair reference; pointer arithmetic/control flow can invalidate inferred value
DUNE.EXE,0x801778D8,DAT_801778D8,LIKELY,code_or_pointer,"[""0x80062ABC"", ""0x80062CB0""]",[],Static LUI/low-pair reference; pointer arithmetic/control flow can invalidate inferred value
DUNE.EXE,0x80177918,DAT_80177918,LIKELY,code_or_pointer,"[""0x80062A40""]",[],Static LUI/low-pair reference; pointer arithmetic/control flow can invalidate inferred value
DUNE.EXE,0x80177974,DAT_80177974,LIKELY,code_or_pointer,"[""0x80063404"", ""0x800634BC""]","[""0x8006353C"", ""0x800635A0""]",Static LUI/low-pair reference; pointer arithmetic/control flow can invalidate inferred value
DUNE.EXE,0x80177978,DAT_80177978,LIKELY,code_or_pointer,"[""0x80063850""]",[],Static LUI/low-pair reference; pointer arithmetic/control flow can invalidate inferred value
DUNE.EXE,0x80177E98,DAT_80177E98,LIKELY,code_or_pointer,"[""0x8006389C""]",[],Static LUI/low-pair reference; pointer arithmetic/control flow can invalidate inferred value
DUNE.EXE,0x80177F88,DAT_80177F88,LIKELY,code_or_pointer,"[""0x80064108""]",[],Static LUI/low-pair reference; pointer arithmetic/control flow can invalidate inferred value
DUNE.EXE,0x80177FA8,DAT_80177FA8,LIKELY,code_or_pointer,"[""0x80063E78"", ""0x80064110"", ""0x800642C0""]",[],Static LUI/low-pair reference; pointer arithmetic/control flow can invalidate inferred value
DUNE.EXE,0x80177FC8,DAT_80177FC8,LIKELY,code_or_pointer,"[""0x8006402C""]",[],Static LUI/low-pair reference; pointer arithmetic/control flow can invalidate inferred value
DUNE.EXE,0x801787C8,DAT_801787C8,LIKELY,code_or_pointer,"[""0x80063CA8""]",[],Static LUI/low-pair reference; pointer arithmetic/control flow can invalidate inferred value
DUNE.EXE,0x8017E7C8,DAT_8017E7C8,LIKELY,code_or_pointer,"[""0x8006F1FC"", ""0x8006F290"", ""0x8006F2D4"", ""0x8006F38C"", ""0x8006F5AC"", ""0x8006F6E4"", ""0x8006F738"", ""0x8006F760"", ""0x8006F7BC"", ""0x8006F7D8""]","[""0x8006F1F8""]",Static LUI/low-pair reference; pointer arithmetic/control flow can invalidate inferred value
DUNE.EXE,0x8017E818,DAT_8017E818,LIKELY,code_or_pointer,"[""0x80072674""]",[],Static LUI/low-pair reference; pointer arithmetic/control flow can invalidate inferred value
DUNE.EXE,0x8017E828,DAT_8017E828,LIKELY,code_or_pointer,"[""0x80072640""]",[],Static LUI/low-pair reference; pointer arithmetic/control flow can invalidate inferred value
DUNE.EXE,0x8017E838,DAT_8017E838,LIKELY,code_or_pointer,"[""0x800720D8"", ""0x8007213C"", ""0x80072630""]",[],Static LUI/low-pair reference; pointer arithmetic/control flow can invalidate inferred value
DUNE.EXE,0x8017F918,DAT_8017F918,LIKELY,code_or_pointer,"[""0x80072748""]",[],Static LUI/low-pair reference; pointer arithmetic/control flow can invalidate inferred value
DUNE.EXE,0x8017FFF0,DAT_8017FFF0,LIKELY,code_or_pointer,"[""0x8007ABB4"", ""0x8007ABFC""]","[""0x8007ABA8""]",Static LUI/low-pair reference; pointer arithmetic/control flow can invalidate inferred value
DUNE.EXE,0x8017FFF2,DAT_8017FFF2,LIKELY,code_or_pointer,[],"[""0x8007AB84""]",Static LUI/low-pair reference; pointer arithmetic/control flow can invalidate inferred value
DUNE.EXE,0x8017FFF4,DAT_8017FFF4,LIKELY,code_or_pointer,"[""0x8007ABB8"", ""0x8007AC00""]","[""0x8007AB80""]",Static LUI/low-pair reference; pointer arithmetic/control flow can invalidate inferred value
DUNE.EXE,0x8017FFF6,DAT_8017FFF6,LIKELY,code_or_pointer,[],"[""0x8007AB8C""]",Static LUI/low-pair reference; pointer arithmetic/control flow can invalidate inferred value
DUNE.EXE,0x8017FFF8,DAT_8017FFF8,LIKELY,code_or_pointer,"[""0x80076594"", ""0x8007A9F4"", ""0x8007ABBC"", ""0x8007AC04"", ""0x8007AEF0""]","[""0x8007ABAC""]",Static LUI/low-pair reference; pointer arithmetic/control flow can invalidate inferred value
DUNE.EXE,0x8017FFFA,DAT_8017FFFA,LIKELY,code_or_pointer,[],"[""0x8007AB88""]",Static LUI/low-pair reference; pointer arithmetic/control flow can invalidate inferred value
DUNE.EXE,0x8017FFFC,DAT_8017FFFC,LIKELY,code_or_pointer,"[""0x8007ABC0"", ""0x8007AC08""]","[""0x8007AB94"", ""0x80083608""]",Static LUI/low-pair reference; pointer arithmetic/control flow can invalidate inferred value
DUNE.EXE,0x8017FFFE,DAT_8017FFFE,LIKELY,code_or_pointer,[],"[""0x8007AB90""]",Static LUI/low-pair reference; pointer arithmetic/control flow can invalidate inferred value
DUNE.EXE,0x80180000,DAT_80180000,LIKELY,code_or_pointer,"[""0x8007ABD4"", ""0x8007AC1C"", ""0x8007AC50"", ""0x8007AEAC"", ""0x8007AF20"", ""0x8007AFDC"", ""0x8007B0CC"", ""0x8007B1A4"", ""0x8007B5D8"", ""0x8007BAC4"", ""0x8007BE5C"", ""0x80081F40"", ""0x80081FB8"", ""0x80081FE0"", ""0x8008205C"", ""0x800821B8"", ""0x800821EC"", ""0x80082268"", ""0x800822B0"", ""0x800822CC"", ""0x80082450"", ""0x80082468"", ""0x80082540"", ""0x80082558"", ""0x800825A4"", ""0x800825B8"", ""0x8008266C"", ""0x800827C0"", ""0x80082938"", ""0x8008299C"", ""0x80082A60"", ""0x80082A9C"", ""0x80082AD8"", ""0x80082C4C"", ""0x80082DF0"", ""0x80082E88"", ""0x80082EA8"", ""0x80083524"", ""0x8008357C"", ""0x800836C8"", ""0x800836FC"", ""0x800875DC""]","[""0x8007A9FC"", ""0x8007AA30"", ""0x8007AACC"", ""0x8007AAE4"", ""0x8007ABB0"", ""0x8007ABC4"", ""0x8007AC0C"", ""0x8007AC44"", ""0x8007AC5C"", ""0x8007ACA0"", ""0x8007ACB4"", ""0x8007ACD0"", ""0x8007ACF8"", ""0x8007AEDC"", ""0x8007AFEC"", ""0x8007B038"", ""0x8007B498"", ""0x8007B4A8"", ""0x8007B4BC"", ""0x8007B4CC"", ""0x8007B4E0"", ""0x8007B4F0"", ""0x8007B54C"", ""0x8007B9F8"", ""0x8007BA74"", ""0x8007BF68"", ""0x8007C054"", ""0x8007F0AC"", ""0x8007F110"", ""0x8007F160"", ""0x80082940"", ""0x80082A50"", ""0x80082DEC"", ""0x80082DFC"", ""0x80082EA4"", ""0x80082EB4"", ""0x800835F8"", ""0x800838CC"", ""0x800874E0""]",Static LUI/low-pair reference; pointer arithmetic/control flow can invalidate inferred value
DUNE.EXE,0x80180002,DAT_80180002,LIKELY,code_or_pointer,"[""0x8007AEE0"", ""0x8007AFE0"", ""0x800827CC""]","[""0x8007A9F8"", ""0x8007AA34"", ""0x8007AAD0"", ""0x8007AAEC"", ""0x8007ACA4"", ""0x8007ACB8"", ""0x8007ACCC"", ""0x8007ACDC"", ""0x8007AEFC"", ""0x8007AFF4"", ""0x8007B04C"", ""0x8007B49C"", ""0x8007B4B0"", ""0x8007B4C0"", ""0x8007B4D4"", ""0x8007B4E4"", ""0x8007B4F4"", ""0x8007B560"", ""0x800874E4""]",Static LUI/low-pair reference; pointer arithmetic/control flow can invalidate inferred value
DUNE.EXE,0x80180003,DAT_80180003,LIKELY,code_or_pointer,[],"[""0x8007AAD4"", ""0x8007ACFC"", ""0x8007AD08""]",Static LUI/low-pair reference; pointer arithmetic/control flow can invalidate inferred value
DUNE.EXE,0x80180004,DAT_80180004,LIKELY,code_or_pointer,"[""0x800767F8"", ""0x8007ABD8"", ""0x8007AC20"", ""0x8007AC54"", ""0x8007AFC8"", ""0x8007B0D0"", ""0x8007B1A8"", ""0x8007B5DC"", ""0x8007BAC8"", ""0x8007BE60"", ""0x80082BD4"", ""0x80082E04"", ""0x80087518""]","[""0x8006F208"", ""0x8007AA0C"", ""0x8007AA38"", ""0x8007AAD8"", ""0x8007ABA0"", ""0x8007ABC8"", ""0x8007AC10"", ""0x8007AC60"", ""0x8007AD2C"", ""0x8007AFD8"", ""0x8007B9FC"", ""0x8007BA78"", ""0x8007BF6C"", ""0x8007C058"", ""0x8007F0D0"", ""0x8007F170"", ""0x80082BE0"", ""0x80082E00"", ""0x80082E0C"", ""0x80083604"", ""0x800838C8"", ""0x800875A4""]",Static LUI/low-pair reference; pointer arithmetic/control flow can invalidate inferred value
DUNE.EXE,0x80180006,DAT_80180006,LIKELY,code_or_pointer,"[""0x8007AFA8"", ""0x80081FEC"", ""0x800827D8"", ""0x80082A6C""]","[""0x8007AA08"", ""0x8007AA3C"", ""0x8007AD34"", ""0x8007AFD4"", ""0x800875A8""]",Static LUI/low-pair reference; pointer arithmetic/control flow can invalidate inferred value
DUNE.EXE,0x80180007,DAT_80180007,LIKELY,code_or_pointer,[],"[""0x8007AD00"", ""0x8007AD0C""]",Static LUI/low-pair reference; pointer arithmetic/control flow can invalidate inferred value
DUNE.EXE,0x80180008,DAT_80180008,LIKELY,code_or_pointer,"[""0x80076AF0"", ""0x8007AA2C"", ""0x8007ABDC"", ""0x8007AC24"", ""0x8007AC58"", ""0x8007B0D4"", ""0x8007B1AC"", ""0x8007B5E0"", ""0x8007BACC"", ""0x8007BE64"", ""0x80082694"", ""0x80082BE4"", ""0x80082BF4"", ""0x80082D80"", ""0x80082E14"", ""0x80082EBC""]","[""0x8006F20C"", ""0x8007AA04"", ""0x8007AA40"", ""0x8007AB9C"", ""0x8007ABCC"", ""0x8007AC14"", ""0x8007AC40"", ""0x8007AC64"", ""0x8007ACF0"", ""0x8007BA00"", ""0x8007BA7C"", ""0x8007BF70"", ""0x8007C05C"", ""0x8007F0D4"", ""0x8007F1A0"", ""0x80082690"", ""0x80082A4C"", ""0x80082BF0"", ""0x80082D6C"", ""0x80082E10"", ""0x80082E24"", ""0x80082EB8"", ""0x80082EC4"", ""0x80083610""]",Static LUI/low-pair reference; pointer arithmetic/control flow can invalidate inferred value
DUNE.EXE,0x8018000A,DAT_8018000A,LIKELY,code_or_pointer,"[""0x80082630"", ""0x80082734"", ""0x80082744"", ""0x80082758"", ""0x80082DAC""]","[""0x8007AA00"", ""0x80082624"", ""0x80082740"", ""0x80082754"", ""0x80082D64""]",Static LUI/low-pair reference; pointer arithmetic/control flow can invalidate inferred value
DUNE.EXE,0x8018000C,DAT_8018000C,LIKELY,code_or_pointer,"[""0x8007ABE0"", ""0x8007AC28"", ""0x8007AC68"", ""0x8007B0E4"", ""0x8007B1BC"", ""0x8007B5F0"", ""0x8007BADC"", ""0x8007BE74""]","[""0x8006F210"", ""0x8007AA10"", ""0x8007AAF4"", ""0x8007AB98"", ""0x8007ABD0"", ""0x8007AC18"", ""0x8007AC74"", ""0x8007BA10"", ""0x8007BA8C"", ""0x8007BF74"", ""0x8007C06C"", ""0x8007F0D8"", ""0x8007F18C""]",Static LUI/low-pair reference; pointer arithmetic/control flow can invalidate inferred value
DUNE.EXE,0x8018000D,DAT_8018000D,LIKELY,code_or_pointer,[],"[""0x8007AB04""]",Static LUI/low-pair reference; pointer arithmetic/control flow can invalidate inferred value
DUNE.EXE,0x8018000E,DAT_8018000E,LIKELY,code_or_pointer,"[""0x800826EC"", ""0x80082D8C""]","[""0x8007AA14"", ""0x800826E0"", ""0x80082D74""]",Static LUI/low-pair reference; pointer arithmetic/control flow can invalidate inferred value
DUNE.EXE,0x8018000F,DAT_8018000F,LIKELY,code_or_pointer,[],"[""0x8007AA18""]",Static LUI/low-pair reference; pointer arithmetic/control flow can invalidate inferred value
DUNE.EXE,0x80180010,DAT_80180010,LIKELY,code_or_pointer,"[""0x8007AC6C"", ""0x8007AD04"", ""0x8007B0E8"", ""0x8007B1C0"", ""0x8007B5F4"", ""0x8007BAE0"", ""0x8007BE78""]","[""0x8006F214"", ""0x8007AA20"", ""0x8007ABE4"", ""0x8007AC2C"", ""0x8007AC3C"", ""0x8007AC78"", ""0x8007BA14"", ""0x8007BA90"", ""0x8007BF88"", ""0x8007C070"", ""0x8007F0C0"", ""0x8007F1AC""]",Static LUI/low-pair reference; pointer arithmetic/control flow can invalidate inferred value
DUNE.EXE,0x80180014,DAT_80180014,LIKELY,code_or_pointer,"[""0x8007AC70"", ""0x8007B0EC"", ""0x8007B1C4"", ""0x8007B5F8"", ""0x8007BAE4"", ""0x8007BE7C""]","[""0x8006F218"", ""0x8007ABE8"", ""0x8007AC30"", ""0x8007AC7C"", ""0x8007BA18"", ""0x8007BA94"", ""0x8007BF8C"", ""0x8007C074"", ""0x8007F0F8"", ""0x8007F1B8""]",Static LUI/low-pair reference; pointer arithmetic/control flow can invalidate inferred value
DUNE.EXE,0x80180018,DAT_80180018,LIKELY,code_or_pointer,"[""0x8007AC80"", ""0x8007B0FC"", ""0x8007B1D4"", ""0x8007B608"", ""0x8007BAF4"", ""0x8007BE8C""]","[""0x8006F21C"", ""0x8007ABEC"", ""0x8007AC34"", ""0x8007AC88"", ""0x8007BA24"", ""0x8007BAA0"", ""0x8007BF90"", ""0x8007C080"", ""0x8007F0EC""]",Static LUI/low-pair reference; pointer arithmetic/control flow can invalidate inferred value
DUNE.EXE,0x8018001C,DAT_8018001C,LIKELY,code_or_pointer,"[""0x8007AC84"", ""0x8007B100"", ""0x8007B1D8"", ""0x8007B60C"", ""0x8007BAF8"", ""0x8007BE90""]","[""0x8006F220"", ""0x8007ABF0"", ""0x8007AC38"", ""0x8007AC8C"", ""0x8007BA28"", ""0x8007BAA8"", ""0x8007BF94"", ""0x8007C084"", ""0x8007F104""]",Static LUI/low-pair reference; pointer arithmetic/control flow can invalidate inferred value
DUNE.EXE,0x80180020,DAT_80180020,LIKELY,code_or_pointer,[],"[""0x8006F224"", ""0x8007F118""]",Static LUI/low-pair reference; pointer arithmetic/control flow can invalidate inferred value
DUNE.EXE,0x80180024,DAT_80180024,LIKELY,code_or_pointer,[],"[""0x8006F228""]",Static LUI/low-pair reference; pointer arithmetic/control flow can invalidate inferred value
DUNE.EXE,0x80180028,DAT_80180028,LIKELY,code_or_pointer,[],"[""0x8006F230""]",Static LUI/low-pair reference; pointer arithmetic/control flow can invalidate inferred value
DUNE.EXE,0x8018002C,DAT_8018002C,LIKELY,code_or_pointer,[],"[""0x8006F234""]",Static LUI/low-pair reference; pointer arithmetic/control flow can invalidate inferred value
DUNE.EXE,0x80180030,DAT_80180030,LIKELY,code_or_pointer,[],"[""0x8006F238""]",Static LUI/low-pair reference; pointer arithmetic/control flow can invalidate inferred value
DUNE.EXE,0x80180034,DAT_80180034,LIKELY,code_or_pointer,[],"[""0x8006F23C""]",Static LUI/low-pair reference; pointer arithmetic/control flow can invalidate inferred value
DUNE.EXE,0x80180038,DAT_80180038,LIKELY,code_or_pointer,[],"[""0x8006F240""]",Static LUI/low-pair reference; pointer arithmetic/control flow can invalidate inferred value
DUNE.EXE,0x8018003C,DAT_8018003C,LIKELY,code_or_pointer,[],"[""0x8006F244""]",Static LUI/low-pair reference; pointer arithmetic/control flow can invalidate inferred value
DUNE.EXE,0x80180040,DAT_80180040,LIKELY,code_or_pointer,[],"[""0x8006F248""]",Static LUI/low-pair reference; pointer arithmetic/control flow can invalidate inferred value
DUNE.EXE,0x80180044,DAT_80180044,LIKELY,code_or_pointer,[],"[""0x8006F24C""]",Static LUI/low-pair reference; pointer arithmetic/control flow can invalidate inferred value
DUNE.EXE,0x80180048,DAT_80180048,LIKELY,code_or_pointer,[],"[""0x8006F250""]",Static LUI/low-pair reference; pointer arithmetic/control flow can invalidate inferred value
DUNE.EXE,0x8018004C,DAT_8018004C,LIKELY,code_or_pointer,[],"[""0x8006F258""]",Static LUI/low-pair reference; pointer arithmetic/control flow can invalidate inferred value
DUNE.EXE,0x801809F8,DAT_801809F8,LIKELY,code_or_pointer,"[""0x80072F60""]","[""0x80072F78"", ""0x80072F90""]",Static LUI/low-pair reference; pointer arithmetic/control flow can invalidate inferred value
DUNE.EXE,0x80180A08,DAT_80180A08,LIKELY,code_or_pointer,"[""0x80073880"", ""0x800738DC"", ""0x800739B8"", ""0x80073A04""]",[],Static LUI/low-pair reference; pointer arithmetic/control flow can invalidate inferred value
DUNE.EXE,0x80180A28,DAT_80180A28,LIKELY,code_or_pointer,"[""0x80074E6C"", ""0x80074ED8"", ""0x80074F20"", ""0x80074F6C"", ""0x800750A4"", ""0x80075328"", ""0x8007536C"", ""0x800755A8"", ""0x80075A04"", ""0x80075A34"", ""0x80076320""]",[],Static LUI/low-pair reference; pointer arithmetic/control flow can invalidate inferred value
DUNE.EXE,0x80180A30,DAT_80180A30,LIKELY,code_or_pointer,"[""0x80074FD0"", ""0x8007506C"", ""0x800750EC"", ""0x800752F8"", ""0x80075578"", ""0x80075634"", ""0x800759D4"", ""0x800762F0""]",[],Static LUI/low-pair reference; pointer arithmetic/control flow can invalidate inferred value
DUNE.EXE,0x80180A38,DAT_80180A38,LIKELY,code_or_pointer,"[""0x80075024"", ""0x800755E0""]",[],Static LUI/low-pair reference; pointer arithmetic/control flow can invalidate inferred value
DUNE.EXE,0x80180A40,DAT_80180A40,LIKELY,code_or_pointer,"[""0x800751E0"", ""0x80075460"", ""0x800758BC"", ""0x80075F94""]","[""0x800751B8"", ""0x80075438"", ""0x80075870"", ""0x80075F6C""]",Static LUI/low-pair reference; pointer arithmetic/control flow can invalidate inferred value
DUNE.EXE,0x80180A44,DAT_80180A44,LIKELY,code_or_pointer,"[""0x800751F8"", ""0x80075478"", ""0x800758D4"", ""0x80075FAC""]","[""0x800751C8"", ""0x8007520C"", ""0x80075448"", ""0x8007548C"", ""0x80075878"", ""0x800758E8"", ""0x80075F7C"", ""0x80075FC8""]",Static LUI/low-pair reference; pointer arithmetic/control flow can invalidate inferred value
DUNE.EXE,0x80180A48,DAT_80180A48,LIKELY,code_or_pointer,"[""0x80075238"", ""0x800754B8"", ""0x80075914"", ""0x80075FE4""]","[""0x800751D0"", ""0x80075450"", ""0x8007588C"", ""0x80075F84""]",Static LUI/low-pair reference; pointer arithmetic/control flow can invalidate inferred value
DUNE.EXE,0x80180A60,DAT_80180A60,LIKELY,code_or_pointer,"[""0x80076AEC""]",[],Static LUI/low-pair reference; pointer arithmetic/control flow can invalidate inferred value
DUNE.EXE,0x80180A68,DAT_80180A68,LIKELY,code_or_pointer,"[""0x80076590""]",[],Static LUI/low-pair reference; pointer arithmetic/control flow can invalidate inferred value
DUNE.EXE,0x80181068,DAT_80181068,LIKELY,code_or_pointer,"[""0x800767F4""]",[],Static LUI/low-pair reference; pointer arithmetic/control flow can invalidate inferred value
DUNE.EXE,0x8018106C,DAT_8018106C,LIKELY,code_or_pointer,"[""0x80076998""]",[],Static LUI/low-pair reference; pointer arithmetic/control flow can invalidate inferred value
DUNE.EXE,0x80182660,DAT_80182660,LIKELY,code_or_pointer,"[""0x800766C4"", ""0x80076A74""]",[],Static LUI/low-pair reference; pointer arithmetic/control flow can invalidate inferred value
DUNE.EXE,0x80182E60,DAT_80182E60,LIKELY,code_or_pointer,"[""0x80076C28"", ""0x80079758"", ""0x80079838""]","[""0x80079678""]",Static LUI/low-pair reference; pointer arithmetic/control flow can invalidate inferred value
DUNE.EXE,0x80182E64,DAT_80182E64,LIKELY,code_or_pointer,"[""0x80079688"", ""0x80079718"", ""0x80079874"", ""0x80079A38""]","[""0x80079670"", ""0x800796AC"", ""0x800797D8"", ""0x800798B8"", ""0x80079A2C"", ""0x80079A4C""]",Static LUI/low-pair reference; pointer arithmetic/control flow can invalidate inferred value
DUNE.EXE,0x80182E68,DAT_80182E68,LIKELY,code_or_pointer,"[""0x8007986C"", ""0x800799F4"", ""0x80079AB0""]","[""0x80079694""]",Static LUI/low-pair reference; pointer arithmetic/control flow can invalidate inferred value
DUNE.EXE,0x80182E6C,DAT_80182E6C,LIKELY,code_or_pointer,"[""0x80079744"", ""0x80079778"", ""0x800798E4""]","[""0x8007969C"", ""0x80079728"", ""0x8007978C"", ""0x80079844"", ""0x800798FC"", ""0x80079A24""]",Static LUI/low-pair reference; pointer arithmetic/control flow can invalidate inferred value
DUNE.EXE,0x80182E70,DAT_80182E70,LIKELY,code_or_pointer,"[""0x8007ACD8"", ""0x8007AE44""]",[],Static LUI/low-pair reference; pointer arithmetic/control flow can invalidate inferred value
DUNE.EXE,0x80182E90,DAT_80182E90,LIKELY,code_or_pointer,"[""0x8007AF0C"", ""0x8007B490""]",[],Static LUI/low-pair reference; pointer arithmetic/control flow can invalidate inferred value
DUNE.EXE,0x80182E94,DAT_80182E94,LIKELY,code_or_pointer,"[""0x8007AF38"", ""0x8007B4A4""]",[],Static LUI/low-pair reference; pointer arithmetic/control flow can invalidate inferred value
DUNE.EXE,0x80182E98,DAT_80182E98,LIKELY,code_or_pointer,"[""0x8007AC9C"", ""0x8007B4B8"", ""0x8007B4DC""]",[],Static LUI/low-pair reference; pointer arithmetic/control flow can invalidate inferred value
DUNE.EXE,0x80182E9C,DAT_80182E9C,LIKELY,code_or_pointer,"[""0x8007ACB0"", ""0x8007B4C8"", ""0x8007B4EC""]",[],Static LUI/low-pair reference; pointer arithmetic/control flow can invalidate inferred value
DUNE.EXE,0x80182EA0,DAT_80182EA0,LIKELY,code_or_pointer,"[""0x8007ACC0"", ""0x8007AEA0"", ""0x8007AF14"", ""0x8007B530""]",[],Static LUI/low-pair reference; pointer arithmetic/control flow can invalidate inferred value
DUNE.EXE,0x80182EA8,DAT_80182EA8,LIKELY,code_or_pointer,"[""0x8007AFD0""]",[],Static LUI/low-pair reference; pointer arithmetic/control flow can invalidate inferred value
DUNE.EXE,0x80182EB0,DAT_80182EB0,LIKELY,code_or_pointer,"[""0x8007A9F0"", ""0x8007AEC4""]",[],Static LUI/low-pair reference; pointer arithmetic/control flow can invalidate inferred value
DUNE.EXE,0x80182EBC,DAT_80182EBC,LIKELY,code_or_pointer,"[""0x8007AAB8""]",[],Static LUI/low-pair reference; pointer arithmetic/control flow can invalidate inferred value
DUNE.EXE,0x80182F08,DAT_80182F08,LIKELY,code_or_pointer,"[""0x8007AA28"", ""0x8007B034""]",[],Static LUI/low-pair reference; pointer arithmetic/control flow can invalidate inferred value
DUNE.EXE,0x80182F0C,DAT_80182F0C,LIKELY,code_or_pointer,"[""0x8007AAC4""]",[],Static LUI/low-pair reference; pointer arithmetic/control flow can invalidate inferred value
DUNE.EXE,0x80182F19,DAT_80182F19,LIKELY,code_or_pointer,"[""0x8007ADEC""]",[],Static LUI/low-pair reference; pointer arithmetic/control flow can invalidate inferred value
DUNE.EXE,0x80182F1C,DAT_80182F1C,LIKELY,code_or_pointer,[],"[""0x8007AED4"", ""0x8007AF68"", ""0x8007BD48""]",Static LUI/low-pair reference; pointer arithmetic/control flow can invalidate inferred value
DUNE.EXE,0x80182F1E,DAT_80182F1E,LIKELY,code_or_pointer,[],"[""0x8007AECC"", ""0x8007AF70"", ""0x8007BD40""]",Static LUI/low-pair reference; pointer arithmetic/control flow can invalidate inferred value
DUNE.EXE,0x80182F20,DAT_80182F20,LIKELY,code_or_pointer,"[""0x8007ACC8"", ""0x8007AFA0""]",[],Static LUI/low-pair reference; pointer arithmetic/control flow can invalidate inferred value
DUNE.EXE,0x80182F28,DAT_80182F28,LIKELY,code_or_pointer,"[""0x8001B0B4"", ""0x8001B110"", ""0x8001B214"", ""0x8001B2F0"", ""0x8007B05C"", ""0x8007C0F4"", ""0x8007C150"", ""0x8007C254"", ""0x8007C330""]","[""0x8007AD28"", ""0x8007B074"", ""0x8007B088""]",Static LUI/low-pair reference; pointer arithmetic/control flow can invalidate inferred value
DUNE.EXE,0x80182F2C,DAT_80182F2C,LIKELY,code_or_pointer,"[""0x8007AD3C"", ""0x8007AD5C"", ""0x8007AD78"", ""0x8007AD94"", ""0x8007AE4C"", ""0x8007AE74"", ""0x8007AEA8"", ""0x8007AF1C"", ""0x8007AF98"", ""0x8007B014"", ""0x8007B080"", ""0x8007C2C8""]","[""0x8007A964"", ""0x8007B098""]",Static LUI/low-pair reference; pointer arithmetic/control flow can invalidate inferred value
DUNE.EXE,0x80182F2E,DAT_80182F2E,LIKELY,code_or_pointer,"[""0x8007AE84"", ""0x8007B488""]","[""0x8007AA80"", ""0x8007AAFC""]",Static LUI/low-pair reference; pointer arithmetic/control flow can invalidate inferred value
DUNE.EXE,0x80182F30,DAT_80182F30,LIKELY,code_or_pointer,"[""0x8007C0C0"", ""0x8007C1A8""]",[],Static LUI/low-pair reference; pointer arithmetic/control flow can invalidate inferred value
DUNE.EXE,0x80182FB0,DAT_80182FB0,LIKELY,code_or_pointer,"[""0x8007AB3C"", ""0x8007AD14"", ""0x8007AE00"", ""0x8007AE30"", ""0x8007B528""]","[""0x8007AB24""]",Static LUI/low-pair reference; pointer arithmetic/control flow can invalidate inferred value
DUNE.EXE,0x80182FB4,DAT_80182FB4,LIKELY,code_or_pointer,"[""0x8007AB34"", ""0x8007AD1C"", ""0x8007ADB4"", ""0x8007B544""]","[""0x8007AB2C""]",Static LUI/low-pair reference; pointer arithmetic/control flow can invalidate inferred value
DUNE.EXE,0x80182FB8,DAT_80182FB8,LIKELY,code_or_pointer,[],"[""0x8007B580""]",Static LUI/low-pair reference; pointer arithmetic/control flow can invalidate inferred value
DUNE.EXE,0x80182FBC,DAT_80182FBC,LIKELY,code_or_pointer,[],"[""0x8007B578"", ""0x8007BB60"", ""0x8007BB6C""]",Static LUI/low-pair reference; pointer arithmetic/control flow can invalidate inferred value
DUNE.EXE,0x80182FC0,DAT_80182FC0,LIKELY,code_or_pointer,[],"[""0x8007B56C""]",Static LUI/low-pair reference; pointer arithmetic/control flow can invalidate inferred value
DUNE.EXE,0x80182FC8,DAT_80182FC8,LIKELY,code_or_pointer,"[""0x8007ABF8"", ""0x8007B1A0"", ""0x8007B230"", ""0x8007B5D4"", ""0x8007B9E8""]",[],Static LUI/low-pair reference; pointer arithmetic/control flow can invalidate inferred value
DUNE.EXE,0x80182FE8,DAT_80182FE8,LIKELY,code_or_pointer,"[""0x8007AC4C"", ""0x8007BA64"", ""0x8007BAC0""]",[],Static LUI/low-pair reference; pointer arithmetic/control flow can invalidate inferred value
DUNE.EXE,0x80183008,DAT_80183008,LIKELY,code_or_pointer,"[""0x8007C044""]",[],Static LUI/low-pair reference; pointer arithmetic/control flow can invalidate inferred value
DUNE.EXE,0x80183028,DAT_80183028,LIKELY,code_or_pointer,"[""0x80060E54"", ""0x8007B0C8"", ""0x8007BE58""]",[],Static LUI/low-pair reference; pointer arithmetic/control flow can invalidate inferred value
DUNE.EXE,0x80183038,DAT_80183038,LIKELY,code_or_pointer,"[""0x8007AB74""]",[],Static LUI/low-pair reference; pointer arithmetic/control flow can invalidate inferred value
DUNE.EXE,0x80183048,DAT_80183048,LIKELY,code_or_pointer,"[""0x8001B304"", ""0x8007BF4C""]",[],Static LUI/low-pair reference; pointer arithmetic/control flow can invalidate inferred value
DUNE.EXE,0x80183068,DAT_80183068,LIKELY,code_or_pointer,"[""0x800609D4"", ""0x8006185C"", ""0x8007AB7C""]",[],Static LUI/low-pair reference; pointer arithmetic/control flow can invalidate inferred value
DUNE.EXE,0x801830A0,DAT_801830A0,LIKELY,code_or_pointer,"[""0x8001B608"", ""0x8001CC28"", ""0x8001CCCC"", ""0x8007BF34""]","[""0x8001A204"", ""0x8001A430"", ""0x8001A5FC"", ""0x8001A7D8"", ""0x8001A9B0"", ""0x8001ABD8"", ""0x8001AE20"", ""0x8001B050"", ""0x8001C1C8"", ""0x8001C39C"", ""0x8001C568"", ""0x8001C750"", ""0x8001C978"", ""0x8001CBCC"", ""0x8007BF28""]",Static LUI/low-pair reference; pointer arithmetic/control flow can invalidate inferred value
DUNE.EXE,0x801830B8,DAT_801830B8,LIKELY,code_or_pointer,"[""0x8007D64C""]","[""0x8007D5B4""]",Static LUI/low-pair reference; pointer arithmetic/control flow can invalidate inferred value
DUNE.EXE,0x801830C8,DAT_801830C8,LIKELY,code_or_pointer,"[""0x8007F08C"", ""0x8007F15C"", ""0x8007F1C4""]",[],Static LUI/low-pair reference; pointer arithmetic/control flow can invalidate inferred value
DUNE.EXE,0x801830F0,DAT_801830F0,LIKELY,code_or_pointer,"[""0x8007F094""]",[],Static LUI/low-pair reference; pointer arithmetic/control flow can invalidate inferred value
DUNE.EXE,0x80183110,DAT_80183110,LIKELY,code_or_pointer,"[""0x8007FD50""]",[],Static LUI/low-pair reference; pointer arithmetic/control flow can invalidate inferred value
DUNE.EXE,0x80183218,DAT_80183218,LIKELY,code_or_pointer,"[""0x8007FD7C""]",[],Static LUI/low-pair reference; pointer arithmetic/control flow can invalidate inferred value
DUNE.EXE,0x80183224,DAT_80183224,LIKELY,code_or_pointer,"[""0x8007F8F4"", ""0x8007F97C""]",[],Static LUI/low-pair reference; pointer arithmetic/control flow can invalidate inferred value
DUNE.EXE,0x80184A18,DAT_80184A18,LIKELY,code_or_pointer,"[""0x80080600"", ""0x80080624""]","[""0x800805E4"", ""0x80080634""]",Static LUI/low-pair reference; pointer arithmetic/control flow can invalidate inferred value
DUNE.EXE,0x80184A1C,DAT_80184A1C,LIKELY,code_or_pointer,"[""0x8008066C"", ""0x800806C4""]",[],Static LUI/low-pair reference; pointer arithmetic/control flow can invalidate inferred value
DUNE.EXE,0x80184A20,DAT_80184A20,LIKELY,code_or_pointer,"[""0x8008065C"", ""0x800806D0""]",[],Static LUI/low-pair reference; pointer arithmetic/control flow can invalidate inferred value
DUNE.EXE,0x80184A24,DAT_80184A24,LIKELY,code_or_pointer,"[""0x80080664"", ""0x800806A4"", ""0x800807BC""]","[""0x800807CC""]",Static LUI/low-pair reference; pointer arithmetic/control flow can invalidate inferred value
DUNE.EXE,0x80184A28,DAT_80184A28,LIKELY,code_or_pointer,[],"[""0x80080680""]",Static LUI/low-pair reference; pointer arithmetic/control flow can invalidate inferred value
DUNE.EXE,0x80184A38,DAT_80184A38,LIKELY,code_or_pointer,"[""0x8008261C"", ""0x8008268C"", ""0x800826DC"", ""0x80082730"", ""0x80082D4C""]",[],Static LUI/low-pair reference; pointer arithmetic/control flow can invalidate inferred value
DUNE.EXE,0x80184A40,DAT_80184A40,LIKELY,code_or_pointer,"[""0x80081FD8"", ""0x8008253C"", ""0x800827B4"", ""0x80082A38""]",[],Static LUI/low-pair reference; pointer arithmetic/control flow can invalidate inferred value
DUNE.EXE,0x80184A42,DAT_80184A42,LIKELY,code_or_pointer,"[""0x80082058"", ""0x800822C8"", ""0x80082660"", ""0x80082AD4"", ""0x80082E84""]",[],Static LUI/low-pair reference; pointer arithmetic/control flow can invalidate inferred value
DUNE.EXE,0x80184A46,DAT_80184A46,LIKELY,code_or_pointer,"[""0x80082554""]",[],Static LUI/low-pair reference; pointer arithmetic/control flow can invalidate inferred value
DUNE.EXE,0x80184A48,DAT_80184A48,LIKELY,code_or_pointer,"[""0x800820E4"", ""0x8008232C"", ""0x80082400"", ""0x80082934""]","[""0x80082E20""]",Static LUI/low-pair reference; pointer arithmetic/control flow can invalidate inferred value
DUNE.EXE,0x80184A50,DAT_80184A50,LIKELY,code_or_pointer,"[""0x800821E8"", ""0x8008224C"", ""0x800825D4"", ""0x80082848"", ""0x80082998"", ""0x80082C48"", ""0x80082DF8"", ""0x80082EB0""]",[],Static LUI/low-pair reference; pointer arithmetic/control flow can invalidate inferred value
DUNE.EXE,0x80184A54,DAT_80184A54,LIKELY,code_or_pointer,"[""0x80082398"", ""0x80082CD0""]",[],Static LUI/low-pair reference; pointer arithmetic/control flow can invalidate inferred value
DUNE.EXE,0x80184A58,DAT_80184A58,LIKELY,code_or_pointer,"[""0x800822AC"", ""0x8008244C"", ""0x80082464"", ""0x800825A0""]",[],Static LUI/low-pair reference; pointer arithmetic/control flow can invalidate inferred value
DUNE.EXE,0x80184A5C,DAT_80184A5C,LIKELY,code_or_pointer,"[""0x800823F8""]",[],Static LUI/low-pair reference; pointer arithmetic/control flow can invalidate inferred value
DUNE.EXE,0x80184A60,DAT_80184A60,LIKELY,code_or_pointer,"[""0x80081F3C"", ""0x80081FA0"", ""0x800825CC"", ""0x80082874"", ""0x80082A48"", ""0x80082A98"", ""0x80082BD0"", ""0x80082DE8"", ""0x80082EA0""]",[],Static LUI/low-pair reference; pointer arithmetic/control flow can invalidate inferred value
DUNE.EXE,0x80184A64,DAT_80184A64,LIKELY,code_or_pointer,"[""0x80082134"", ""0x80082B38"", ""0x80082B4C"", ""0x80082B68"", ""0x80082B84"", ""0x80082BA0"", ""0x80082BBC""]",[],Static LUI/low-pair reference; pointer arithmetic/control flow can invalidate inferred value
DUNE.EXE,0x80184A68,DAT_80184A68,LIKELY,code_or_pointer,"[""0x800821B4"", ""0x800825B4""]",[],Static LUI/low-pair reference; pointer arithmetic/control flow can invalidate inferred value
DUNE.EXE,0x80184A78,DAT_80184A78,LIKELY,code_or_pointer,"[""0x80083840"", ""0x8008390C""]",[],Static LUI/low-pair reference; pointer arithmetic/control flow can invalidate inferred value
DUNE.EXE,0x80184A7C,DAT_80184A7C,LIKELY,code_or_pointer,"[""0x800835EC""]",[],Static LUI/low-pair reference; pointer arithmetic/control flow can invalidate inferred value
DUNE.EXE,0x80184A88,DAT_80184A88,LIKELY,code_or_pointer,"[""0x80083520"", ""0x800836C4"", ""0x800838C4""]",[],Static LUI/low-pair reference; pointer arithmetic/control flow can invalidate inferred value
DUNE.EXE,0x80184A8C,DAT_80184A8C,LIKELY,code_or_pointer,"[""0x80083578"", ""0x800836F8""]",[],Static LUI/low-pair reference; pointer arithmetic/control flow can invalidate inferred value
DUNE.EXE,0x80184A98,DAT_80184A98,LIKELY,code_or_pointer,"[""0x80084A60"", ""0x80084A7C""]","[""0x80084A30""]",Static LUI/low-pair reference; pointer arithmetic/control flow can invalidate inferred value
DUNE.EXE,0x80184AA8,DAT_80184AA8,LIKELY,code_or_pointer,"[""0x800855A4""]",[],Static LUI/low-pair reference; pointer arithmetic/control flow can invalidate inferred value
DUNE.EXE,0x80184AF0,DAT_80184AF0,LIKELY,code_or_pointer,"[""0x8008559C""]",[],Static LUI/low-pair reference; pointer arithmetic/control flow can invalidate inferred value
DUNE.EXE,0x80184B38,DAT_80184B38,LIKELY,code_or_pointer,"[""0x80085504"", ""0x800856A8"", ""0x80085AE0"", ""0x80085B10""]",[],Static LUI/low-pair reference; pointer arithmetic/control flow can invalidate inferred value
DUNE.EXE,0x80184D18,DAT_80184D18,LIKELY,code_or_pointer,"[""0x80084064"", ""0x80086050"", ""0x800860A8"", ""0x800860C4""]","[""0x80083E58"", ""0x8008603C""]",Static LUI/low-pair reference; pointer arithmetic/control flow can invalidate inferred value
DUNE.EXE,0x80184D1C,DAT_80184D1C,LIKELY,code_or_pointer,"[""0x8008406C"", ""0x800860B0"", ""0x800860CC""]","[""0x80083E50"", ""0x80086030""]",Static LUI/low-pair reference; pointer arithmetic/control flow can invalidate inferred value
DUNE.EXE,0x80184D20,DAT_80184D20,LIKELY,code_or_pointer,"[""0x80086358"", ""0x800874DC"", ""0x800875A0""]",[],Static LUI/low-pair reference; pointer arithmetic/control flow can invalidate inferred value
DUNE.EXE,0x80184D40,DAT_80184D40,LIKELY,code_or_pointer,"[""0x8005A894"", ""0x8005A8C8"", ""0x8006530C""]",[],Static LUI/low-pair reference; pointer arithmetic/control flow can invalidate inferred value
