image,address,proposed_name,library,confidence,evidence,callers,notes
SLUS_009.73,0x800104C4,libcd_CdReset,libcd,LIKELY,"[{""size"": 108, ""mode"": ""masked"", ""exact"": false, ""masked_hash"": ""1803b75d5c9ff65a"", ""full_hash"": ""104147e955d70f52"", ""sources"": [""v4.1/LIBCD/SYS"", ""v4.3/LIBCD/SYS"", ""v4.4/LIBCD/SYS""]}]","[""0x80010000""]",Broad immediate masking; semantic identity/version NOT proven. No HLE replacement enabled.
SLUS_009.73,0x80010634,libcd_CdControl,libcd,LIKELY,"[{""size"": 316, ""mode"": ""masked"", ""exact"": false, ""masked_hash"": ""79ad09aaddf39dda"", ""full_hash"": ""66e6dbd6fd7ced3f"", ""sources"": [""v4.1/LIBCD/SYS"", ""v4.3/LIBCD/SYS"", ""v4.4/LIBCD/SYS"", ""v4.6/LIBCD/S_016""]}]","[""0x80012398"", ""0x80012F04"", ""0x80013320""]",Broad immediate masking; semantic identity/version NOT proven. No HLE replacement enabled.
SLUS_009.73,0x80010770,libcd_CdControlF,libcd,LIKELY,"[{""size"": 308, ""mode"": ""masked"", ""exact"": false, ""masked_hash"": ""ab6ec17d4f40cfca"", ""full_hash"": ""14099122c70741ae"", ""sources"": [""v4.1/LIBCD/SYS"", ""v4.3/LIBCD/SYS"", ""v4.4/LIBCD/SYS"", ""v4.6/LIBCD/S_016""]}]","[""0x80012FDC"", ""0x80013250"", ""0x80013320"", ""0x80013508""]",Broad immediate masking; semantic identity/version NOT proven. No HLE replacement enabled.
SLUS_009.73,0x800108A4,libcd_CdControlB,libcd,LIKELY,"[{""size"": 332, ""mode"": ""masked"", ""exact"": false, ""masked_hash"": ""abdef5e7a0b67143"", ""full_hash"": ""6fee91ad6909d466"", ""sources"": [""v4.1/LIBCD/SYS"", ""v4.3/LIBCD/SYS"", ""v4.4/LIBCD/SYS""]}]","[""0x800136A8""]",Broad immediate masking; semantic identity/version NOT proven. No HLE replacement enabled.
SLUS_009.73,0x800109F0,libcd_CdMix,libcd,LIKELY,"[{""size"": 32, ""mode"": ""masked"", ""exact"": false, ""masked_hash"": ""896a4fdecbebe547"", ""full_hash"": ""d40c6021983b81f1"", ""sources"": [""v4.0/LIBCD/SYS"", ""v4.0_usa/LIBCD/SYS"", ""v4.1/LIBCD/SYS"", ""v4.3/LIBCD/SYS"", ""v4.4/LIBCD/SYS"", ""v4.6/LIBCD/S_020""]}]",[],Broad immediate masking; semantic identity/version NOT proven. No HLE replacement enabled.
SLUS_009.73,0x80010A94,libcd_CdIntToPos,libcd,CONFIRMED,"[{""size"": 260, ""mode"": ""masked"", ""exact"": true, ""masked_hash"": ""fe7c27be5bd2dabd"", ""full_hash"": ""0a1c7f9f7ebeb18d"", ""sources"": [""v4.0/LIBCD/SYS"", ""v4.0_usa/LIBCD/SYS"", ""v4.1/LIBCD/SYS"", ""v4.3/LIBCD/SYS"", ""v4.4/LIBCD/SYS""]}]","[""0x80012398"", ""0x80012C68"", ""0x80012F04""]",Exact signature bytes
SLUS_009.73,0x80010B98,libcd_CdPosToInt,libcd,CONFIRMED,"[{""size"": 128, ""mode"": ""masked"", ""exact"": true, ""masked_hash"": ""80a94a0932ba49e7"", ""full_hash"": ""91ea1fb723b4ee63"", ""sources"": [""v3.3/LIBCD/SYS"", ""v3.5/LIBCD/SYS"", ""v3.6/LIBCD/SYS"", ""v3.6_dtls2002/LIBCD/SYS"", ""v4.0/LIBCD/SYS"", ""v4.0_usa/LIBCD/SYS"", ""v4.1/LIBCD/SYS"", ""v4.3/LIBCD/SYS"", ""v4.4/LIBCD/SYS"", ""v4.6/LIBCD/SYS""]}]","[""0x80012398"", ""0x80012FDC"", ""0x80013320""]",Exact signature bytes
SLUS_009.73,0x80011174,libcd_CD_sync,libcd,LIKELY,"[{""size"": 640, ""mode"": ""masked"", ""exact"": false, ""masked_hash"": ""38753c2e912b191e"", ""full_hash"": ""fc8323a9891ffd72"", ""sources"": [""v4.1/LIBCD/BIOS"", ""v4.3/LIBCD/BIOS"", ""v4.4/LIBCD/BIOS"", ""v4.6/LIBCD/BIOS_1""]}]","[""0x800105CC"", ""0x800108A4"", ""0x800116BC"", ""0x80011D60""]",Broad immediate masking; semantic identity/version NOT proven. No HLE replacement enabled.
SLUS_009.73,0x800113F4,libcd_CD_ready,libcd,LIKELY,"[{""size"": 712, ""mode"": ""masked"", ""exact"": false, ""masked_hash"": ""0f1ab8451522a4ff"", ""full_hash"": ""f72b029232a44b55"", ""sources"": [""v4.1/LIBCD/BIOS"", ""v4.3/LIBCD/BIOS"", ""v4.4/LIBCD/BIOS"", ""v4.6/LIBCD/BIOS_1""]}]","[""0x800105EC""]",Broad immediate masking; semantic identity/version NOT proven. No HLE replacement enabled.
SLUS_009.73,0x800116BC,libcd_CD_cw,libcd,LIKELY,"[{""size"": 1036, ""mode"": ""masked"", ""exact"": false, ""masked_hash"": ""2642d03c80411174"", ""full_hash"": ""618169f9332e8473"", ""sources"": [""v4.1/LIBCD/BIOS"", ""v4.3/LIBCD/BIOS"", ""v4.4/LIBCD/BIOS"", ""v4.6/LIBCD/BIOS_1""]}]","[""0x80010634"", ""0x80010770"", ""0x800108A4"", ""0x80011D60""]",Broad immediate masking; semantic identity/version NOT proven. No HLE replacement enabled.
SLUS_009.73,0x80011AC8,libcd_CD_vol,libcd,LIKELY,"[{""size"": 136, ""mode"": ""masked"", ""exact"": false, ""masked_hash"": ""9b9ea3c13858df6e"", ""full_hash"": ""6b553af6147d753c"", ""sources"": [""v4.0/LIBCD/BIOS"", ""v4.0_usa/LIBCD/BIOS"", ""v4.1/LIBCD/BIOS"", ""v4.3/LIBCD/BIOS"", ""v4.4/LIBCD/BIOS"", ""v4.6/LIBCD/BIOS_1""]}]","[""0x800109F0""]",Broad immediate masking; semantic identity/version NOT proven. No HLE replacement enabled.
SLUS_009.73,0x80011B50,libcd_CD_flush,libcd,LIKELY,"[{""size"": 212, ""mode"": ""masked"", ""exact"": false, ""masked_hash"": ""3ac231c2287e723d"", ""full_hash"": ""4fb3ccfe13c41f30"", ""sources"": [""v4.1/LIBCD/BIOS"", ""v4.3/LIBCD/BIOS"", ""v4.4/LIBCD/BIOS"", ""v4.6/LIBCD/BIOS_1""]}]","[""0x80010530"", ""0x80011174"", ""0x800113F4"", ""0x800116BC"", ""0x80011F40""]",Broad immediate masking; semantic identity/version NOT proven. No HLE replacement enabled.
SLUS_009.73,0x80011C24,libcd_CD_initvol,libcd,LIKELY,"[{""size"": 240, ""mode"": ""masked"", ""exact"": false, ""masked_hash"": ""75feba74f239f39b"", ""full_hash"": ""fcdd0f8ba95c630a"", ""sources"": [""v4.1/LIBCD/BIOS"", ""v4.3/LIBCD/BIOS"", ""v4.4/LIBCD/BIOS"", ""v4.6/LIBCD/BIOS_1""]}]","[""0x800103B8"", ""0x800104C4""]",Broad immediate masking; semantic identity/version NOT proven. No HLE replacement enabled.
SLUS_009.73,0x80011D14,libcd_CD_initintr,libcd,LIKELY,"[{""size"": 76, ""mode"": ""masked"", ""exact"": false, ""masked_hash"": ""aaef61e0b00937c1"", ""full_hash"": ""1e0ee08365cf49f2"", ""sources"": [""v4.1/LIBCD/BIOS"", ""v4.3/LIBCD/BIOS"", ""v4.4/LIBCD/BIOS"", ""v4.6/LIBCD/BIOS_1""]}]","[""0x800104C4""]",Broad immediate masking; semantic identity/version NOT proven. No HLE replacement enabled.
SLUS_009.73,0x80011D60,libcd_CD_init,libcd,LIKELY,"[{""size"": 480, ""mode"": ""masked"", ""exact"": false, ""masked_hash"": ""dea7fc148284125e"", ""full_hash"": ""ee31f2d5eec1c768"", ""sources"": [""v4.1/LIBCD/BIOS"", ""v4.3/LIBCD/BIOS"", ""v4.4/LIBCD/BIOS"", ""v4.6/LIBCD/BIOS_1""]}]","[""0x800103B8"", ""0x800104C4""]",Broad immediate masking; semantic identity/version NOT proven. No HLE replacement enabled.
SLUS_009.73,0x80011F40,libcd_CD_datasync,libcd,LIKELY,"[{""size"": 360, ""mode"": ""masked"", ""exact"": false, ""masked_hash"": ""b431dd2ea4ecc408"", ""full_hash"": ""3cff4e4ab85c5606"", ""sources"": [""v4.1/LIBCD/BIOS"", ""v4.3/LIBCD/BIOS"", ""v4.4/LIBCD/BIOS"", ""v4.6/LIBCD/BIOS_1""]}]","[""0x80010A74""]",Broad immediate masking; semantic identity/version NOT proven. No HLE replacement enabled.
SLUS_009.73,0x800120A8,libcd_CD_getsector,libcd,LIKELY,"[{""size"": 256, ""mode"": ""masked"", ""exact"": false, ""masked_hash"": ""bf8a8e33dc22d79b"", ""full_hash"": ""e0826cfae100fe4f"", ""sources"": [""v4.0/LIBCD/BIOS"", ""v4.0_usa/LIBCD/BIOS"", ""v4.1/LIBCD/BIOS"", ""v4.3/LIBCD/BIOS"", ""v4.4/LIBCD/BIOS"", ""v4.6/LIBCD/BIOS_2""]}]","[""0x80010A10""]",Broad immediate masking; semantic identity/version NOT proven. No HLE replacement enabled.
SLUS_009.73,0x800121A8,libcd_CD_getsector2,libcd,LIKELY,"[{""size"": 236, ""mode"": ""masked"", ""exact"": false, ""masked_hash"": ""5207219306246e4d"", ""full_hash"": ""3701a10573276cc5"", ""sources"": [""v4.1/LIBCD/BIOS"", ""v4.3/LIBCD/BIOS"", ""v4.4/LIBCD/BIOS""]}]","[""0x80010A30""]",Broad immediate masking; semantic identity/version NOT proven. No HLE replacement enabled.
SLUS_009.73,0x80012398,libcd_CdReadFile,libcd,LIKELY,"[{""size"": 376, ""mode"": ""masked"", ""exact"": false, ""masked_hash"": ""15d65651598a055a"", ""full_hash"": ""28e10cda76435de9"", ""sources"": [""v4.1/LIBCD/CDREADE"", ""v4.3/LIBCD/CDREADE"", ""v4.4/LIBCD/CDREADE""]}]","[""0x80012510""]",Broad immediate masking; semantic identity/version NOT proven. No HLE replacement enabled.
SLUS_009.73,0x80012510,libcd_CdReadExec,libcd,LIKELY,"[{""size"": 216, ""mode"": ""masked"", ""exact"": false, ""masked_hash"": ""7fa8d8e04c178eb4"", ""full_hash"": ""49e8224a604785a0"", ""sources"": [""v4.1/LIBCD/CDREADE"", ""v4.3/LIBCD/CDREADE"", ""v4.4/LIBCD/CDREADE""]}]","[""0x80010000""]",Broad immediate masking; semantic identity/version NOT proven. No HLE replacement enabled.
SLUS_009.73,0x800128E0,libcd__cmp,libcd,LIKELY,"[{""size"": 32, ""mode"": ""masked"", ""exact"": false, ""masked_hash"": ""999f0a8fc3631cc7"", ""full_hash"": ""4d5d22fa5dc4cbff"", ""sources"": [""v4.0/LIBCD/ISO9660"", ""v4.0_usa/LIBCD/ISO9660""]}]","[""0x80012608""]",Broad immediate masking; semantic identity/version NOT proven. No HLE replacement enabled.
SLUS_009.73,0x80013508,libcd_CdReadBreak,libcd,LIKELY,"[{""size"": 416, ""mode"": ""masked"", ""exact"": false, ""masked_hash"": ""03f3485d052fefae"", ""full_hash"": ""dba914f14b9c9416"", ""sources"": [""v4.4/LIBCD/CDREAD"", ""v4.6/LIBCD/CDR_1""]}]",[],Broad immediate masking; semantic identity/version NOT proven. No HLE replacement enabled.
SLUS_009.73,0x800136A8,libcd_CdRead,libcd,LIKELY,"[{""size"": 412, ""mode"": ""masked"", ""exact"": false, ""masked_hash"": ""7ea9e346058b4b5b"", ""full_hash"": ""a879542cfeadadb2"", ""sources"": [""v4.4/LIBCD/CDREAD"", ""v4.6/LIBCD/CDR_1""]}]","[""0x80012398"", ""0x80012F04""]",Broad immediate masking; semantic identity/version NOT proven. No HLE replacement enabled.
SLUS_009.73,0x80013844,libcd_CdReadSync,libcd,LIKELY,"[{""size"": 260, ""mode"": ""masked"", ""exact"": false, ""masked_hash"": ""1e8754bf37c5dd9a"", ""full_hash"": ""9d33a32cda3bef6e"", ""sources"": [""v4.4/LIBCD/CDREAD"", ""v4.6/LIBCD/CDR_1""]}]","[""0x80012510"", ""0x80012F04""]",Broad immediate masking; semantic identity/version NOT proven. No HLE replacement enabled.
SLUS_009.73,0x8001395C,libcd_CdReadMode,libcd,LIKELY,"[{""size"": 28, ""mode"": ""masked"", ""exact"": false, ""masked_hash"": ""f8afb90ca96cebfd"", ""full_hash"": ""fb06b769bfe5bdbe"", ""sources"": [""v4.4/LIBCD/CDREAD""]}]",[],Broad immediate masking; semantic identity/version NOT proven. No HLE replacement enabled.
SLUS_009.73,0x80013978,libapi_Exec,libapi,CONFIRMED,"[{""size"": 16, ""mode"": ""full"", ""exact"": true, ""masked_hash"": ""2677dd5b4382d7b0"", ""full_hash"": ""bf8b4c547221eaa9"", ""sources"": [""v3.3/LIBAPI/C67"", ""v3.5/LIBAPI/C67"", ""v3.6/LIBAPI/C67"", ""v3.6_dtls2002/LIBAPI/C67"", ""v4.0/LIBAPI/C67"", ""v4.0_usa/LIBAPI/C67"", ""v4.1/LIBAPI/C67"", ""v4.3/LIBAPI/C67"", ""v4.4/LIBAPI/C67"", ""v4.6/LIBAPI/C67"", ""v4.7/LIBAPI/C67""]}]","[""0x80010000""]",Exact signature bytes
SLUS_009.73,0x80013988,libapi_DeliverEvent,libapi,CONFIRMED,"[{""size"": 16, ""mode"": ""full"", ""exact"": true, ""masked_hash"": ""2677dd5b4382d7b0"", ""full_hash"": ""1649362cdd2b6d2d"", ""sources"": [""v3.3/LIBAPI/A07"", ""v3.5/LIBAPI/A07"", ""v3.6/LIBAPI/A07"", ""v3.6_dtls2002/LIBAPI/A07"", ""v4.0/LIBAPI/A07"", ""v4.0_usa/LIBAPI/A07"", ""v4.1/LIBAPI/A07"", ""v4.3/LIBAPI/A07"", ""v4.4/LIBAPI/A07"", ""v4.6/LIBAPI/A07"", ""v4.7/LIBAPI/A07""]}]","[""0x800103F4"", ""0x8001041C"", ""0x80010444""]",Exact signature bytes
SLUS_009.73,0x80013998,libapi_EnterCriticalSection,libapi,CONFIRMED,"[{""size"": 16, ""mode"": ""full"", ""exact"": true, ""masked_hash"": ""a731583e42c149ea"", ""full_hash"": ""505f018057cab576"", ""sources"": [""v3.3/LIBAPI/A36"", ""v3.5/LIBAPI/A36"", ""v3.6/LIBAPI/A36"", ""v3.6_dtls2002/LIBAPI/A36"", ""v4.0/LIBAPI/A36"", ""v4.0_usa/LIBAPI/A36"", ""v4.1/LIBAPI/A36"", ""v4.3/LIBAPI/A36"", ""v4.4/LIBAPI/A36"", ""v4.6/LIBAPI/A36"", ""v4.7/LIBAPI/A36""]}]","[""0x80010000"", ""0x800141BC""]",Exact signature bytes
SLUS_009.73,0x800139A8,libapi_ExitCriticalSection,libapi,CONFIRMED,"[{""size"": 16, ""mode"": ""full"", ""exact"": true, ""masked_hash"": ""a731583e42c149ea"", ""full_hash"": ""6e003f701ca62242"", ""sources"": [""v3.3/LIBAPI/A37"", ""v3.5/LIBAPI/A37"", ""v3.6/LIBAPI/A37"", ""v3.6_dtls2002/LIBAPI/A37"", ""v4.0/LIBAPI/A37"", ""v4.0_usa/LIBAPI/A37"", ""v4.1/LIBAPI/A37"", ""v4.3/LIBAPI/A37"", ""v4.4/LIBAPI/A37"", ""v4.6/LIBAPI/A37"", ""v4.7/LIBAPI/A37""]}]","[""0x80010000"", ""0x80013DCC"", ""0x8001425C""]",Exact signature bytes
SLUS_009.73,0x800139B8,libapi_InitHeap2,libapi,LIKELY,"[{""size"": 80, ""mode"": ""masked"", ""exact"": false, ""masked_hash"": ""ec02f92c2e1f016a"", ""full_hash"": ""d23ec0fb442b2483"", ""sources"": [""v4.1/LIBAPI/I_HEAP2"", ""v4.3/LIBAPI/I_HEAP2"", ""v4.4/LIBAPI/I_HEAP2"", ""v4.6/LIBAPI/I_HEAP2"", ""v4.7/LIBAPI/I_HEAP2""]}]","[""0x80010168""]",Broad immediate masking; semantic identity/version NOT proven. No HLE replacement enabled.
SLUS_009.73,0x80013C18,libapi_ChangeClearPAD,libapi,CONFIRMED,"[{""size"": 16, ""mode"": ""full"", ""exact"": true, ""masked_hash"": ""2677dd5b4382d7b0"", ""full_hash"": ""1e5b87bfede28345"", ""sources"": [""v3.3/LIBAPI/A91"", ""v3.5/LIBAPI/A91"", ""v3.6/LIBAPI/A91"", ""v3.6_dtls2002/LIBAPI/A91"", ""v4.0/LIBAPI/A91"", ""v4.0_usa/LIBAPI/A91"", ""v4.1/LIBAPI/A91"", ""v4.3/LIBAPI/A91"", ""v4.4/LIBAPI/A91"", ""v4.6/LIBAPI/A91"", ""v4.7/LIBAPI/A91""]}]","[""0x80013B80"", ""0x80014074""]",Exact signature bytes
SLUS_009.73,0x80013C28,libapi_ChangeClearRCnt,libapi,CONFIRMED,"[{""size"": 16, ""mode"": ""full"", ""exact"": true, ""masked_hash"": ""2677dd5b4382d7b0"", ""full_hash"": ""b66aac87180e52cd"", ""sources"": [""v3.3/LIBAPI/L10"", ""v3.5/LIBAPI/L10"", ""v3.6/LIBAPI/L10"", ""v3.6_dtls2002/LIBAPI/L10"", ""v4.0/LIBAPI/L10"", ""v4.0_usa/LIBAPI/L10"", ""v4.1/LIBAPI/L10"", ""v4.3/LIBAPI/L10"", ""v4.4/LIBAPI/L10"", ""v4.6/LIBAPI/L10"", ""v4.7/LIBAPI/L10""]}]","[""0x80013B80"", ""0x80014074""]",Exact signature bytes
SLUS_009.73,0x80013CC8,libetc_VSyncCallback,libetc,LIKELY,"[{""size"": 52, ""mode"": ""masked"", ""exact"": false, ""masked_hash"": ""5070059dd102d0e2"", ""full_hash"": ""fbb34d8e98891af6"", ""sources"": [""v4.0/LIBETC/INTR"", ""v4.0_usa/LIBETC/INTR"", ""v4.1/LIBETC/INTR"", ""v4.3/LIBETC/INTR"", ""v4.4/LIBETC/INTR"", ""v4.6/LIBETC/INTR"", ""v4.7/LIBETC/INTR""]}]",[],Broad immediate masking; semantic identity/version NOT proven. No HLE replacement enabled.
SLUS_009.73,0x80014310,libapi__96_remove,libapi,CONFIRMED,"[{""size"": 16, ""mode"": ""full"", ""exact"": true, ""masked_hash"": ""2677dd5b4382d7b0"", ""full_hash"": ""d3ead7216fc50198"", ""sources"": [""v3.3/LIBAPI/C114"", ""v3.5/LIBAPI/C114""]}, {""size"": 24, ""mode"": ""full"", ""exact"": true, ""masked_hash"": ""e58cb156dc0ae045"", ""full_hash"": ""6641b87c847fae4a"", ""sources"": [""v3.6/LIBAPI/C114"", ""v3.6_dtls2002/LIBAPI/C114"", ""v4.0/LIBAPI/C114"", ""v4.0_usa/LIBAPI/C114"", ""v4.1/LIBAPI/C114"", ""v4.3/LIBAPI/C114"", ""v4.4/LIBAPI/C114"", ""v4.6/LIBAPI/C114"", ""v4.7/LIBAPI/C114""]}]","[""0x80013DCC""]",Exact signature bytes
SLUS_009.73,0x80014328,libapi_ReturnFromException,libapi,CONFIRMED,"[{""size"": 16, ""mode"": ""full"", ""exact"": true, ""masked_hash"": ""2677dd5b4382d7b0"", ""full_hash"": ""f0cdeab31ae4c93b"", ""sources"": [""v3.3/LIBAPI/A23"", ""v3.5/LIBAPI/A23"", ""v3.6/LIBAPI/A23"", ""v3.6_dtls2002/LIBAPI/A23"", ""v4.0/LIBAPI/A23"", ""v4.0_usa/LIBAPI/A23"", ""v4.1/LIBAPI/A23"", ""v4.3/LIBAPI/A23"", ""v4.4/LIBAPI/A23"", ""v4.6/LIBAPI/A23"", ""v4.7/LIBAPI/A23""]}]","[""0x80013EA4""]",Exact signature bytes
SLUS_009.73,0x80014338,libapi_ResetEntryInt,libapi,CONFIRMED,"[{""size"": 16, ""mode"": ""full"", ""exact"": true, ""masked_hash"": ""2677dd5b4382d7b0"", ""full_hash"": ""d2bc95f90007b599"", ""sources"": [""v3.3/LIBAPI/A24"", ""v3.5/LIBAPI/A24"", ""v3.5/LIBAPI/SC2B"", ""v3.6/LIBAPI/A24"", ""v3.6/LIBAPI/SC2B"", ""v3.6_dtls2002/LIBAPI/A24"", ""v3.6_dtls2002/LIBAPI/SC2B"", ""v4.0/LIBAPI/A24"", ""v4.0/LIBAPI/SC2B"", ""v4.0_usa/LIBAPI/A24"", ""v4.0_usa/LIBAPI/SC2B"", ""v4.1/LIBAPI/A24"", ""v4.3/LIBAPI/A24"", ""v4.4/LIBAPI/A24"", ""v4.6/LIBAPI/A24"", ""v4.7/LIBAPI/A24""]}]","[""0x800141BC""]",Exact signature bytes
SLUS_009.73,0x80014348,libapi_HookEntryInt,libapi,CONFIRMED,"[{""size"": 16, ""mode"": ""full"", ""exact"": true, ""masked_hash"": ""2677dd5b4382d7b0"", ""full_hash"": ""71bc7d71dd0d687c"", ""sources"": [""v3.3/LIBAPI/A25"", ""v3.5/LIBAPI/A25"", ""v3.6/LIBAPI/A25"", ""v3.6_dtls2002/LIBAPI/A25"", ""v4.0/LIBAPI/A25"", ""v4.0_usa/LIBAPI/A25"", ""v4.1/LIBAPI/A25"", ""v4.3/LIBAPI/A25"", ""v4.4/LIBAPI/A25"", ""v4.6/LIBAPI/A25"", ""v4.7/LIBAPI/A25""]}]","[""0x80013DCC"", ""0x8001425C""]",Exact signature bytes
SLUS_009.73,0x80014358,libetc_startIntrVSync,libetc,LIKELY,"[{""size"": 88, ""mode"": ""masked"", ""exact"": false, ""masked_hash"": ""cc57f071b758f322"", ""full_hash"": ""0d7b247dbd5a7eed"", ""sources"": [""v4.0/LIBETC/INTR_VB"", ""v4.0_usa/LIBETC/INTR_VB""]}, {""size"": 288, ""mode"": ""masked"", ""exact"": false, ""masked_hash"": ""0753121902063cef"", ""full_hash"": ""a9e7e7a1bbe39986"", ""sources"": [""v4.1/LIBETC/INTR_VB"", ""v4.3/LIBETC/INTR_VB"", ""v4.4/LIBETC/INTR_VB"", ""v4.6/LIBETC/INTR_VB"", ""v4.7/LIBETC/INTR_VB""]}]","[""0x80013DCC""]",Broad immediate masking; semantic identity/version NOT proven. No HLE replacement enabled.
SLUS_009.73,0x8001441C,libetc_setIntrVSync,libetc,LIKELY,"[{""size"": 44, ""mode"": ""masked"", ""exact"": false, ""masked_hash"": ""c31b6d3679028ff2"", ""full_hash"": ""76e97af05597e85e"", ""sources"": [""v3.3/LIBETC/INTR_VB"", ""v3.5/LIBETC/INTR_VB"", ""v3.6/LIBETC/INTR_VB"", ""v3.6_dtls2002/LIBETC/INTR_VB"", ""v4.0/LIBETC/INTR_VB"", ""v4.0_usa/LIBETC/INTR_VB""]}]",[],Broad immediate masking; semantic identity/version NOT proven. No HLE replacement enabled.
D2KF.EXE,0x80031940,libcd_StSetRing,libcd,LIKELY,"[{""size"": 48, ""mode"": ""masked"", ""exact"": false, ""masked_hash"": ""6c0b323e0827c375"", ""full_hash"": ""a373031860b17e14"", ""sources"": [""v4.1/LIBCD/CDROM"", ""v4.3/LIBCD/CDROM"", ""v4.4/LIBCD/CDROM"", ""v4.6/LIBCD/CDROM""]}]","[""0x8002D47C""]",Broad immediate masking; semantic identity/version NOT proven. No HLE replacement enabled.
D2KF.EXE,0x80031AFC,libcd_CdReset,libcd,LIKELY,"[{""size"": 108, ""mode"": ""masked"", ""exact"": false, ""masked_hash"": ""1803b75d5c9ff65a"", ""full_hash"": ""e8b7b08991c7f927"", ""sources"": [""v4.1/LIBCD/SYS"", ""v4.3/LIBCD/SYS"", ""v4.4/LIBCD/SYS""]}]",[],Broad immediate masking; semantic identity/version NOT proven. No HLE replacement enabled.
D2KF.EXE,0x80031C6C,libcd_CdControl,libcd,LIKELY,"[{""size"": 316, ""mode"": ""masked"", ""exact"": false, ""masked_hash"": ""79ad09aaddf39dda"", ""full_hash"": ""6b370c876d0b412f"", ""sources"": [""v4.1/LIBCD/SYS"", ""v4.3/LIBCD/SYS"", ""v4.4/LIBCD/SYS"", ""v4.6/LIBCD/S_016""]}]","[""0x8002D9B4"", ""0x8002DAD0"", ""0x8002DDA8"", ""0x8003430C"", ""0x80034778"", ""0x80034DD0""]",Broad immediate masking; semantic identity/version NOT proven. No HLE replacement enabled.
D2KF.EXE,0x80031DA8,libcd_CdControlF,libcd,LIKELY,"[{""size"": 308, ""mode"": ""masked"", ""exact"": false, ""masked_hash"": ""ab6ec17d4f40cfca"", ""full_hash"": ""ff38ec378e186f21"", ""sources"": [""v4.1/LIBCD/SYS"", ""v4.3/LIBCD/SYS"", ""v4.4/LIBCD/SYS"", ""v4.6/LIBCD/S_016""]}]","[""0x80034434"", ""0x800346A8"", ""0x80034778"", ""0x80034960""]",Broad immediate masking; semantic identity/version NOT proven. No HLE replacement enabled.
D2KF.EXE,0x80031EDC,libcd_CdControlB,libcd,LIKELY,"[{""size"": 332, ""mode"": ""masked"", ""exact"": false, ""masked_hash"": ""abdef5e7a0b67143"", ""full_hash"": ""409cbe4ebf5556d8"", ""sources"": [""v4.1/LIBCD/SYS"", ""v4.3/LIBCD/SYS"", ""v4.4/LIBCD/SYS""]}]","[""0x8002CB94"", ""0x8002D268"", ""0x8002FD3C"", ""0x8002FD84"", ""0x80034B00""]",Broad immediate masking; semantic identity/version NOT proven. No HLE replacement enabled.
D2KF.EXE,0x80032028,libcd_CdMix,libcd,LIKELY,"[{""size"": 32, ""mode"": ""masked"", ""exact"": false, ""masked_hash"": ""896a4fdecbebe547"", ""full_hash"": ""a102532ead451add"", ""sources"": [""v4.0/LIBCD/SYS"", ""v4.0_usa/LIBCD/SYS"", ""v4.1/LIBCD/SYS"", ""v4.3/LIBCD/SYS"", ""v4.4/LIBCD/SYS"", ""v4.6/LIBCD/S_020""]}]",[],Broad immediate masking; semantic identity/version NOT proven. No HLE replacement enabled.
D2KF.EXE,0x800320CC,libcd_CdIntToPos,libcd,CONFIRMED,"[{""size"": 260, ""mode"": ""masked"", ""exact"": true, ""masked_hash"": ""fe7c27be5bd2dabd"", ""full_hash"": ""0a1c7f9f7ebeb18d"", ""sources"": [""v4.0/LIBCD/SYS"", ""v4.0_usa/LIBCD/SYS"", ""v4.1/LIBCD/SYS"", ""v4.3/LIBCD/SYS"", ""v4.4/LIBCD/SYS""]}]","[""0x8002DAD0"", ""0x8002DDA8"", ""0x80034070"", ""0x8003430C"", ""0x80034FEC""]",Exact signature bytes
D2KF.EXE,0x800321D0,libcd_CdPosToInt,libcd,CONFIRMED,"[{""size"": 128, ""mode"": ""masked"", ""exact"": true, ""masked_hash"": ""80a94a0932ba49e7"", ""full_hash"": ""91ea1fb723b4ee63"", ""sources"": [""v3.3/LIBCD/SYS"", ""v3.5/LIBCD/SYS"", ""v3.6/LIBCD/SYS"", ""v3.6_dtls2002/LIBCD/SYS"", ""v4.0/LIBCD/SYS"", ""v4.0_usa/LIBCD/SYS"", ""v4.1/LIBCD/SYS"", ""v4.3/LIBCD/SYS"", ""v4.4/LIBCD/SYS"", ""v4.6/LIBCD/SYS""]}]","[""0x8002DAD0"", ""0x8002DDA8"", ""0x8002DF5C"", ""0x8002FD84"", ""0x80034434"", ""0x80034778"", ""0x80034FEC""]",Exact signature bytes
D2KF.EXE,0x800327AC,libcd_CD_sync,libcd,LIKELY,"[{""size"": 640, ""mode"": ""masked"", ""exact"": false, ""masked_hash"": ""38753c2e912b191e"", ""full_hash"": ""1d2d9b02772908d7"", ""sources"": [""v4.1/LIBCD/BIOS"", ""v4.3/LIBCD/BIOS"", ""v4.4/LIBCD/BIOS"", ""v4.6/LIBCD/BIOS_1""]}]","[""0x80031C04"", ""0x80031EDC"", ""0x80032CF4"", ""0x80033398""]",Broad immediate masking; semantic identity/version NOT proven. No HLE replacement enabled.
D2KF.EXE,0x80032A2C,libcd_CD_ready,libcd,LIKELY,"[{""size"": 712, ""mode"": ""masked"", ""exact"": false, ""masked_hash"": ""0f1ab8451522a4ff"", ""full_hash"": ""b0d7c6c7fb6fcfd9"", ""sources"": [""v4.1/LIBCD/BIOS"", ""v4.3/LIBCD/BIOS"", ""v4.4/LIBCD/BIOS"", ""v4.6/LIBCD/BIOS_1""]}]","[""0x80031C24""]",Broad immediate masking; semantic identity/version NOT proven. No HLE replacement enabled.
D2KF.EXE,0x80032CF4,libcd_CD_cw,libcd,LIKELY,"[{""size"": 1036, ""mode"": ""masked"", ""exact"": false, ""masked_hash"": ""2642d03c80411174"", ""full_hash"": ""bab8daedd6f70ce4"", ""sources"": [""v4.1/LIBCD/BIOS"", ""v4.3/LIBCD/BIOS"", ""v4.4/LIBCD/BIOS"", ""v4.6/LIBCD/BIOS_1""]}]","[""0x80031C6C"", ""0x80031DA8"", ""0x80031EDC"", ""0x80033398""]",Broad immediate masking; semantic identity/version NOT proven. No HLE replacement enabled.
D2KF.EXE,0x80033100,libcd_CD_vol,libcd,LIKELY,"[{""size"": 136, ""mode"": ""masked"", ""exact"": false, ""masked_hash"": ""9b9ea3c13858df6e"", ""full_hash"": ""96d2664d36662e80"", ""sources"": [""v4.0/LIBCD/BIOS"", ""v4.0_usa/LIBCD/BIOS"", ""v4.1/LIBCD/BIOS"", ""v4.3/LIBCD/BIOS"", ""v4.4/LIBCD/BIOS"", ""v4.6/LIBCD/BIOS_1""]}]","[""0x80032028""]",Broad immediate masking; semantic identity/version NOT proven. No HLE replacement enabled.
D2KF.EXE,0x80033188,libcd_CD_flush,libcd,LIKELY,"[{""size"": 212, ""mode"": ""masked"", ""exact"": false, ""masked_hash"": ""3ac231c2287e723d"", ""full_hash"": ""43c6ce53611896e6"", ""sources"": [""v4.1/LIBCD/BIOS"", ""v4.3/LIBCD/BIOS"", ""v4.4/LIBCD/BIOS"", ""v4.6/LIBCD/BIOS_1""]}]","[""0x80031B68"", ""0x800327AC"", ""0x80032A2C"", ""0x80032CF4"", ""0x80033578""]",Broad immediate masking; semantic identity/version NOT proven. No HLE replacement enabled.
D2KF.EXE,0x8003325C,libcd_CD_initvol,libcd,LIKELY,"[{""size"": 240, ""mode"": ""masked"", ""exact"": false, ""masked_hash"": ""75feba74f239f39b"", ""full_hash"": ""311619b608c6e0b6"", ""sources"": [""v4.1/LIBCD/BIOS"", ""v4.3/LIBCD/BIOS"", ""v4.4/LIBCD/BIOS"", ""v4.6/LIBCD/BIOS_1""]}]","[""0x80031A00"", ""0x80031AFC""]",Broad immediate masking; semantic identity/version NOT proven. No HLE replacement enabled.
D2KF.EXE,0x8003334C,libcd_CD_initintr,libcd,LIKELY,"[{""size"": 76, ""mode"": ""masked"", ""exact"": false, ""masked_hash"": ""aaef61e0b00937c1"", ""full_hash"": ""728f64b083921403"", ""sources"": [""v4.1/LIBCD/BIOS"", ""v4.3/LIBCD/BIOS"", ""v4.4/LIBCD/BIOS"", ""v4.6/LIBCD/BIOS_1""]}]","[""0x80031AFC""]",Broad immediate masking; semantic identity/version NOT proven. No HLE replacement enabled.
D2KF.EXE,0x80033398,libcd_CD_init,libcd,LIKELY,"[{""size"": 480, ""mode"": ""masked"", ""exact"": false, ""masked_hash"": ""dea7fc148284125e"", ""full_hash"": ""8a716fef5ca55e1e"", ""sources"": [""v4.1/LIBCD/BIOS"", ""v4.3/LIBCD/BIOS"", ""v4.4/LIBCD/BIOS"", ""v4.6/LIBCD/BIOS_1""]}]","[""0x80031A00"", ""0x80031AFC""]",Broad immediate masking; semantic identity/version NOT proven. No HLE replacement enabled.
D2KF.EXE,0x80033578,libcd_CD_datasync,libcd,LIKELY,"[{""size"": 360, ""mode"": ""masked"", ""exact"": false, ""masked_hash"": ""b431dd2ea4ecc408"", ""full_hash"": ""fb4ef4fecef72e06"", ""sources"": [""v4.1/LIBCD/BIOS"", ""v4.3/LIBCD/BIOS"", ""v4.4/LIBCD/BIOS"", ""v4.6/LIBCD/BIOS_1""]}]","[""0x800320AC""]",Broad immediate masking; semantic identity/version NOT proven. No HLE replacement enabled.
D2KF.EXE,0x800336E0,libcd_CD_getsector,libcd,LIKELY,"[{""size"": 256, ""mode"": ""masked"", ""exact"": false, ""masked_hash"": ""bf8a8e33dc22d79b"", ""full_hash"": ""7c36ca9a94867fc8"", ""sources"": [""v4.0/LIBCD/BIOS"", ""v4.0_usa/LIBCD/BIOS"", ""v4.1/LIBCD/BIOS"", ""v4.3/LIBCD/BIOS"", ""v4.4/LIBCD/BIOS"", ""v4.6/LIBCD/BIOS_2""]}]","[""0x80032048""]",Broad immediate masking; semantic identity/version NOT proven. No HLE replacement enabled.
D2KF.EXE,0x800337E0,libcd_CD_getsector2,libcd,LIKELY,"[{""size"": 236, ""mode"": ""masked"", ""exact"": false, ""masked_hash"": ""5207219306246e4d"", ""full_hash"": ""1273e20ca2074754"", ""sources"": [""v4.1/LIBCD/BIOS"", ""v4.3/LIBCD/BIOS"", ""v4.4/LIBCD/BIOS""]}]","[""0x80032068""]",Broad immediate masking; semantic identity/version NOT proven. No HLE replacement enabled.
D2KF.EXE,0x80033CE8,libcd__cmp,libcd,LIKELY,"[{""size"": 32, ""mode"": ""masked"", ""exact"": false, ""masked_hash"": ""999f0a8fc3631cc7"", ""full_hash"": ""6bc7e2f85b3db699"", ""sources"": [""v4.0/LIBCD/ISO9660"", ""v4.0_usa/LIBCD/ISO9660""]}]","[""0x80033A10""]",Broad immediate masking; semantic identity/version NOT proven. No HLE replacement enabled.
D2KF.EXE,0x80034960,libcd_CdReadBreak,libcd,LIKELY,"[{""size"": 416, ""mode"": ""masked"", ""exact"": false, ""masked_hash"": ""03f3485d052fefae"", ""full_hash"": ""74e28090ff78615e"", ""sources"": [""v4.4/LIBCD/CDREAD"", ""v4.6/LIBCD/CDR_1""]}]",[],Broad immediate masking; semantic identity/version NOT proven. No HLE replacement enabled.
D2KF.EXE,0x80034B00,libcd_CdRead,libcd,LIKELY,"[{""size"": 412, ""mode"": ""masked"", ""exact"": false, ""masked_hash"": ""7ea9e346058b4b5b"", ""full_hash"": ""699940f10ba4833f"", ""sources"": [""v4.4/LIBCD/CDREAD"", ""v4.6/LIBCD/CDR_1""]}]","[""0x8002D9B4"", ""0x8002DAD0"", ""0x8003430C""]",Broad immediate masking; semantic identity/version NOT proven. No HLE replacement enabled.
D2KF.EXE,0x80034C9C,libcd_CdReadSync,libcd,LIKELY,"[{""size"": 260, ""mode"": ""masked"", ""exact"": false, ""masked_hash"": ""1e8754bf37c5dd9a"", ""full_hash"": ""724b4b49ef4c40dd"", ""sources"": [""v4.4/LIBCD/CDREAD"", ""v4.6/LIBCD/CDR_1""]}]","[""0x8002D9B4"", ""0x8002DAD0"", ""0x8003430C""]",Broad immediate masking; semantic identity/version NOT proven. No HLE replacement enabled.
D2KF.EXE,0x80034DB4,libcd_CdReadMode,libcd,LIKELY,"[{""size"": 28, ""mode"": ""masked"", ""exact"": false, ""masked_hash"": ""f8afb90ca96cebfd"", ""full_hash"": ""2afe5a3175c70272"", ""sources"": [""v4.4/LIBCD/CDREAD""]}]",[],Broad immediate masking; semantic identity/version NOT proven. No HLE replacement enabled.
D2KF.EXE,0x80034E54,libetc_PadStop,libetc,LIKELY,"[{""size"": 32, ""mode"": ""masked"", ""exact"": false, ""masked_hash"": ""43f20be7a8d281c6"", ""full_hash"": ""5b90c80a03659c82"", ""sources"": [""v3.3/LIBETC/PAD"", ""v3.5/LIBETC/PAD"", ""v3.6/LIBETC/PAD"", ""v3.6_dtls2002/LIBETC/PAD"", ""v4.0/LIBETC/PAD"", ""v4.0_usa/LIBETC/PAD"", ""v4.6/LIBETC/PADSTOP"", ""v4.7/LIBETC/PADSTOP""]}, {""size"": 44, ""mode"": ""masked"", ""exact"": false, ""masked_hash"": ""44bcfe6ad256b855"", ""full_hash"": ""db31d76d08ac3c6c"", ""sources"": [""v4.1/LIBETC/PAD"", ""v4.3/LIBETC/PAD"", ""v4.4/LIBETC/PAD""]}]",[],Broad immediate masking; semantic identity/version NOT proven. No HLE replacement enabled.
D2KF.EXE,0x80034E80,libcd_StClearRing,libcd,LIKELY,"[{""size"": 96, ""mode"": ""masked"", ""exact"": false, ""masked_hash"": ""be077c4b9072b86b"", ""full_hash"": ""dd6c2bcd57b3e0c9"", ""sources"": [""v3.3/LIBCD/C_002"", ""v3.5/LIBCD/C_002"", ""v3.6/LIBCD/C_002"", ""v3.6_dtls2002/LIBCD/C_002"", ""v4.0/LIBCD/C_002"", ""v4.0_usa/LIBCD/C_002"", ""v4.1/LIBCD/C_002"", ""v4.3/LIBCD/C_002"", ""v4.4/LIBCD/C_002"", ""v4.6/LIBCD/C_002""]}]","[""0x80031940""]",Broad immediate masking; semantic identity/version NOT proven. No HLE replacement enabled.
D2KF.EXE,0x80034EE0,libcd_StUnSetRing,libcd,LIKELY,"[{""size"": 128, ""mode"": ""masked"", ""exact"": false, ""masked_hash"": ""18da3960cbf8fce2"", ""full_hash"": ""d8d2df21d27f0051"", ""sources"": [""v4.1/LIBCD/C_003"", ""v4.3/LIBCD/C_003"", ""v4.4/LIBCD/C_003"", ""v4.6/LIBCD/C_003""]}]","[""0x8002CB94"", ""0x8002D268""]",Broad immediate masking; semantic identity/version NOT proven. No HLE replacement enabled.
D2KF.EXE,0x80034F60,libcd_data_ready_callback,libcd,LIKELY,"[{""size"": 140, ""mode"": ""masked"", ""exact"": false, ""masked_hash"": ""9a5de4977308c819"", ""full_hash"": ""593927fc87050e46"", ""sources"": [""v4.1/LIBCD/C_004"", ""v4.3/LIBCD/C_004"", ""v4.4/LIBCD/C_004"", ""v4.6/LIBCD/C_004""]}]","[""0x800352B0""]",Broad immediate masking; semantic identity/version NOT proven. No HLE replacement enabled.
D2KF.EXE,0x80034FEC,libcd_StGetBackloc,libcd,LIKELY,"[{""size"": 100, ""mode"": ""masked"", ""exact"": false, ""masked_hash"": ""0c7649baed2dac79"", ""full_hash"": ""b1b149cd59c24172"", ""sources"": [""v4.1/LIBCD/C_004"", ""v4.3/LIBCD/C_004"", ""v4.4/LIBCD/C_004"", ""v4.6/LIBCD/C_004""]}]",[],Broad immediate masking; semantic identity/version NOT proven. No HLE replacement enabled.
D2KF.EXE,0x80035050,libcd_StSetStream,libcd,LIKELY,"[{""size"": 144, ""mode"": ""masked"", ""exact"": false, ""masked_hash"": ""2ec07caa057f594f"", ""full_hash"": ""7612c4e0b27e9057"", ""sources"": [""v4.1/LIBCD/C_005"", ""v4.3/LIBCD/C_005"", ""v4.4/LIBCD/C_005"", ""v4.6/LIBCD/C_005""]}]","[""0x8002D47C""]",Broad immediate masking; semantic identity/version NOT proven. No HLE replacement enabled.
D2KF.EXE,0x800350E0,libcd_StFreeRing,libcd,LIKELY,"[{""size"": 176, ""mode"": ""masked"", ""exact"": false, ""masked_hash"": ""28fc137203b2b703"", ""full_hash"": ""3bddd997269f5766"", ""sources"": [""v4.1/LIBCD/C_007"", ""v4.3/LIBCD/C_007"", ""v4.4/LIBCD/C_007"", ""v4.6/LIBCD/C_007""]}]","[""0x8002D5F0""]",Broad immediate masking; semantic identity/version NOT proven. No HLE replacement enabled.
D2KF.EXE,0x80035190,libcd_init_ring_status,libcd,LIKELY,"[{""size"": 64, ""mode"": ""masked"", ""exact"": false, ""masked_hash"": ""34b7d6f7dd477e1e"", ""full_hash"": ""6013acd60e36bc9d"", ""sources"": [""v4.1/LIBCD/C_008"", ""v4.3/LIBCD/C_008"", ""v4.4/LIBCD/C_008"", ""v4.6/LIBCD/C_008""]}]","[""0x80034E80"", ""0x800352B0""]",Broad immediate masking; semantic identity/version NOT proven. No HLE replacement enabled.
D2KF.EXE,0x800351D0,libcd_StGetNext,libcd,LIKELY,"[{""size"": 192, ""mode"": ""masked"", ""exact"": false, ""masked_hash"": ""8f49e53b303ad984"", ""full_hash"": ""3a880b128f4b2735"", ""sources"": [""v4.1/LIBCD/C_009"", ""v4.3/LIBCD/C_009"", ""v4.4/LIBCD/C_009"", ""v4.6/LIBCD/C_009""]}]","[""0x8002D674""]",Broad immediate masking; semantic identity/version NOT proven. No HLE replacement enabled.
D2KF.EXE,0x80035290,libcd_StSetMask,libcd,LIKELY,"[{""size"": 32, ""mode"": ""masked"", ""exact"": false, ""masked_hash"": ""2dec0ff276ba3e05"", ""full_hash"": ""e13ca230b7bd92b1"", ""sources"": [""v4.1/LIBCD/C_010"", ""v4.3/LIBCD/C_010"", ""v4.4/LIBCD/C_010"", ""v4.6/LIBCD/C_010""]}]","[""0x80035050""]",Broad immediate masking; semantic identity/version NOT proven. No HLE replacement enabled.
D2KF.EXE,0x80035E00,libapi_DeliverEvent,libapi,CONFIRMED,"[{""size"": 16, ""mode"": ""full"", ""exact"": true, ""masked_hash"": ""2677dd5b4382d7b0"", ""full_hash"": ""1649362cdd2b6d2d"", ""sources"": [""v3.3/LIBAPI/A07"", ""v3.5/LIBAPI/A07"", ""v3.6/LIBAPI/A07"", ""v3.6_dtls2002/LIBAPI/A07"", ""v4.0/LIBAPI/A07"", ""v4.0_usa/LIBAPI/A07"", ""v4.1/LIBAPI/A07"", ""v4.3/LIBAPI/A07"", ""v4.4/LIBAPI/A07"", ""v4.6/LIBAPI/A07"", ""v4.7/LIBAPI/A07""]}]","[""0x80031A3C"", ""0x80031A64"", ""0x80031A8C"", ""0x8003B680"", ""0x8003B92C"", ""0x8003C0D8"", ""0x8003FDB0""]",Exact signature bytes
D2KF.EXE,0x80035E10,libapi_EnterCriticalSection,libapi,CONFIRMED,"[{""size"": 16, ""mode"": ""full"", ""exact"": true, ""masked_hash"": ""a731583e42c149ea"", ""full_hash"": ""505f018057cab576"", ""sources"": [""v3.3/LIBAPI/A36"", ""v3.5/LIBAPI/A36"", ""v3.6/LIBAPI/A36"", ""v3.6_dtls2002/LIBAPI/A36"", ""v4.0/LIBAPI/A36"", ""v4.0_usa/LIBAPI/A36"", ""v4.1/LIBAPI/A36"", ""v4.3/LIBAPI/A36"", ""v4.4/LIBAPI/A36"", ""v4.6/LIBAPI/A36"", ""v4.7/LIBAPI/A36""]}]","[""0x80034EE0"", ""0x80036B24"", ""0x80038420"", ""0x8003B590"", ""0x8003B5D4"", ""0x8003BB88"", ""0x8003CF10"", ""0x8003CFDC"", ""0x8003F8D8"", ""0x800404E0"", ""0x80044760"", ""0x8004495C"", ""0x80044DC0"", ""0x80044E2C"", ""0x80044EAC"", ""0x80044F3C"", ""0x80045034"", ""0x800450AC"", ""0x800451F8"", ""0x80045270"", ""0x800453A8"", ""0x8004543C"", ""0x800454E0""]",Exact signature bytes
D2KF.EXE,0x80035E20,libapi_ExitCriticalSection,libapi,CONFIRMED,"[{""size"": 16, ""mode"": ""full"", ""exact"": true, ""masked_hash"": ""a731583e42c149ea"", ""full_hash"": ""6e003f701ca62242"", ""sources"": [""v3.3/LIBAPI/A37"", ""v3.5/LIBAPI/A37"", ""v3.6/LIBAPI/A37"", ""v3.6_dtls2002/LIBAPI/A37"", ""v4.0/LIBAPI/A37"", ""v4.0_usa/LIBAPI/A37"", ""v4.1/LIBAPI/A37"", ""v4.3/LIBAPI/A37"", ""v4.4/LIBAPI/A37"", ""v4.6/LIBAPI/A37"", ""v4.7/LIBAPI/A37""]}]","[""0x80034EE0"", ""0x8003679C"", ""0x80036BC4"", ""0x80038420"", ""0x8003B590"", ""0x8003B5D4"", ""0x8003BB88"", ""0x8003CF10"", ""0x8003CFDC"", ""0x8003F8D8"", ""0x800404E0"", ""0x80044760"", ""0x8004495C"", ""0x80044DC0"", ""0x80044E2C"", ""0x80044EAC"", ""0x80044F3C"", ""0x80045034"", ""0x800450AC"", ""0x80045270"", ""0x800454E0""]",Exact signature bytes
D2KF.EXE,0x80035E30,libapi_open,libapi,CONFIRMED,"[{""size"": 16, ""mode"": ""full"", ""exact"": true, ""masked_hash"": ""2677dd5b4382d7b0"", ""full_hash"": ""e964e050b512fb72"", ""sources"": [""v3.3/LIBAPI/A50"", ""v3.5/LIBAPI/A50"", ""v3.6/LIBAPI/A50"", ""v3.6_dtls2002/LIBAPI/A50"", ""v4.0/LIBAPI/A50"", ""v4.0_usa/LIBAPI/A50"", ""v4.1/LIBAPI/A50"", ""v4.3/LIBAPI/A50"", ""v4.4/LIBAPI/A50"", ""v4.6/LIBAPI/A50"", ""v4.7/LIBAPI/A50""]}]","[""0x800190E0"", ""0x80042D78"", ""0x80043444"", ""0x8004369C"", ""0x80043B6C"", ""0x80043C00""]",Exact signature bytes
D2KF.EXE,0x80035E40,libapi_read,libapi,CONFIRMED,"[{""size"": 16, ""mode"": ""full"", ""exact"": true, ""masked_hash"": ""2677dd5b4382d7b0"", ""full_hash"": ""61d9bba43e1510d3"", ""sources"": [""v3.3/LIBAPI/A52"", ""v3.5/LIBAPI/A52"", ""v3.6/LIBAPI/A52"", ""v3.6_dtls2002/LIBAPI/A52"", ""v4.0/LIBAPI/A52"", ""v4.0_usa/LIBAPI/A52"", ""v4.1/LIBAPI/A52"", ""v4.3/LIBAPI/A52"", ""v4.4/LIBAPI/A52"", ""v4.6/LIBAPI/A52"", ""v4.7/LIBAPI/A52""]}]","[""0x800227A0"", ""0x80043088""]",Exact signature bytes
D2KF.EXE,0x80035E50,libapi_write,libapi,CONFIRMED,"[{""size"": 16, ""mode"": ""full"", ""exact"": true, ""masked_hash"": ""2677dd5b4382d7b0"", ""full_hash"": ""5c075aa8a7ebe5be"", ""sources"": [""v3.3/LIBAPI/A53"", ""v3.5/LIBAPI/A53"", ""v3.6/LIBAPI/A53"", ""v3.6_dtls2002/LIBAPI/A53"", ""v4.0/LIBAPI/A53"", ""v4.0_usa/LIBAPI/A53"", ""v4.1/LIBAPI/A53"", ""v4.3/LIBAPI/A53"", ""v4.4/LIBAPI/A53"", ""v4.6/LIBAPI/A53"", ""v4.7/LIBAPI/A53""]}]","[""0x800227A0"", ""0x80030DF0"", ""0x80030EEC"", ""0x80030F28"", ""0x800431F0""]",Exact signature bytes
D2KF.EXE,0x80035E60,libapi_close,libapi,CONFIRMED,"[{""size"": 16, ""mode"": ""full"", ""exact"": true, ""masked_hash"": ""2677dd5b4382d7b0"", ""full_hash"": ""f0a4980cb5e50a9d"", ""sources"": [""v3.3/LIBAPI/A54"", ""v3.5/LIBAPI/A54"", ""v3.6/LIBAPI/A54"", ""v3.6_dtls2002/LIBAPI/A54"", ""v4.0/LIBAPI/A54"", ""v4.0_usa/LIBAPI/A54"", ""v4.1/LIBAPI/A54"", ""v4.3/LIBAPI/A54"", ""v4.4/LIBAPI/A54"", ""v4.6/LIBAPI/A54"", ""v4.7/LIBAPI/A54""]}]","[""0x800190E0"", ""0x80042D78"", ""0x80042F00"", ""0x80043444"", ""0x8004369C"", ""0x80043C00""]",Exact signature bytes
D2KF.EXE,0x80035E70,libapi_ChangeClearPAD,libapi,CONFIRMED,"[{""size"": 16, ""mode"": ""full"", ""exact"": true, ""masked_hash"": ""2677dd5b4382d7b0"", ""full_hash"": ""1e5b87bfede28345"", ""sources"": [""v3.3/LIBAPI/A91"", ""v3.5/LIBAPI/A91"", ""v3.6/LIBAPI/A91"", ""v3.6_dtls2002/LIBAPI/A91"", ""v4.0/LIBAPI/A91"", ""v4.0_usa/LIBAPI/A91"", ""v4.1/LIBAPI/A91"", ""v4.3/LIBAPI/A91"", ""v4.4/LIBAPI/A91"", ""v4.6/LIBAPI/A91"", ""v4.7/LIBAPI/A91""]}]","[""0x8002E100"", ""0x800364F8"", ""0x800369DC"", ""0x80044DC0"", ""0x80044E2C"", ""0x80044EAC"", ""0x80044F3C"", ""0x80044FCC""]",Exact signature bytes
D2KF.EXE,0x80035E80,libapi_InitHeap2,libapi,LIKELY,"[{""size"": 80, ""mode"": ""masked"", ""exact"": false, ""masked_hash"": ""ec02f92c2e1f016a"", ""full_hash"": ""f8f5ce10fbc58b4a"", ""sources"": [""v4.1/LIBAPI/I_HEAP2"", ""v4.3/LIBAPI/I_HEAP2"", ""v4.4/LIBAPI/I_HEAP2"", ""v4.6/LIBAPI/I_HEAP2"", ""v4.7/LIBAPI/I_HEAP2""]}]","[""0x8002EC40""]",Broad immediate masking; semantic identity/version NOT proven. No HLE replacement enabled.
D2KF.EXE,0x800360F0,libapi_free2,libapi,LIKELY,"[{""size"": 56, ""mode"": ""masked"", ""exact"": false, ""masked_hash"": ""915798e954604570"", ""full_hash"": ""c07e2c33ab9ab2e2"", ""sources"": [""v3.6/LIBAPI/FREE2"", ""v3.6_dtls2002/LIBAPI/FREE2"", ""v4.0/LIBAPI/FREE2"", ""v4.0_usa/LIBAPI/FREE2""]}, {""size"": 64, ""mode"": ""masked"", ""exact"": false, ""masked_hash"": ""da273876168e8d8d"", ""full_hash"": ""6e3867624b5a796b"", ""sources"": [""v4.1/LIBAPI/FREE2"", ""v4.3/LIBAPI/FREE2"", ""v4.4/LIBAPI/FREE2"", ""v4.6/LIBAPI/FREE2"", ""v4.7/LIBAPI/FREE2""]}]","[""0x800302F0"", ""0x80030370"", ""0x800303F0"", ""0x80036130""]",Broad immediate masking; semantic identity/version NOT proven. No HLE replacement enabled.
D2KF.EXE,0x80036590,libapi_ChangeClearRCnt,libapi,CONFIRMED,"[{""size"": 16, ""mode"": ""full"", ""exact"": true, ""masked_hash"": ""2677dd5b4382d7b0"", ""full_hash"": ""b66aac87180e52cd"", ""sources"": [""v3.3/LIBAPI/L10"", ""v3.5/LIBAPI/L10"", ""v3.6/LIBAPI/L10"", ""v3.6_dtls2002/LIBAPI/L10"", ""v4.0/LIBAPI/L10"", ""v4.0_usa/LIBAPI/L10"", ""v4.1/LIBAPI/L10"", ""v4.3/LIBAPI/L10"", ""v4.4/LIBAPI/L10"", ""v4.6/LIBAPI/L10"", ""v4.7/LIBAPI/L10""]}]","[""0x800364F8"", ""0x800369DC"", ""0x8003CF10"", ""0x8003CFDC""]",Exact signature bytes
D2KF.EXE,0x80036630,libetc_VSyncCallback,libetc,LIKELY,"[{""size"": 52, ""mode"": ""masked"", ""exact"": false, ""masked_hash"": ""5070059dd102d0e2"", ""full_hash"": ""ce34b0fdb74c17e2"", ""sources"": [""v4.0/LIBETC/INTR"", ""v4.0_usa/LIBETC/INTR"", ""v4.1/LIBETC/INTR"", ""v4.3/LIBETC/INTR"", ""v4.4/LIBETC/INTR"", ""v4.6/LIBETC/INTR"", ""v4.7/LIBETC/INTR""]}]","[""0x800190E0""]",Broad immediate masking; semantic identity/version NOT proven. No HLE replacement enabled.
D2KF.EXE,0x80036CE8,libapi__96_remove,libapi,CONFIRMED,"[{""size"": 16, ""mode"": ""full"", ""exact"": true, ""masked_hash"": ""2677dd5b4382d7b0"", ""full_hash"": ""d3ead7216fc50198"", ""sources"": [""v3.3/LIBAPI/C114"", ""v3.5/LIBAPI/C114""]}, {""size"": 24, ""mode"": ""full"", ""exact"": true, ""masked_hash"": ""e58cb156dc0ae045"", ""full_hash"": ""6641b87c847fae4a"", ""sources"": [""v3.6/LIBAPI/C114"", ""v3.6_dtls2002/LIBAPI/C114"", ""v4.0/LIBAPI/C114"", ""v4.0_usa/LIBAPI/C114"", ""v4.1/LIBAPI/C114"", ""v4.3/LIBAPI/C114"", ""v4.4/LIBAPI/C114"", ""v4.6/LIBAPI/C114"", ""v4.7/LIBAPI/C114""]}]","[""0x8003679C""]",Exact signature bytes
D2KF.EXE,0x80036D00,libapi_ReturnFromException,libapi,CONFIRMED,"[{""size"": 16, ""mode"": ""full"", ""exact"": true, ""masked_hash"": ""2677dd5b4382d7b0"", ""full_hash"": ""f0cdeab31ae4c93b"", ""sources"": [""v3.3/LIBAPI/A23"", ""v3.5/LIBAPI/A23"", ""v3.6/LIBAPI/A23"", ""v3.6_dtls2002/LIBAPI/A23"", ""v4.0/LIBAPI/A23"", ""v4.0_usa/LIBAPI/A23"", ""v4.1/LIBAPI/A23"", ""v4.3/LIBAPI/A23"", ""v4.4/LIBAPI/A23"", ""v4.6/LIBAPI/A23"", ""v4.7/LIBAPI/A23""]}]","[""0x8003680C""]",Exact signature bytes
D2KF.EXE,0x80036D10,libapi_ResetEntryInt,libapi,CONFIRMED,"[{""size"": 16, ""mode"": ""full"", ""exact"": true, ""masked_hash"": ""2677dd5b4382d7b0"", ""full_hash"": ""d2bc95f90007b599"", ""sources"": [""v3.3/LIBAPI/A24"", ""v3.5/LIBAPI/A24"", ""v3.5/LIBAPI/SC2B"", ""v3.6/LIBAPI/A24"", ""v3.6/LIBAPI/SC2B"", ""v3.6_dtls2002/LIBAPI/A24"", ""v3.6_dtls2002/LIBAPI/SC2B"", ""v4.0/LIBAPI/A24"", ""v4.0/LIBAPI/SC2B"", ""v4.0_usa/LIBAPI/A24"", ""v4.0_usa/LIBAPI/SC2B"", ""v4.1/LIBAPI/A24"", ""v4.3/LIBAPI/A24"", ""v4.4/LIBAPI/A24"", ""v4.6/LIBAPI/A24"", ""v4.7/LIBAPI/A24""]}]","[""0x80036B24""]",Exact signature bytes
D2KF.EXE,0x80036D20,libapi_HookEntryInt,libapi,CONFIRMED,"[{""size"": 16, ""mode"": ""full"", ""exact"": true, ""masked_hash"": ""2677dd5b4382d7b0"", ""full_hash"": ""71bc7d71dd0d687c"", ""sources"": [""v3.3/LIBAPI/A25"", ""v3.5/LIBAPI/A25"", ""v3.6/LIBAPI/A25"", ""v3.6_dtls2002/LIBAPI/A25"", ""v4.0/LIBAPI/A25"", ""v4.0_usa/LIBAPI/A25"", ""v4.1/LIBAPI/A25"", ""v4.3/LIBAPI/A25"", ""v4.4/LIBAPI/A25"", ""v4.6/LIBAPI/A25"", ""v4.7/LIBAPI/A25""]}]","[""0x8003679C"", ""0x80036BC4""]",Exact signature bytes
D2KF.EXE,0x80036D30,libetc_startIntrVSync,libetc,LIKELY,"[{""size"": 88, ""mode"": ""masked"", ""exact"": false, ""masked_hash"": ""cc57f071b758f322"", ""full_hash"": ""582a6ea9b46f80cb"", ""sources"": [""v4.0/LIBETC/INTR_VB"", ""v4.0_usa/LIBETC/INTR_VB""]}, {""size"": 288, ""mode"": ""masked"", ""exact"": false, ""masked_hash"": ""0753121902063cef"", ""full_hash"": ""302a24f30458d862"", ""sources"": [""v4.1/LIBETC/INTR_VB"", ""v4.3/LIBETC/INTR_VB"", ""v4.4/LIBETC/INTR_VB"", ""v4.6/LIBETC/INTR_VB"", ""v4.7/LIBETC/INTR_VB""]}]","[""0x8003679C""]",Broad immediate masking; semantic identity/version NOT proven. No HLE replacement enabled.
D2KF.EXE,0x80036DF4,libetc_setIntrVSync,libetc,LIKELY,"[{""size"": 44, ""mode"": ""masked"", ""exact"": false, ""masked_hash"": ""c31b6d3679028ff2"", ""full_hash"": ""eb482892f9f61c7f"", ""sources"": [""v3.3/LIBETC/INTR_VB"", ""v3.5/LIBETC/INTR_VB"", ""v3.6/LIBETC/INTR_VB"", ""v3.6_dtls2002/LIBETC/INTR_VB"", ""v4.0/LIBETC/INTR_VB"", ""v4.0_usa/LIBETC/INTR_VB""]}]",[],Broad immediate masking; semantic identity/version NOT proven. No HLE replacement enabled.
D2KF.EXE,0x80037104,libetc_GetVideoMode,libetc,LIKELY,"[{""size"": 28, ""mode"": ""masked"", ""exact"": false, ""masked_hash"": ""d0bb20f4dc76ea70"", ""full_hash"": ""1450e9bb6044e770"", ""sources"": [""v4.1/LIBETC/VMODE"", ""v4.3/LIBETC/VMODE"", ""v4.4/LIBETC/VMODE"", ""v4.6/LIBETC/VMODE"", ""v4.7/LIBETC/VMODE""]}]","[""0x80037194"", ""0x800390BC"", ""0x8003B450""]",Broad immediate masking; semantic identity/version NOT proven. No HLE replacement enabled.
D2KF.EXE,0x80037538,libgs_GsSortClear,libgs,LIKELY,"[{""size"": 312, ""mode"": ""masked"", ""exact"": false, ""masked_hash"": ""b9707b182b01375a"", ""full_hash"": ""5f361d0c48276de0"", ""sources"": [""v4.1/LIBGS/GS_001"", ""v4.3/LIBGS/GS_001"", ""v4.4/LIBGS/GS_001"", ""v4.6/LIBGS/GS_001"", ""v4.7/LIBGS/GS_001""]}]","[""0x80019BE8"", ""0x8001AE34"", ""0x8001BDF0"", ""0x8001C8CC"", ""0x8001CE00"", ""0x800204E4"", ""0x800227A0"", ""0x800255A4"", ""0x800276EC"", ""0x800285A8""]",Broad immediate masking; semantic identity/version NOT proven. No HLE replacement enabled.
D2KF.EXE,0x80037680,libgs_GsSetDrawBuffOffset,libgs,LIKELY,"[{""size"": 272, ""mode"": ""masked"", ""exact"": false, ""masked_hash"": ""c772c8b1224fb24f"", ""full_hash"": ""db6d7fefad03ec04"", ""sources"": [""v4.1/LIBGS/GS_002"", ""v4.3/LIBGS/GS_002"", ""v4.4/LIBGS/GS_002"", ""v4.6/LIBGS/GS_0022"", ""v4.7/LIBGS/GS_0022""]}]","[""0x80037120"", ""0x80037890"", ""0x80037940"", ""0x800379E0""]",Broad immediate masking; semantic identity/version NOT proven. No HLE replacement enabled.
D2KF.EXE,0x80037790,libgs_GsSetDrawBuffClip,libgs,LIKELY,"[{""size"": 128, ""mode"": ""masked"", ""exact"": false, ""masked_hash"": ""a30d3af377be945e"", ""full_hash"": ""6640de78d5f8a926"", ""sources"": [""v4.1/LIBGS/GS_003"", ""v4.3/LIBGS/GS_003"", ""v4.4/LIBGS/GS_003"", ""v4.6/LIBGS/GS_003"", ""v4.7/LIBGS/GS_003""]}]","[""0x80037120"", ""0x80037890"", ""0x80037940""]",Broad immediate masking; semantic identity/version NOT proven. No HLE replacement enabled.
D2KF.EXE,0x80037810,libgs_GsSetClip,libgs,LIKELY,"[{""size"": 128, ""mode"": ""masked"", ""exact"": false, ""masked_hash"": ""f76f7924cefc800a"", ""full_hash"": ""7cd772ab4aada887"", ""sources"": [""v4.1/LIBGS/GS_005"", ""v4.3/LIBGS/GS_005"", ""v4.4/LIBGS/GS_005"", ""v4.6/LIBGS/GS_005"", ""v4.7/LIBGS/GS_005""]}]","[""0x8001BDF0""]",Broad immediate masking; semantic identity/version NOT proven. No HLE replacement enabled.
D2KF.EXE,0x80037890,libgs_GsSwapDispBuff,libgs,LIKELY,"[{""size"": 176, ""mode"": ""masked"", ""exact"": false, ""masked_hash"": ""c12b81354e11a8e6"", ""full_hash"": ""aeaa232a79772e1f"", ""sources"": [""v4.1/LIBGS/GS_010"", ""v4.3/LIBGS/GS_010"", ""v4.4/LIBGS/GS_010"", ""v4.6/LIBGS/GS_010"", ""v4.7/LIBGS/GS_010""]}]","[""0x800190E0"", ""0x80019BE8"", ""0x8001AE34"", ""0x8001BDF0"", ""0x8001C8CC"", ""0x8001CE00"", ""0x800204E4"", ""0x800227A0"", ""0x800255A4"", ""0x800276EC"", ""0x800285A8""]",Broad immediate masking; semantic identity/version NOT proven. No HLE replacement enabled.
D2KF.EXE,0x80037940,libgs_GsDefDispBuff,libgs,LIKELY,"[{""size"": 160, ""mode"": ""masked"", ""exact"": false, ""masked_hash"": ""e36cc34becd75746"", ""full_hash"": ""b9711505e144ee91"", ""sources"": [""v4.1/LIBGS/GS_103"", ""v4.3/LIBGS/GS_103"", ""v4.4/LIBGS/GS_103"", ""v4.6/LIBGS/GS_103"", ""v4.7/LIBGS/GS_103""]}]","[""0x800190E0""]",Broad immediate masking; semantic identity/version NOT proven. No HLE replacement enabled.
D2KF.EXE,0x800379E0,libgs_GsInit3D,libgs,LIKELY,"[{""size"": 128, ""mode"": ""masked"", ""exact"": false, ""masked_hash"": ""09773cc95c1296f5"", ""full_hash"": ""0aeccdfb5f1ad3c8"", ""sources"": [""v4.1/LIBGS/GS_104"", ""v4.3/LIBGS/GS_104"", ""v4.4/LIBGS/GS_104"", ""v4.6/LIBGS/GS_104"", ""v4.7/LIBGS/GS_104""]}]","[""0x800190E0""]",Broad immediate masking; semantic identity/version NOT proven. No HLE replacement enabled.
D2KF.EXE,0x80038000,libgs_GsClearOt,libgs,LIKELY,"[{""size"": 88, ""mode"": ""masked"", ""exact"": false, ""masked_hash"": ""aa9fdb1f445dcae7"", ""full_hash"": ""02323df42fcd6a74"", ""sources"": [""v4.0/LIBGS/GS_113"", ""v4.0_usa/LIBGS/GS_113""]}, {""size"": 96, ""mode"": ""masked"", ""exact"": false, ""masked_hash"": ""8de3edc55465ee3a"", ""full_hash"": ""10496302516c0633"", ""sources"": [""v4.1/LIBGS/GS_113"", ""v4.3/LIBGS/GS_113"", ""v4.4/LIBGS/GS_113"", ""v4.6/LIBGS/GS_113"", ""v4.7/LIBGS/GS_113""]}]","[""0x80019BE8"", ""0x8001AE34"", ""0x8001BDF0"", ""0x8001C8CC"", ""0x8001CE00"", ""0x8001DC40"", ""0x800204E4"", ""0x800227A0"", ""0x800255A4"", ""0x800276EC"", ""0x800285A8""]",Broad immediate masking; semantic identity/version NOT proven. No HLE replacement enabled.
D2KF.EXE,0x80038060,libgs_gte_init,libgs,LIKELY,"[{""size"": 76, ""mode"": ""masked"", ""exact"": false, ""masked_hash"": ""229d025e00fac772"", ""full_hash"": ""afd959e5dab3e79b"", ""sources"": [""v3.3/LIBGS/GS_121"", ""v3.5/LIBGS/GS_121"", ""v3.6/LIBGS/GS_121"", ""v3.6_dtls2002/LIBGS/GS_121"", ""v4.0/LIBGS/GS_121"", ""v4.0_usa/LIBGS/GS_121""]}, {""size"": 80, ""mode"": ""masked"", ""exact"": false, ""masked_hash"": ""43fd2b988534bda6"", ""full_hash"": ""b7a6af78dc7a0b6c"", ""sources"": [""v4.1/LIBGS/GS_121"", ""v4.3/LIBGS/GS_121"", ""v4.4/LIBGS/GS_121"", ""v4.6/LIBGS/GS_121"", ""v4.7/LIBGS/GS_121""]}]","[""0x80037120""]",Broad immediate masking; semantic identity/version NOT proven. No HLE replacement enabled.
D2KF.EXE,0x800380B0,libgs_GsGetTimInfo,libgs,LIKELY,"[{""size"": 228, ""mode"": ""masked"", ""exact"": false, ""masked_hash"": ""728808861fd05b3a"", ""full_hash"": ""4e071177adb03ef7"", ""sources"": [""v3.3/LIBGS/GS_122"", ""v3.5/LIBGS/GS_122"", ""v3.6/LIBGS/GS_122"", ""v3.6_dtls2002/LIBGS/GS_122""]}, {""size"": 240, ""mode"": ""masked"", ""exact"": false, ""masked_hash"": ""e24bb1d633817103"", ""full_hash"": ""da4e247c8185e729"", ""sources"": [""v4.1/LIBGS/GS_122"", ""v4.3/LIBGS/GS_122"", ""v4.4/LIBGS/GS_122"", ""v4.6/LIBGS/GS_122"", ""v4.7/LIBGS/GS_122""]}]","[""0x800204E4"", ""0x800227A0"", ""0x800255A4"", ""0x800276EC"", ""0x800285A8"", ""0x8002A698"", ""0x8002A7DC""]",Broad immediate masking; semantic identity/version NOT proven. No HLE replacement enabled.
D2KF.EXE,0x800381A0,libgs_Gssub_make_matrix,libgs,LIKELY,"[{""size"": 208, ""mode"": ""masked"", ""exact"": false, ""masked_hash"": ""45d792b2ed84ffed"", ""full_hash"": ""abbd77adb008b968"", ""sources"": [""v4.1/LIBGS/GS_123"", ""v4.3/LIBGS/GS_123"", ""v4.4/LIBGS/GS_123"", ""v4.6/LIBGS/GS_123"", ""v4.7/LIBGS/GS_123""]}]",[],Broad immediate masking; semantic identity/version NOT proven. No HLE replacement enabled.
D2KF.EXE,0x80038298,libgte_InitGeom,libgte,LIKELY,"[{""size"": 128, ""mode"": ""masked"", ""exact"": false, ""masked_hash"": ""d7ec2fd94fc5a1bc"", ""full_hash"": ""362099e43b288dbe"", ""sources"": [""v3.3/LIBGTE/MSC00"", ""v3.5/LIBGTE/MSC00""]}, {""size"": 136, ""mode"": ""masked"", ""exact"": false, ""masked_hash"": ""929c9e6615a25748"", ""full_hash"": ""fbc81e077fb1dad9"", ""sources"": [""v3.6/LIBGTE/MSC00"", ""v3.6_dtls2002/LIBGTE/MSC00"", ""v4.0/LIBGTE/MSC00"", ""v4.0_usa/LIBGTE/MSC00"", ""v4.1/LIBGTE/MSC00"", ""v4.3/LIBGTE/MSC00"", ""v4.4/LIBGTE/MSC00"", ""v4.6/LIBGTE/MSC00"", ""v4.7/LIBGTE/MSC00""]}]","[""0x80038060""]",Broad immediate masking; semantic identity/version NOT proven. No HLE replacement enabled.
D2KF.EXE,0x80038320,libgte_SquareRoot0,libgte,LIKELY,"[{""size"": 144, ""mode"": ""masked"", ""exact"": false, ""masked_hash"": ""acb029e8ce8cdfbe"", ""full_hash"": ""d972634ec8df9444"", ""sources"": [""v4.1/LIBGTE/MSC01"", ""v4.3/LIBGTE/MSC01"", ""v4.4/LIBGTE/MSC01"", ""v4.6/LIBGTE/MSC01"", ""v4.7/LIBGTE/MSC01""]}]","[""0x80037A60""]",Broad immediate masking; semantic identity/version NOT proven. No HLE replacement enabled.
D2KF.EXE,0x800383B0,libgte_SetColorMatrix,libgte,CONFIRMED,"[{""size"": 48, ""mode"": ""masked"", ""exact"": true, ""masked_hash"": ""d65cac91ded891d6"", ""full_hash"": ""32169d0ce375b3a1"", ""sources"": [""v3.3/LIBGTE/MTX"", ""v3.5/LIBGTE/MTX_11"", ""v3.6/LIBGTE/MTX_11"", ""v3.6_dtls2002/LIBGTE/MTX_11"", ""v4.0/LIBGTE/MTX_11"", ""v4.0_usa/LIBGTE/MTX_11"", ""v4.1/LIBGTE/MTX_11"", ""v4.3/LIBGTE/MTX_11"", ""v4.4/LIBGTE/MTX_11"", ""v4.6/LIBGTE/MTX_11"", ""v4.7/LIBGTE/MTX_11""]}]","[""0x80037F18""]",Exact signature bytes
D2KF.EXE,0x800383E0,libgte_SetFarColor,libgte,CONFIRMED,"[{""size"": 32, ""mode"": ""masked"", ""exact"": true, ""masked_hash"": ""7c5febbc8fceb4e4"", ""full_hash"": ""7c5febbc8fceb4e4"", ""sources"": [""v3.3/LIBGTE/REG03"", ""v3.5/LIBGTE/REG11"", ""v3.6/LIBGTE/REG11"", ""v3.6_dtls2002/LIBGTE/REG11"", ""v4.0/LIBGTE/REG11"", ""v4.0_usa/LIBGTE/REG11"", ""v4.1/LIBGTE/REG11"", ""v4.3/LIBGTE/REG11"", ""v4.4/LIBGTE/REG11"", ""v4.6/LIBGTE/REG11"", ""v4.7/LIBGTE/REG11""]}]","[""0x80038060""]",Exact signature bytes
D2KF.EXE,0x80038400,libgte_SetGeomOffset,libgte,CONFIRMED,"[{""size"": 24, ""mode"": ""full"", ""exact"": true, ""masked_hash"": ""9aa95b09a0c5f31d"", ""full_hash"": ""9aa95b09a0c5f31d"", ""sources"": [""v3.3/LIBGTE/REG03""]}, {""size"": 32, ""mode"": ""masked"", ""exact"": true, ""masked_hash"": ""9dea63b6a2984fc5"", ""full_hash"": ""9dea63b6a2984fc5"", ""sources"": [""v3.5/LIBGTE/REG12"", ""v3.6/LIBGTE/REG12"", ""v3.6_dtls2002/LIBGTE/REG12"", ""v4.0/LIBGTE/REG12"", ""v4.0_usa/LIBGTE/REG12"", ""v4.1/LIBGTE/REG12"", ""v4.3/LIBGTE/REG12"", ""v4.4/LIBGTE/REG12"", ""v4.6/LIBGTE/REG12"", ""v4.7/LIBGTE/REG12""]}]","[""0x80037680"", ""0x80038060""]",Exact signature bytes
D2KF.EXE,0x80038420,libgte__patch_gte,libgte,LIKELY,"[{""size"": 224, ""mode"": ""masked"", ""exact"": false, ""masked_hash"": ""73e7eef8bea6951b"", ""full_hash"": ""3023bbde9620d4a6"", ""sources"": [""v4.1/LIBGTE/PATCHGTE"", ""v4.3/LIBGTE/PATCHGTE"", ""v4.4/LIBGTE/PATCHGTE"", ""v4.6/LIBGTE/PATCHGTE"", ""v4.7/LIBGTE/PATCHGTE""]}]","[""0x80038298""]",Broad immediate masking; semantic identity/version NOT proven. No HLE replacement enabled.
D2KF.EXE,0x80038500,libapi_FlushCache,libapi,CONFIRMED,"[{""size"": 16, ""mode"": ""full"", ""exact"": true, ""masked_hash"": ""2677dd5b4382d7b0"", ""full_hash"": ""bf6f4999a7f56522"", ""sources"": [""v3.3/LIBAPI/C68"", ""v3.5/LIBAPI/C68"", ""v3.6/LIBAPI/C68"", ""v3.6_dtls2002/LIBAPI/C68"", ""v4.0/LIBAPI/C68"", ""v4.0_usa/LIBAPI/C68"", ""v4.1/LIBAPI/C68"", ""v4.3/LIBAPI/C68"", ""v4.4/LIBAPI/C68"", ""v4.6/LIBAPI/C68"", ""v4.7/LIBAPI/C68""]}]","[""0x80038420"", ""0x8003B5D4"", ""0x800451F8"", ""0x80045270"", ""0x800453A8"", ""0x8004543C"", ""0x800454E0""]",Exact signature bytes
D2KF.EXE,0x80038510,libgpu_ResetGraph,libgpu,LIKELY,"[{""size"": 372, ""mode"": ""masked"", ""exact"": false, ""masked_hash"": ""58f7041cd8cce785"", ""full_hash"": ""1b1cc27e4f11f5dc"", ""sources"": [""v4.1/LIBGPU/SYS"", ""v4.3/LIBGPU/SYS"", ""v4.4/LIBGPU/SYS"", ""v4.6/LIBGPU/SYS"", ""v4.7/LIBGPU/SYS""]}]","[""0x800190E0"", ""0x80037194"", ""0x8003BB88""]",Broad immediate masking; semantic identity/version NOT proven. No HLE replacement enabled.
D2KF.EXE,0x80038684,libgpu_SetGraphDebug,libgpu,LIKELY,"[{""size"": 92, ""mode"": ""masked"", ""exact"": false, ""masked_hash"": ""2df988c766c2fba7"", ""full_hash"": ""91dda45132910ed4"", ""sources"": [""v4.1/LIBGPU/SYS"", ""v4.3/LIBGPU/SYS"", ""v4.4/LIBGPU/SYS"", ""v4.6/LIBGPU/SYS"", ""v4.7/LIBGPU/SYS""]}]",[],Broad immediate masking; semantic identity/version NOT proven. No HLE replacement enabled.
D2KF.EXE,0x800386E0,libgpu_SetGraphQueue,libgpu,LIKELY,"[{""size"": 164, ""mode"": ""masked"", ""exact"": false, ""masked_hash"": ""5d7ea96a52e3fbc7"", ""full_hash"": ""a8380a5f93cf2cf0"", ""sources"": [""v4.1/LIBGPU/SYS"", ""v4.3/LIBGPU/SYS"", ""v4.4/LIBGPU/SYS"", ""v4.6/LIBGPU/SYS"", ""v4.7/LIBGPU/SYS""]}]",[],Broad immediate masking; semantic identity/version NOT proven. No HLE replacement enabled.
D2KF.EXE,0x80038794,libgpu_DrawSyncCallback,libgpu,LIKELY,"[{""size"": 96, ""mode"": ""masked"", ""exact"": false, ""masked_hash"": ""1e7da6c7b0aa0743"", ""full_hash"": ""d80dd89535a63b9d"", ""sources"": [""v4.1/LIBGPU/SYS"", ""v4.3/LIBGPU/SYS"", ""v4.4/LIBGPU/SYS"", ""v4.6/LIBGPU/SYS"", ""v4.7/LIBGPU/SYS""]}]",[],Broad immediate masking; semantic identity/version NOT proven. No HLE replacement enabled.
D2KF.EXE,0x800387F4,libgpu_SetDispMask,libgpu,LIKELY,"[{""size"": 152, ""mode"": ""masked"", ""exact"": false, ""masked_hash"": ""cdb957b3545717df"", ""full_hash"": ""7c6d66e80a16ec5b"", ""sources"": [""v4.1/LIBGPU/SYS"", ""v4.3/LIBGPU/SYS"", ""v4.4/LIBGPU/SYS"", ""v4.6/LIBGPU/SYS"", ""v4.7/LIBGPU/SYS""]}]","[""0x8002CB94"", ""0x80037890""]",Broad immediate masking; semantic identity/version NOT proven. No HLE replacement enabled.
D2KF.EXE,0x80038A10,libgpu_ClearImage,libgpu,LIKELY,"[{""size"": 144, ""mode"": ""masked"", ""exact"": false, ""masked_hash"": ""e7052a10a5141b6c"", ""full_hash"": ""bec03e07d1eb1db5"", ""sources"": [""v4.1/LIBGPU/SYS"", ""v4.3/LIBGPU/SYS"", ""v4.4/LIBGPU/SYS"", ""v4.6/LIBGPU/SYS"", ""v4.7/LIBGPU/SYS""]}]","[""0x800190E0"", ""0x800276EC"", ""0x8002CB94"", ""0x8002DAD0""]",Broad immediate masking; semantic identity/version NOT proven. No HLE replacement enabled.
D2KF.EXE,0x80038AA0,libgpu_ClearImage2,libgpu,LIKELY,"[{""size"": 152, ""mode"": ""masked"", ""exact"": false, ""masked_hash"": ""b46d61db63324325"", ""full_hash"": ""07e59b556ab0105c"", ""sources"": [""v4.1/LIBGPU/SYS"", ""v4.3/LIBGPU/SYS"", ""v4.4/LIBGPU/SYS"", ""v4.6/LIBGPU/SYS"", ""v4.7/LIBGPU/SYS""]}]",[],Broad immediate masking; semantic identity/version NOT proven. No HLE replacement enabled.
D2KF.EXE,0x80038BF8,libgpu_MoveImage,libgpu,LIKELY,"[{""size"": 184, ""mode"": ""masked"", ""exact"": false, ""masked_hash"": ""7afaabbe8195b378"", ""full_hash"": ""7a842ca11a5a4fd4"", ""sources"": [""v4.1/LIBGPU/SYS"", ""v4.3/LIBGPU/SYS"", ""v4.4/LIBGPU/SYS"", ""v4.6/LIBGPU/SYS"", ""v4.7/LIBGPU/SYS""]}]",[],Broad immediate masking; semantic identity/version NOT proven. No HLE replacement enabled.
D2KF.EXE,0x80038CB0,libgpu_ClearOTag,libgpu,LIKELY,"[{""size"": 200, ""mode"": ""masked"", ""exact"": false, ""masked_hash"": ""881e3e202813c5cd"", ""full_hash"": ""9d0c30561a3f5a57"", ""sources"": [""v4.1/LIBGPU/SYS"", ""v4.3/LIBGPU/SYS"", ""v4.4/LIBGPU/SYS"", ""v4.6/LIBGPU/SYS"", ""v4.7/LIBGPU/SYS""]}]",[],Broad immediate masking; semantic identity/version NOT proven. No HLE replacement enabled.
D2KF.EXE,0x80038D78,libgpu_ClearOTagR,libgpu,LIKELY,"[{""size"": 172, ""mode"": ""masked"", ""exact"": false, ""masked_hash"": ""9dc3d1ad123101c4"", ""full_hash"": ""1d0c13b765669535"", ""sources"": [""v4.1/LIBGPU/SYS"", ""v4.3/LIBGPU/SYS"", ""v4.4/LIBGPU/SYS"", ""v4.6/LIBGPU/SYS"", ""v4.7/LIBGPU/SYS""]}]","[""0x80038000""]",Broad immediate masking; semantic identity/version NOT proven. No HLE replacement enabled.
D2KF.EXE,0x80038E24,libgpu_DrawPrim,libgpu,LIKELY,"[{""size"": 92, ""mode"": ""masked"", ""exact"": false, ""masked_hash"": ""69aad13d7907a9e5"", ""full_hash"": ""0b8c6a738814f86e"", ""sources"": [""v4.1/LIBGPU/SYS"", ""v4.3/LIBGPU/SYS"", ""v4.4/LIBGPU/SYS"", ""v4.6/LIBGPU/SYS"", ""v4.7/LIBGPU/SYS""]}]",[],Broad immediate masking; semantic identity/version NOT proven. No HLE replacement enabled.
D2KF.EXE,0x80038E80,libgpu_DrawOTag,libgpu,LIKELY,"[{""size"": 112, ""mode"": ""masked"", ""exact"": false, ""masked_hash"": ""1efb7370bb29fe55"", ""full_hash"": ""26b39abfe0c397d7"", ""sources"": [""v4.1/LIBGPU/SYS"", ""v4.3/LIBGPU/SYS"", ""v4.4/LIBGPU/SYS"", ""v4.6/LIBGPU/SYS"", ""v4.7/LIBGPU/SYS""]}]","[""0x80037FD0""]",Broad immediate masking; semantic identity/version NOT proven. No HLE replacement enabled.
D2KF.EXE,0x80038EF0,libgpu_PutDrawEnv,libgpu,LIKELY,"[{""size"": 192, ""mode"": ""masked"", ""exact"": false, ""masked_hash"": ""a01d1febdc3151d6"", ""full_hash"": ""4f297d9ef6a3a167"", ""sources"": [""v4.1/LIBGPU/SYS"", ""v4.3/LIBGPU/SYS"", ""v4.4/LIBGPU/SYS"", ""v4.6/LIBGPU/SYS"", ""v4.7/LIBGPU/SYS""]}]","[""0x8002CB94"", ""0x80037194"", ""0x80037680"", ""0x80037790"", ""0x80037810""]",Broad immediate masking; semantic identity/version NOT proven. No HLE replacement enabled.
D2KF.EXE,0x80038FB0,libgpu_DrawOTagEnv,libgpu,LIKELY,"[{""size"": 216, ""mode"": ""masked"", ""exact"": false, ""masked_hash"": ""4e9e783ad5ee4521"", ""full_hash"": ""a61354b0edb892bf"", ""sources"": [""v4.1/LIBGPU/SYS"", ""v4.3/LIBGPU/SYS"", ""v4.4/LIBGPU/SYS"", ""v4.6/LIBGPU/SYS"", ""v4.7/LIBGPU/SYS""]}]",[],Broad immediate masking; semantic identity/version NOT proven. No HLE replacement enabled.
D2KF.EXE,0x800390BC,libgpu_PutDispEnv,libgpu,LIKELY,"[{""size"": 1272, ""mode"": ""masked"", ""exact"": false, ""masked_hash"": ""c51bbf49cdf3758f"", ""full_hash"": ""9b185a3cb9b22ee4"", ""sources"": [""v4.3/LIBGPU/SYS"", ""v4.4/LIBGPU/SYS"", ""v4.6/LIBGPU/SYS"", ""v4.7/LIBGPU/SYS""]}]","[""0x8002CB94"", ""0x80037194"", ""0x80037890""]",Broad immediate masking; semantic identity/version NOT proven. No HLE replacement enabled.
D2KF.EXE,0x800395E8,libgpu_GetODE,libgpu,LIKELY,"[{""size"": 48, ""mode"": ""masked"", ""exact"": false, ""masked_hash"": ""da6a03bbc6d16361"", ""full_hash"": ""3758804476f9212e"", ""sources"": [""v4.0/LIBGPU/SYS"", ""v4.0_usa/LIBGPU/SYS"", ""v4.1/LIBGPU/SYS"", ""v4.3/LIBGPU/SYS"", ""v4.4/LIBGPU/SYS"", ""v4.6/LIBGPU/SYS"", ""v4.7/LIBGPU/SYS""]}]",[],Broad immediate masking; semantic identity/version NOT proven. No HLE replacement enabled.
D2KF.EXE,0x80039618,libgpu_SetDrawArea,libgpu,LIKELY,"[{""size"": 128, ""mode"": ""masked"", ""exact"": false, ""masked_hash"": ""55b03ff7130fb1df"", ""full_hash"": ""a0e89ef123ee4f04"", ""sources"": [""v4.1/LIBGPU/SYS"", ""v4.3/LIBGPU/SYS"", ""v4.4/LIBGPU/SYS"", ""v4.6/LIBGPU/SYS"", ""v4.7/LIBGPU/SYS""]}]",[],Broad immediate masking; semantic identity/version NOT proven. No HLE replacement enabled.
D2KF.EXE,0x80039698,libgpu_SetDrawOffset,libgpu,LIKELY,"[{""size"": 64, ""mode"": ""masked"", ""exact"": false, ""masked_hash"": ""e6b6d2a80e997e92"", ""full_hash"": ""ae17425a1417c9fb"", ""sources"": [""v4.1/LIBGPU/SYS"", ""v4.3/LIBGPU/SYS"", ""v4.4/LIBGPU/SYS"", ""v4.6/LIBGPU/SYS"", ""v4.7/LIBGPU/SYS""]}]",[],Broad immediate masking; semantic identity/version NOT proven. No HLE replacement enabled.
D2KF.EXE,0x8003A5D0,libgpu__param,libgpu,LIKELY,"[{""size"": 48, ""mode"": ""masked"", ""exact"": false, ""masked_hash"": ""2dd804925ad943b0"", ""full_hash"": ""3721befd0b10ea42"", ""sources"": [""v3.3/LIBGPU/SYS"", ""v3.5/LIBGPU/SYS"", ""v3.6/LIBGPU/SYS"", ""v3.6_dtls2002/LIBGPU/SYS"", ""v4.0/LIBGPU/SYS"", ""v4.0_usa/LIBGPU/SYS""]}]","[""0x80039E24""]",Broad immediate masking; semantic identity/version NOT proven. No HLE replacement enabled.
D2KF.EXE,0x8003A600,libgpu__addque,libgpu,LIKELY,"[{""size"": 36, ""mode"": ""masked"", ""exact"": false, ""masked_hash"": ""9f13e3974cafe67e"", ""full_hash"": ""9a7783b1dd941828"", ""sources"": [""v3.3/LIBGPU/SYS"", ""v3.5/LIBGPU/SYS"", ""v3.6/LIBGPU/SYS"", ""v3.6_dtls2002/LIBGPU/SYS"", ""v4.0/LIBGPU/SYS"", ""v4.0_usa/LIBGPU/SYS""]}]",[],Broad immediate masking; semantic identity/version NOT proven. No HLE replacement enabled.
D2KF.EXE,0x8003ADC0,libgpu_set_alarm,libgpu,LIKELY,"[{""size"": 52, ""mode"": ""masked"", ""exact"": false, ""masked_hash"": ""719153d7f355a191"", ""full_hash"": ""bb33b1de29bad0c9"", ""sources"": [""v3.3/LIBGPU/SYS"", ""v3.5/LIBGPU/SYS"", ""v3.6/LIBGPU/SYS"", ""v3.6_dtls2002/LIBGPU/SYS"", ""v4.0/LIBGPU/SYS"", ""v4.0_usa/LIBGPU/SYS""]}]","[""0x80039D44"", ""0x8003A054"", ""0x8003A290"", ""0x8003A624"", ""0x8003AC84""]",Broad immediate masking; semantic identity/version NOT proven. No HLE replacement enabled.
D2KF.EXE,0x8003B1B0,libgpu_MoveImage2,libgpu,LIKELY,"[{""size"": 324, ""mode"": ""masked"", ""exact"": false, ""masked_hash"": ""9bfc08d655647d33"", ""full_hash"": ""0c7917cc3e35c4e0"", ""sources"": [""v4.1/LIBGPU/SYS"", ""v4.3/LIBGPU/SYS"", ""v4.4/LIBGPU/SYS"", ""v4.6/LIBGPU/SYS"", ""v4.7/LIBGPU/SYS""]}]",[],Broad immediate masking; semantic identity/version NOT proven. No HLE replacement enabled.
D2KF.EXE,0x8003B2F4,libgpu_DrawOTag2,libgpu,LIKELY,"[{""size"": 252, ""mode"": ""masked"", ""exact"": false, ""masked_hash"": ""14a6ca5e51d84cd1"", ""full_hash"": ""3dcce029a2c92080"", ""sources"": [""v4.4/LIBGPU/SYS"", ""v4.6/LIBGPU/SYS"", ""v4.7/LIBGPU/SYS""]}]",[],Broad immediate masking; semantic identity/version NOT proven. No HLE replacement enabled.
D2KF.EXE,0x8003B440,libapi_GPU_cw,libapi,CONFIRMED,"[{""size"": 16, ""mode"": ""full"", ""exact"": true, ""masked_hash"": ""2677dd5b4382d7b0"", ""full_hash"": ""7c2333e325be8e69"", ""sources"": [""v3.3/LIBAPI/C73"", ""v3.5/LIBAPI/C73"", ""v3.6/LIBAPI/C73"", ""v3.6_dtls2002/LIBAPI/C73"", ""v4.0/LIBAPI/C73"", ""v4.0_usa/LIBAPI/C73"", ""v4.1/LIBAPI/C73"", ""v4.3/LIBAPI/C73"", ""v4.4/LIBAPI/C73"", ""v4.6/LIBAPI/C73"", ""v4.7/LIBAPI/C73""]}]","[""0x80038510""]",Exact signature bytes
D2KF.EXE,0x8003B450,libgpu_SetDefDrawEnv,libgpu,LIKELY,"[{""size"": 180, ""mode"": ""masked"", ""exact"": false, ""masked_hash"": ""f3b52630e1b209c8"", ""full_hash"": ""fc2e5579571561ed"", ""sources"": [""v4.1/LIBGPU/EXT"", ""v4.3/LIBGPU/EXT""]}, {""size"": 192, ""mode"": ""masked"", ""exact"": false, ""masked_hash"": ""cbe7da2c0a0e20f8"", ""full_hash"": ""407c7be27fab68df"", ""sources"": [""v4.4/LIBGPU/E03"", ""v4.6/LIBGPU/E03"", ""v4.7/LIBGPU/E03""]}]","[""0x8002CB94""]",Broad immediate masking; semantic identity/version NOT proven. No HLE replacement enabled.
D2KF.EXE,0x8003B510,libgpu_SetDefDispEnv,libgpu,CONFIRMED,"[{""size"": 60, ""mode"": ""masked"", ""exact"": true, ""masked_hash"": ""a76634e773df423e"", ""full_hash"": ""306767473184a5a9"", ""sources"": [""v3.3/LIBGPU/EXT"", ""v3.5/LIBGPU/EXT"", ""v3.6/LIBGPU/EXT"", ""v3.6_dtls2002/LIBGPU/EXT"", ""v4.0/LIBGPU/EXT"", ""v4.0_usa/LIBGPU/EXT"", ""v4.1/LIBGPU/EXT"", ""v4.3/LIBGPU/EXT""]}, {""size"": 64, ""mode"": ""masked"", ""exact"": true, ""masked_hash"": ""36002f11761dfd57"", ""full_hash"": ""bec1948cf443a7c9"", ""sources"": [""v4.4/LIBGPU/E04"", ""v4.6/LIBGPU/E04"", ""v4.7/LIBGPU/E04""]}]","[""0x8002CB94""]",Exact signature bytes
D2KF.EXE,0x8003B550,libgpu_AddPrim,libgpu,CONFIRMED,"[{""size"": 60, ""mode"": ""masked"", ""exact"": true, ""masked_hash"": ""aad3c867694f74be"", ""full_hash"": ""1c2e33c9e0ddfcd5"", ""sources"": [""v3.3/LIBGPU/PRIM"", ""v3.5/LIBGPU/PRIM"", ""v3.6/LIBGPU/PRIM"", ""v3.6_dtls2002/LIBGPU/PRIM"", ""v4.0/LIBGPU/PRIM"", ""v4.0_usa/LIBGPU/PRIM"", ""v4.1/LIBGPU/PRIM""]}, {""size"": 64, ""mode"": ""masked"", ""exact"": true, ""masked_hash"": ""f93f2d13f3342781"", ""full_hash"": ""b50e8398dbadd05d"", ""sources"": [""v4.3/LIBGPU/P06"", ""v4.4/LIBGPU/P06"", ""v4.6/LIBGPU/P06"", ""v4.7/LIBGPU/P06""]}]","[""0x80037538""]",Exact signature bytes
D2KF.EXE,0x8003C6C0,libapi_AddDrv,libapi,CONFIRMED,"[{""size"": 16, ""mode"": ""full"", ""exact"": true, ""masked_hash"": ""2677dd5b4382d7b0"", ""full_hash"": ""2a3cfb5e7595241c"", ""sources"": [""v3.3/LIBAPI/A71"", ""v3.5/LIBAPI/A71"", ""v3.6/LIBAPI/A71"", ""v3.6_dtls2002/LIBAPI/A71"", ""v4.0/LIBAPI/A71"", ""v4.0_usa/LIBAPI/A71"", ""v4.1/LIBAPI/A71"", ""v4.3/LIBAPI/A71"", ""v4.4/LIBAPI/A71"", ""v4.6/LIBAPI/A71"", ""v4.7/LIBAPI/A71""]}]","[""0x8003B590""]",Exact signature bytes
D2KF.EXE,0x8003C6D0,libapi_DelDrv,libapi,CONFIRMED,"[{""size"": 16, ""mode"": ""full"", ""exact"": true, ""masked_hash"": ""2677dd5b4382d7b0"", ""full_hash"": ""4e836153b29f6e39"", ""sources"": [""v3.3/LIBAPI/A72"", ""v3.5/LIBAPI/A72"", ""v3.6/LIBAPI/A72"", ""v3.6_dtls2002/LIBAPI/A72"", ""v4.0/LIBAPI/A72"", ""v4.0_usa/LIBAPI/A72"", ""v4.1/LIBAPI/A72"", ""v4.3/LIBAPI/A72"", ""v4.4/LIBAPI/A72"", ""v4.6/LIBAPI/A72"", ""v4.7/LIBAPI/A72""]}]","[""0x8003B5D4""]",Exact signature bytes
D2KF.EXE,0x8003C6E0,libapi_SysEnqIntRP,libapi,CONFIRMED,"[{""size"": 16, ""mode"": ""full"", ""exact"": true, ""masked_hash"": ""2677dd5b4382d7b0"", ""full_hash"": ""0793f55754cc3198"", ""sources"": [""v3.3/LIBAPI/L02"", ""v3.5/LIBAPI/L02"", ""v3.6/LIBAPI/L02"", ""v3.6_dtls2002/LIBAPI/L02"", ""v4.0/LIBAPI/L02"", ""v4.0_usa/LIBAPI/L02"", ""v4.1/LIBAPI/L02"", ""v4.3/LIBAPI/L02"", ""v4.4/LIBAPI/L02"", ""v4.6/LIBAPI/L02"", ""v4.7/LIBAPI/L02""]}]","[""0x8003C434"", ""0x8003CF10"", ""0x80045034""]",Exact signature bytes
D2KF.EXE,0x8003C6F0,libapi_SysDeqIntRP,libapi,CONFIRMED,"[{""size"": 16, ""mode"": ""full"", ""exact"": true, ""masked_hash"": ""2677dd5b4382d7b0"", ""full_hash"": ""fef767267a3f3723"", ""sources"": [""v3.3/LIBAPI/L03"", ""v3.5/LIBAPI/L03"", ""v3.6/LIBAPI/L03"", ""v3.6_dtls2002/LIBAPI/L03"", ""v4.0/LIBAPI/L03"", ""v4.0_usa/LIBAPI/L03"", ""v4.1/LIBAPI/L03"", ""v4.3/LIBAPI/L03"", ""v4.4/LIBAPI/L03"", ""v4.6/LIBAPI/L03"", ""v4.7/LIBAPI/L03""]}]","[""0x8003C434"", ""0x8003C538"", ""0x8003CF10"", ""0x8003CFDC"", ""0x80045034"", ""0x800450AC""]",Exact signature bytes
D2KF.EXE,0x8003F950,libapi_OpenEvent,libapi,CONFIRMED,"[{""size"": 16, ""mode"": ""full"", ""exact"": true, ""masked_hash"": ""2677dd5b4382d7b0"", ""full_hash"": ""aa2854c7ca749898"", ""sources"": [""v3.3/LIBAPI/A08"", ""v3.5/LIBAPI/A08"", ""v3.6/LIBAPI/A08"", ""v3.6_dtls2002/LIBAPI/A08"", ""v4.0/LIBAPI/A08"", ""v4.0_usa/LIBAPI/A08"", ""v4.1/LIBAPI/A08"", ""v4.3/LIBAPI/A08"", ""v4.4/LIBAPI/A08"", ""v4.6/LIBAPI/A08"", ""v4.7/LIBAPI/A08""]}]","[""0x8003F8D8"", ""0x80044760""]",Exact signature bytes
D2KF.EXE,0x8003F960,libapi_EnableEvent,libapi,CONFIRMED,"[{""size"": 16, ""mode"": ""full"", ""exact"": true, ""masked_hash"": ""2677dd5b4382d7b0"", ""full_hash"": ""9aa900f79f4f3f07"", ""sources"": [""v3.3/LIBAPI/A12"", ""v3.5/LIBAPI/A12"", ""v3.6/LIBAPI/A12"", ""v3.6_dtls2002/LIBAPI/A12"", ""v4.0/LIBAPI/A12"", ""v4.0_usa/LIBAPI/A12"", ""v4.1/LIBAPI/A12"", ""v4.3/LIBAPI/A12"", ""v4.4/LIBAPI/A12"", ""v4.6/LIBAPI/A12"", ""v4.7/LIBAPI/A12""]}]","[""0x8003F8D8"", ""0x80044760""]",Exact signature bytes
D2KF.EXE,0x800404B0,libcd_CdDataCallback,libcd,LIKELY,"[{""size"": 36, ""mode"": ""masked"", ""exact"": false, ""masked_hash"": ""988f7deefdfa4efa"", ""full_hash"": ""5710239812f71454"", ""sources"": [""v4.0/LIBCD/SYS"", ""v4.0_usa/LIBCD/SYS"", ""v4.1/LIBCD/SYS"", ""v4.3/LIBCD/SYS"", ""v4.4/LIBCD/SYS""]}, {""size"": 48, ""mode"": ""masked"", ""exact"": false, ""masked_hash"": ""c810c25b17c6f067"", ""full_hash"": ""ec41b72c6de76204"", ""sources"": [""v4.6/LIBCD/S_023""]}]","[""0x8003F8D8"", ""0x800404E0""]",Broad immediate masking; semantic identity/version NOT proven. No HLE replacement enabled.
D2KF.EXE,0x80040560,libapi_CloseEvent,libapi,CONFIRMED,"[{""size"": 16, ""mode"": ""full"", ""exact"": true, ""masked_hash"": ""2677dd5b4382d7b0"", ""full_hash"": ""7676325d36200bb7"", ""sources"": [""v3.3/LIBAPI/A09"", ""v3.5/LIBAPI/A09"", ""v3.6/LIBAPI/A09"", ""v3.6_dtls2002/LIBAPI/A09"", ""v4.0/LIBAPI/A09"", ""v4.0_usa/LIBAPI/A09"", ""v4.1/LIBAPI/A09"", ""v4.3/LIBAPI/A09"", ""v4.4/LIBAPI/A09"", ""v4.6/LIBAPI/A09"", ""v4.7/LIBAPI/A09""]}]","[""0x800404E0"", ""0x8004495C""]",Exact signature bytes
D2KF.EXE,0x80040570,libapi_DisableEvent,libapi,CONFIRMED,"[{""size"": 16, ""mode"": ""full"", ""exact"": true, ""masked_hash"": ""2677dd5b4382d7b0"", ""full_hash"": ""e5cd44660bb79ed4"", ""sources"": [""v3.3/LIBAPI/A13"", ""v3.5/LIBAPI/A13"", ""v3.6/LIBAPI/A13"", ""v3.6_dtls2002/LIBAPI/A13"", ""v4.0/LIBAPI/A13"", ""v4.0_usa/LIBAPI/A13"", ""v4.1/LIBAPI/A13"", ""v4.3/LIBAPI/A13"", ""v4.4/LIBAPI/A13"", ""v4.6/LIBAPI/A13"", ""v4.7/LIBAPI/A13""]}]","[""0x800404E0""]",Exact signature bytes
D2KF.EXE,0x80041050,libapi_TestEvent,libapi,CONFIRMED,"[{""size"": 16, ""mode"": ""full"", ""exact"": true, ""masked_hash"": ""2677dd5b4382d7b0"", ""full_hash"": ""310222cdbb94b7d9"", ""sources"": [""v3.3/LIBAPI/A11"", ""v3.5/LIBAPI/A11"", ""v3.6/LIBAPI/A11"", ""v3.6_dtls2002/LIBAPI/A11"", ""v4.0/LIBAPI/A11"", ""v4.0_usa/LIBAPI/A11"", ""v4.1/LIBAPI/A11"", ""v4.3/LIBAPI/A11"", ""v4.4/LIBAPI/A11"", ""v4.6/LIBAPI/A11"", ""v4.7/LIBAPI/A11""]}]","[""0x80040FA0"", ""0x80041004"", ""0x80044A10"", ""0x80044B18"", ""0x80044BF0""]",Exact signature bytes
D2KF.EXE,0x800442A0,libapi_lseek,libapi,CONFIRMED,"[{""size"": 16, ""mode"": ""full"", ""exact"": true, ""masked_hash"": ""2677dd5b4382d7b0"", ""full_hash"": ""15a4c4384ba0fd38"", ""sources"": [""v3.3/LIBAPI/A51"", ""v3.5/LIBAPI/A51"", ""v3.6/LIBAPI/A51"", ""v3.6_dtls2002/LIBAPI/A51"", ""v4.0/LIBAPI/A51"", ""v4.0_usa/LIBAPI/A51"", ""v4.1/LIBAPI/A51"", ""v4.3/LIBAPI/A51"", ""v4.4/LIBAPI/A51"", ""v4.6/LIBAPI/A51"", ""v4.7/LIBAPI/A51""]}]","[""0x80042FFC"", ""0x800431F0""]",Exact signature bytes
D2KF.EXE,0x800442B0,libapi_nextfile,libapi,CONFIRMED,"[{""size"": 16, ""mode"": ""full"", ""exact"": true, ""masked_hash"": ""2677dd5b4382d7b0"", ""full_hash"": ""77f77a03b65476ed"", ""sources"": [""v3.3/LIBAPI/A67"", ""v3.5/LIBAPI/A67"", ""v3.6/LIBAPI/A67"", ""v3.6_dtls2002/LIBAPI/A67"", ""v4.0/LIBAPI/A67"", ""v4.0_usa/LIBAPI/A67"", ""v4.1/LIBAPI/A67"", ""v4.3/LIBAPI/A67"", ""v4.4/LIBAPI/A67"", ""v4.6/LIBAPI/A67"", ""v4.7/LIBAPI/A67""]}]","[""0x80043868""]",Exact signature bytes
D2KF.EXE,0x80044FCC,libapi_StartPAD,libapi,LIKELY,"[{""size"": 48, ""mode"": ""masked"", ""exact"": false, ""masked_hash"": ""ed031e7905ab9d75"", ""full_hash"": ""4910f79ce471b1ab"", ""sources"": [""v4.1/LIBAPI/PAD"", ""v4.3/LIBAPI/PAD"", ""v4.4/LIBAPI/PAD""]}]",[],Broad immediate masking; semantic identity/version NOT proven. No HLE replacement enabled.
D2KF.EXE,0x80044FFC,libapi_StopPAD,libapi,LIKELY,"[{""size"": 56, ""mode"": ""masked"", ""exact"": false, ""masked_hash"": ""afdb3583c400a453"", ""full_hash"": ""5728d689da144b3d"", ""sources"": [""v4.0/LIBAPI/PAD"", ""v4.0_usa/LIBAPI/PAD""]}, {""size"": 404, ""mode"": ""masked"", ""exact"": false, ""masked_hash"": ""30a08fb8608a590a"", ""full_hash"": ""b21fa168fc327204"", ""sources"": [""v4.1/LIBAPI/PAD"", ""v4.3/LIBAPI/PAD"", ""v4.4/LIBAPI/PAD""]}]",[],Broad immediate masking; semantic identity/version NOT proven. No HLE replacement enabled.
D2KF.EXE,0x800450AC,libapi_RemovePatchPad,libapi,LIKELY,"[{""size"": 56, ""mode"": ""masked"", ""exact"": false, ""masked_hash"": ""ffa5d6b9fb94128f"", ""full_hash"": ""13e4e1749a623c36"", ""sources"": [""v4.0/LIBAPI/PAD"", ""v4.0_usa/LIBAPI/PAD""]}]","[""0x80044FFC""]",Broad immediate masking; semantic identity/version NOT proven. No HLE replacement enabled.
D2KF.EXE,0x800450E4,libapi__Pad1,libapi,LIKELY,"[{""size"": 104, ""mode"": ""masked"", ""exact"": false, ""masked_hash"": ""b0d24a344c1069f5"", ""full_hash"": ""62368ca4f925cb1b"", ""sources"": [""v4.0/LIBAPI/PAD"", ""v4.0_usa/LIBAPI/PAD""]}]",[],Broad immediate masking; semantic identity/version NOT proven. No HLE replacement enabled.
D2KF.EXE,0x800451F8,libapi__patch_pad,libapi,LIKELY,"[{""size"": 120, ""mode"": ""masked"", ""exact"": false, ""masked_hash"": ""2996874a4da6bab9"", ""full_hash"": ""a3481d536d735891"", ""sources"": [""v4.1/LIBAPI/PATCH"", ""v4.3/LIBAPI/PATCH"", ""v4.4/LIBAPI/PATCH"", ""v4.6/LIBAPI/PATCH"", ""v4.7/LIBAPI/PATCH""]}]","[""0x80044EAC"", ""0x80044F3C""]",Broad immediate masking; semantic identity/version NOT proven. No HLE replacement enabled.
D2KF.EXE,0x80045270,libapi__remove_ChgclrPAD,libapi,LIKELY,"[{""size"": 112, ""mode"": ""masked"", ""exact"": false, ""masked_hash"": ""4fa72929eeee9ad3"", ""full_hash"": ""3ee528946ec71ad5"", ""sources"": [""v4.1/LIBAPI/CHCLRPAD"", ""v4.3/LIBAPI/CHCLRPAD"", ""v4.4/LIBAPI/CHCLRPAD"", ""v4.6/LIBAPI/CHCLRPAD"", ""v4.7/LIBAPI/CHCLRPAD""]}]","[""0x80044EAC"", ""0x80044F3C""]",Broad immediate masking; semantic identity/version NOT proven. No HLE replacement enabled.
DUNE.EXE,0x8001B330,libgs_GsMapUnit,libgs,CONFIRMED,"[{""size"": 416, ""mode"": ""masked"", ""exact"": true, ""masked_hash"": ""91cb137f97cceffe"", ""full_hash"": ""d08607f7323c4cb8"", ""sources"": [""v4.1/LIBGS/MAPUNIT""]}]","[""0x800618F8""]",Exact signature bytes
DUNE.EXE,0x8001B4D0,libgs_GsScanUnit,libgs,LIKELY,"[{""size"": 440, ""mode"": ""masked"", ""exact"": false, ""masked_hash"": ""15b16dc58590db09"", ""full_hash"": ""33260b6788927b0f"", ""sources"": [""v4.1/LIBGS/SCANUNIT""]}]","[""0x800618F8""]",Broad immediate masking; semantic identity/version NOT proven. No HLE replacement enabled.
DUNE.EXE,0x8001C000,libgs_GsU_00000000,libgs,CONFIRMED,"[{""size"": 28, ""mode"": ""masked"", ""exact"": true, ""masked_hash"": ""127db3838d5add4c"", ""full_hash"": ""127db3838d5add4c"", ""sources"": [""v4.0/LIBGS/00000000"", ""v4.0_usa/LIBGS/00000000""]}, {""size"": 32, ""mode"": ""masked"", ""exact"": true, ""masked_hash"": ""335cfb4238553cf0"", ""full_hash"": ""335cfb4238553cf0"", ""sources"": [""v4.1/LIBGS/00000000""]}]",[],Exact signature bytes
DUNE.EXE,0x800744A4,libcd_CdReset,libcd,LIKELY,"[{""size"": 108, ""mode"": ""masked"", ""exact"": false, ""masked_hash"": ""1803b75d5c9ff65a"", ""full_hash"": ""d02812c6baf36315"", ""sources"": [""v4.1/LIBCD/SYS"", ""v4.3/LIBCD/SYS"", ""v4.4/LIBCD/SYS""]}]",[],Broad immediate masking; semantic identity/version NOT proven. No HLE replacement enabled.
DUNE.EXE,0x80074614,libcd_CdControl,libcd,LIKELY,"[{""size"": 316, ""mode"": ""masked"", ""exact"": false, ""masked_hash"": ""79ad09aaddf39dda"", ""full_hash"": ""9254703bba9c8c60"", ""sources"": [""v4.1/LIBCD/SYS"", ""v4.3/LIBCD/SYS"", ""v4.4/LIBCD/SYS"", ""v4.6/LIBCD/S_016""]}]","[""0x80063C88"", ""0x80063DA4"", ""0x80064068"", ""0x80076CB4"", ""0x80077120""]",Broad immediate masking; semantic identity/version NOT proven. No HLE replacement enabled.
DUNE.EXE,0x80074750,libcd_CdControlF,libcd,LIKELY,"[{""size"": 308, ""mode"": ""masked"", ""exact"": false, ""masked_hash"": ""ab6ec17d4f40cfca"", ""full_hash"": ""2d275164e57e585e"", ""sources"": [""v4.1/LIBCD/SYS"", ""v4.3/LIBCD/SYS"", ""v4.4/LIBCD/SYS"", ""v4.6/LIBCD/S_016""]}]","[""0x80076DDC"", ""0x80077050"", ""0x80077120"", ""0x80077308""]",Broad immediate masking; semantic identity/version NOT proven. No HLE replacement enabled.
DUNE.EXE,0x80074884,libcd_CdControlB,libcd,LIKELY,"[{""size"": 332, ""mode"": ""masked"", ""exact"": false, ""masked_hash"": ""abdef5e7a0b67143"", ""full_hash"": ""16509ae21e0653fa"", ""sources"": [""v4.1/LIBCD/SYS"", ""v4.3/LIBCD/SYS"", ""v4.4/LIBCD/SYS""]}]","[""0x80062BA8"", ""0x80062CE4"", ""0x80062D1C"", ""0x80062DB8"", ""0x80063038"", ""0x800774A8""]",Broad immediate masking; semantic identity/version NOT proven. No HLE replacement enabled.
DUNE.EXE,0x800749D0,libcd_CdMix,libcd,LIKELY,"[{""size"": 32, ""mode"": ""masked"", ""exact"": false, ""masked_hash"": ""896a4fdecbebe547"", ""full_hash"": ""6a75610afbc6d38c"", ""sources"": [""v4.0/LIBCD/SYS"", ""v4.0_usa/LIBCD/SYS"", ""v4.1/LIBCD/SYS"", ""v4.3/LIBCD/SYS"", ""v4.4/LIBCD/SYS"", ""v4.6/LIBCD/S_020""]}]",[],Broad immediate masking; semantic identity/version NOT proven. No HLE replacement enabled.
DUNE.EXE,0x80074A74,libcd_CdIntToPos,libcd,CONFIRMED,"[{""size"": 260, ""mode"": ""masked"", ""exact"": true, ""masked_hash"": ""fe7c27be5bd2dabd"", ""full_hash"": ""0a1c7f9f7ebeb18d"", ""sources"": [""v4.0/LIBCD/SYS"", ""v4.0_usa/LIBCD/SYS"", ""v4.1/LIBCD/SYS"", ""v4.3/LIBCD/SYS"", ""v4.4/LIBCD/SYS""]}]","[""0x80062BA8"", ""0x80063DA4"", ""0x80064068"", ""0x80076A18"", ""0x80076CB4""]",Exact signature bytes
DUNE.EXE,0x80074B78,libcd_CdPosToInt,libcd,CONFIRMED,"[{""size"": 128, ""mode"": ""masked"", ""exact"": true, ""masked_hash"": ""80a94a0932ba49e7"", ""full_hash"": ""91ea1fb723b4ee63"", ""sources"": [""v3.3/LIBCD/SYS"", ""v3.5/LIBCD/SYS"", ""v3.6/LIBCD/SYS"", ""v3.6_dtls2002/LIBCD/SYS"", ""v4.0/LIBCD/SYS"", ""v4.0_usa/LIBCD/SYS"", ""v4.1/LIBCD/SYS"", ""v4.3/LIBCD/SYS"", ""v4.4/LIBCD/SYS"", ""v4.6/LIBCD/SYS""]}]","[""0x80063038"", ""0x80063DA4"", ""0x80064068"", ""0x8006421C"", ""0x80076DDC"", ""0x80077120""]",Exact signature bytes
DUNE.EXE,0x80075154,libcd_CD_sync,libcd,LIKELY,"[{""size"": 640, ""mode"": ""masked"", ""exact"": false, ""masked_hash"": ""38753c2e912b191e"", ""full_hash"": ""9c59e98a73b88e20"", ""sources"": [""v4.1/LIBCD/BIOS"", ""v4.3/LIBCD/BIOS"", ""v4.4/LIBCD/BIOS"", ""v4.6/LIBCD/BIOS_1""]}]","[""0x800745AC"", ""0x80074884"", ""0x8007569C"", ""0x80075D40""]",Broad immediate masking; semantic identity/version NOT proven. No HLE replacement enabled.
DUNE.EXE,0x800753D4,libcd_CD_ready,libcd,LIKELY,"[{""size"": 712, ""mode"": ""masked"", ""exact"": false, ""masked_hash"": ""0f1ab8451522a4ff"", ""full_hash"": ""1189c6443a284442"", ""sources"": [""v4.1/LIBCD/BIOS"", ""v4.3/LIBCD/BIOS"", ""v4.4/LIBCD/BIOS"", ""v4.6/LIBCD/BIOS_1""]}]","[""0x800745CC""]",Broad immediate masking; semantic identity/version NOT proven. No HLE replacement enabled.
DUNE.EXE,0x8007569C,libcd_CD_cw,libcd,LIKELY,"[{""size"": 1036, ""mode"": ""masked"", ""exact"": false, ""masked_hash"": ""2642d03c80411174"", ""full_hash"": ""92502815572df599"", ""sources"": [""v4.1/LIBCD/BIOS"", ""v4.3/LIBCD/BIOS"", ""v4.4/LIBCD/BIOS"", ""v4.6/LIBCD/BIOS_1""]}]","[""0x80074614"", ""0x80074750"", ""0x80074884"", ""0x80075D40""]",Broad immediate masking; semantic identity/version NOT proven. No HLE replacement enabled.
DUNE.EXE,0x80075AA8,libcd_CD_vol,libcd,LIKELY,"[{""size"": 136, ""mode"": ""masked"", ""exact"": false, ""masked_hash"": ""9b9ea3c13858df6e"", ""full_hash"": ""64f267e4e21fa3d9"", ""sources"": [""v4.0/LIBCD/BIOS"", ""v4.0_usa/LIBCD/BIOS"", ""v4.1/LIBCD/BIOS"", ""v4.3/LIBCD/BIOS"", ""v4.4/LIBCD/BIOS"", ""v4.6/LIBCD/BIOS_1""]}]","[""0x800749D0""]",Broad immediate masking; semantic identity/version NOT proven. No HLE replacement enabled.
DUNE.EXE,0x80075B30,libcd_CD_flush,libcd,LIKELY,"[{""size"": 212, ""mode"": ""masked"", ""exact"": false, ""masked_hash"": ""3ac231c2287e723d"", ""full_hash"": ""dd5a8c7248caa7f3"", ""sources"": [""v4.1/LIBCD/BIOS"", ""v4.3/LIBCD/BIOS"", ""v4.4/LIBCD/BIOS"", ""v4.6/LIBCD/BIOS_1""]}]","[""0x80074510"", ""0x80075154"", ""0x800753D4"", ""0x8007569C"", ""0x80075F20""]",Broad immediate masking; semantic identity/version NOT proven. No HLE replacement enabled.
DUNE.EXE,0x80075C04,libcd_CD_initvol,libcd,LIKELY,"[{""size"": 240, ""mode"": ""masked"", ""exact"": false, ""masked_hash"": ""75feba74f239f39b"", ""full_hash"": ""4f533600b813cb5f"", ""sources"": [""v4.1/LIBCD/BIOS"", ""v4.3/LIBCD/BIOS"", ""v4.4/LIBCD/BIOS"", ""v4.6/LIBCD/BIOS_1""]}]","[""0x800743A8"", ""0x800744A4""]",Broad immediate masking; semantic identity/version NOT proven. No HLE replacement enabled.
DUNE.EXE,0x80075CF4,libcd_CD_initintr,libcd,LIKELY,"[{""size"": 76, ""mode"": ""masked"", ""exact"": false, ""masked_hash"": ""aaef61e0b00937c1"", ""full_hash"": ""d42a11425c1550e3"", ""sources"": [""v4.1/LIBCD/BIOS"", ""v4.3/LIBCD/BIOS"", ""v4.4/LIBCD/BIOS"", ""v4.6/LIBCD/BIOS_1""]}]","[""0x800744A4""]",Broad immediate masking; semantic identity/version NOT proven. No HLE replacement enabled.
DUNE.EXE,0x80075D40,libcd_CD_init,libcd,LIKELY,"[{""size"": 480, ""mode"": ""masked"", ""exact"": false, ""masked_hash"": ""dea7fc148284125e"", ""full_hash"": ""0db9e5801107f564"", ""sources"": [""v4.1/LIBCD/BIOS"", ""v4.3/LIBCD/BIOS"", ""v4.4/LIBCD/BIOS"", ""v4.6/LIBCD/BIOS_1""]}]","[""0x800743A8"", ""0x800744A4""]",Broad immediate masking; semantic identity/version NOT proven. No HLE replacement enabled.
DUNE.EXE,0x80075F20,libcd_CD_datasync,libcd,LIKELY,"[{""size"": 360, ""mode"": ""masked"", ""exact"": false, ""masked_hash"": ""b431dd2ea4ecc408"", ""full_hash"": ""1e16a8556ccc0f48"", ""sources"": [""v4.1/LIBCD/BIOS"", ""v4.3/LIBCD/BIOS"", ""v4.4/LIBCD/BIOS"", ""v4.6/LIBCD/BIOS_1""]}]","[""0x80074A54""]",Broad immediate masking; semantic identity/version NOT proven. No HLE replacement enabled.
DUNE.EXE,0x80076088,libcd_CD_getsector,libcd,LIKELY,"[{""size"": 256, ""mode"": ""masked"", ""exact"": false, ""masked_hash"": ""bf8a8e33dc22d79b"", ""full_hash"": ""2ded5ec27b279ed2"", ""sources"": [""v4.0/LIBCD/BIOS"", ""v4.0_usa/LIBCD/BIOS"", ""v4.1/LIBCD/BIOS"", ""v4.3/LIBCD/BIOS"", ""v4.4/LIBCD/BIOS"", ""v4.6/LIBCD/BIOS_2""]}]","[""0x800749F0""]",Broad immediate masking; semantic identity/version NOT proven. No HLE replacement enabled.
DUNE.EXE,0x80076188,libcd_CD_getsector2,libcd,LIKELY,"[{""size"": 236, ""mode"": ""masked"", ""exact"": false, ""masked_hash"": ""5207219306246e4d"", ""full_hash"": ""2af94915747c3a4d"", ""sources"": [""v4.1/LIBCD/BIOS"", ""v4.3/LIBCD/BIOS"", ""v4.4/LIBCD/BIOS""]}]","[""0x80074A10""]",Broad immediate masking; semantic identity/version NOT proven. No HLE replacement enabled.
DUNE.EXE,0x80076690,libcd__cmp,libcd,LIKELY,"[{""size"": 32, ""mode"": ""masked"", ""exact"": false, ""masked_hash"": ""999f0a8fc3631cc7"", ""full_hash"": ""04f69f8b1c1a8057"", ""sources"": [""v4.0/LIBCD/ISO9660"", ""v4.0_usa/LIBCD/ISO9660""]}]","[""0x800763B8""]",Broad immediate masking; semantic identity/version NOT proven. No HLE replacement enabled.
DUNE.EXE,0x80077308,libcd_CdReadBreak,libcd,LIKELY,"[{""size"": 416, ""mode"": ""masked"", ""exact"": false, ""masked_hash"": ""03f3485d052fefae"", ""full_hash"": ""b29d25f959d42dd3"", ""sources"": [""v4.4/LIBCD/CDREAD"", ""v4.6/LIBCD/CDR_1""]}]",[],Broad immediate masking; semantic identity/version NOT proven. No HLE replacement enabled.
DUNE.EXE,0x800774A8,libcd_CdRead,libcd,LIKELY,"[{""size"": 412, ""mode"": ""masked"", ""exact"": false, ""masked_hash"": ""7ea9e346058b4b5b"", ""full_hash"": ""f586bcdb56599a97"", ""sources"": [""v4.4/LIBCD/CDREAD"", ""v4.6/LIBCD/CDR_1""]}]","[""0x80063C88"", ""0x80063DA4"", ""0x80076CB4""]",Broad immediate masking; semantic identity/version NOT proven. No HLE replacement enabled.
DUNE.EXE,0x80077644,libcd_CdReadSync,libcd,LIKELY,"[{""size"": 260, ""mode"": ""masked"", ""exact"": false, ""masked_hash"": ""1e8754bf37c5dd9a"", ""full_hash"": ""04f03d2c71ed46b5"", ""sources"": [""v4.4/LIBCD/CDREAD"", ""v4.6/LIBCD/CDR_1""]}]","[""0x80063C88"", ""0x80063DA4"", ""0x80076CB4""]",Broad immediate masking; semantic identity/version NOT proven. No HLE replacement enabled.
DUNE.EXE,0x8007775C,libcd_CdReadMode,libcd,LIKELY,"[{""size"": 28, ""mode"": ""masked"", ""exact"": false, ""masked_hash"": ""f8afb90ca96cebfd"", ""full_hash"": ""241d778690033e0d"", ""sources"": [""v4.4/LIBCD/CDREAD""]}]",[],Broad immediate masking; semantic identity/version NOT proven. No HLE replacement enabled.
DUNE.EXE,0x80079600,libapi_DeliverEvent,libapi,CONFIRMED,"[{""size"": 16, ""mode"": ""full"", ""exact"": true, ""masked_hash"": ""2677dd5b4382d7b0"", ""full_hash"": ""1649362cdd2b6d2d"", ""sources"": [""v3.3/LIBAPI/A07"", ""v3.5/LIBAPI/A07"", ""v3.6/LIBAPI/A07"", ""v3.6_dtls2002/LIBAPI/A07"", ""v4.0/LIBAPI/A07"", ""v4.0_usa/LIBAPI/A07"", ""v4.1/LIBAPI/A07"", ""v4.3/LIBAPI/A07"", ""v4.4/LIBAPI/A07"", ""v4.6/LIBAPI/A07"", ""v4.7/LIBAPI/A07""]}]","[""0x800743E4"", ""0x8007440C"", ""0x80074434"", ""0x80079590"", ""0x80081F90"", ""0x8008223C"", ""0x800829E8"", ""0x800866C0""]",Exact signature bytes
DUNE.EXE,0x80079610,libapi_open,libapi,CONFIRMED,"[{""size"": 16, ""mode"": ""full"", ""exact"": true, ""masked_hash"": ""2677dd5b4382d7b0"", ""full_hash"": ""e964e050b512fb72"", ""sources"": [""v3.3/LIBAPI/A50"", ""v3.5/LIBAPI/A50"", ""v3.6/LIBAPI/A50"", ""v3.6_dtls2002/LIBAPI/A50"", ""v4.0/LIBAPI/A50"", ""v4.0_usa/LIBAPI/A50"", ""v4.1/LIBAPI/A50"", ""v4.3/LIBAPI/A50"", ""v4.4/LIBAPI/A50"", ""v4.6/LIBAPI/A50"", ""v4.7/LIBAPI/A50""]}]","[""0x800728DC""]",Exact signature bytes
DUNE.EXE,0x80079620,libapi_read,libapi,CONFIRMED,"[{""size"": 16, ""mode"": ""full"", ""exact"": true, ""masked_hash"": ""2677dd5b4382d7b0"", ""full_hash"": ""61d9bba43e1510d3"", ""sources"": [""v3.3/LIBAPI/A52"", ""v3.5/LIBAPI/A52"", ""v3.6/LIBAPI/A52"", ""v3.6_dtls2002/LIBAPI/A52"", ""v4.0/LIBAPI/A52"", ""v4.0_usa/LIBAPI/A52"", ""v4.1/LIBAPI/A52"", ""v4.3/LIBAPI/A52"", ""v4.4/LIBAPI/A52"", ""v4.6/LIBAPI/A52"", ""v4.7/LIBAPI/A52""]}]","[""0x80072D84""]",Exact signature bytes
DUNE.EXE,0x80079630,libapi_write,libapi,CONFIRMED,"[{""size"": 16, ""mode"": ""full"", ""exact"": true, ""masked_hash"": ""2677dd5b4382d7b0"", ""full_hash"": ""5c075aa8a7ebe5be"", ""sources"": [""v3.3/LIBAPI/A53"", ""v3.5/LIBAPI/A53"", ""v3.6/LIBAPI/A53"", ""v3.6_dtls2002/LIBAPI/A53"", ""v4.0/LIBAPI/A53"", ""v4.0_usa/LIBAPI/A53"", ""v4.1/LIBAPI/A53"", ""v4.3/LIBAPI/A53"", ""v4.4/LIBAPI/A53"", ""v4.6/LIBAPI/A53"", ""v4.7/LIBAPI/A53""]}]","[""0x80072D84"", ""0x800737C8"", ""0x800738C4"", ""0x80073900""]",Exact signature bytes
DUNE.EXE,0x80079640,libapi_close,libapi,CONFIRMED,"[{""size"": 16, ""mode"": ""full"", ""exact"": true, ""masked_hash"": ""2677dd5b4382d7b0"", ""full_hash"": ""f0a4980cb5e50a9d"", ""sources"": [""v3.3/LIBAPI/A54"", ""v3.5/LIBAPI/A54"", ""v3.6/LIBAPI/A54"", ""v3.6_dtls2002/LIBAPI/A54"", ""v4.0/LIBAPI/A54"", ""v4.0_usa/LIBAPI/A54"", ""v4.1/LIBAPI/A54"", ""v4.3/LIBAPI/A54"", ""v4.4/LIBAPI/A54"", ""v4.6/LIBAPI/A54"", ""v4.7/LIBAPI/A54""]}]","[""0x80072D44""]",Exact signature bytes
DUNE.EXE,0x80079650,libapi_ChangeClearPAD,libapi,CONFIRMED,"[{""size"": 16, ""mode"": ""full"", ""exact"": true, ""masked_hash"": ""2677dd5b4382d7b0"", ""full_hash"": ""1e5b87bfede28345"", ""sources"": [""v3.3/LIBAPI/A91"", ""v3.5/LIBAPI/A91"", ""v3.6/LIBAPI/A91"", ""v3.6_dtls2002/LIBAPI/A91"", ""v4.0/LIBAPI/A91"", ""v4.0_usa/LIBAPI/A91"", ""v4.1/LIBAPI/A91"", ""v4.3/LIBAPI/A91"", ""v4.4/LIBAPI/A91"", ""v4.6/LIBAPI/A91"", ""v4.7/LIBAPI/A91""]}]","[""0x8005AC20"", ""0x80079CD8"", ""0x8007A1BC""]",Exact signature bytes
DUNE.EXE,0x80079660,libapi_InitHeap2,libapi,LIKELY,"[{""size"": 80, ""mode"": ""masked"", ""exact"": false, ""masked_hash"": ""ec02f92c2e1f016a"", ""full_hash"": ""7be1ae237e1312e0"", ""sources"": [""v4.1/LIBAPI/I_HEAP2"", ""v4.3/LIBAPI/I_HEAP2"", ""v4.4/LIBAPI/I_HEAP2"", ""v4.6/LIBAPI/I_HEAP2"", ""v4.7/LIBAPI/I_HEAP2""]}]","[""0x8005A888""]",Broad immediate masking; semantic identity/version NOT proven. No HLE replacement enabled.
DUNE.EXE,0x800798D0,libapi_free2,libapi,LIKELY,"[{""size"": 56, ""mode"": ""masked"", ""exact"": false, ""masked_hash"": ""915798e954604570"", ""full_hash"": ""5e82e9e6c295df5d"", ""sources"": [""v3.6/LIBAPI/FREE2"", ""v3.6_dtls2002/LIBAPI/FREE2"", ""v4.0/LIBAPI/FREE2"", ""v4.0_usa/LIBAPI/FREE2""]}, {""size"": 64, ""mode"": ""masked"", ""exact"": false, ""masked_hash"": ""da273876168e8d8d"", ""full_hash"": ""6cb7bbcf9d04739b"", ""sources"": [""v4.1/LIBAPI/FREE2"", ""v4.3/LIBAPI/FREE2"", ""v4.4/LIBAPI/FREE2"", ""v4.6/LIBAPI/FREE2"", ""v4.7/LIBAPI/FREE2""]}]","[""0x8005A718"", ""0x8005A7A0"", ""0x8005A828"", ""0x80079910""]",Broad immediate masking; semantic identity/version NOT proven. No HLE replacement enabled.
DUNE.EXE,0x80079D70,libapi_ChangeClearRCnt,libapi,CONFIRMED,"[{""size"": 16, ""mode"": ""full"", ""exact"": true, ""masked_hash"": ""2677dd5b4382d7b0"", ""full_hash"": ""b66aac87180e52cd"", ""sources"": [""v3.3/LIBAPI/L10"", ""v3.5/LIBAPI/L10"", ""v3.6/LIBAPI/L10"", ""v3.6_dtls2002/LIBAPI/L10"", ""v4.0/LIBAPI/L10"", ""v4.0_usa/LIBAPI/L10"", ""v4.1/LIBAPI/L10"", ""v4.3/LIBAPI/L10"", ""v4.4/LIBAPI/L10"", ""v4.6/LIBAPI/L10"", ""v4.7/LIBAPI/L10""]}]","[""0x80079CD8"", ""0x8007A1BC"", ""0x80083820"", ""0x800838EC""]",Exact signature bytes
DUNE.EXE,0x80079E10,libetc_VSyncCallback,libetc,LIKELY,"[{""size"": 52, ""mode"": ""masked"", ""exact"": false, ""masked_hash"": ""5070059dd102d0e2"", ""full_hash"": ""78c29d201730d70d"", ""sources"": [""v4.0/LIBETC/INTR"", ""v4.0_usa/LIBETC/INTR"", ""v4.1/LIBETC/INTR"", ""v4.3/LIBETC/INTR"", ""v4.4/LIBETC/INTR"", ""v4.6/LIBETC/INTR"", ""v4.7/LIBETC/INTR""]}]","[""0x8006FADC"", ""0x8006FC50""]",Broad immediate masking; semantic identity/version NOT proven. No HLE replacement enabled.
DUNE.EXE,0x8007A4C8,libapi__96_remove,libapi,CONFIRMED,"[{""size"": 16, ""mode"": ""full"", ""exact"": true, ""masked_hash"": ""2677dd5b4382d7b0"", ""full_hash"": ""d3ead7216fc50198"", ""sources"": [""v3.3/LIBAPI/C114"", ""v3.5/LIBAPI/C114""]}, {""size"": 24, ""mode"": ""full"", ""exact"": true, ""masked_hash"": ""e58cb156dc0ae045"", ""full_hash"": ""6641b87c847fae4a"", ""sources"": [""v3.6/LIBAPI/C114"", ""v3.6_dtls2002/LIBAPI/C114"", ""v4.0/LIBAPI/C114"", ""v4.0_usa/LIBAPI/C114"", ""v4.1/LIBAPI/C114"", ""v4.3/LIBAPI/C114"", ""v4.4/LIBAPI/C114"", ""v4.6/LIBAPI/C114"", ""v4.7/LIBAPI/C114""]}]","[""0x80079F7C""]",Exact signature bytes
DUNE.EXE,0x8007A4E0,libapi_ReturnFromException,libapi,CONFIRMED,"[{""size"": 16, ""mode"": ""full"", ""exact"": true, ""masked_hash"": ""2677dd5b4382d7b0"", ""full_hash"": ""f0cdeab31ae4c93b"", ""sources"": [""v3.3/LIBAPI/A23"", ""v3.5/LIBAPI/A23"", ""v3.6/LIBAPI/A23"", ""v3.6_dtls2002/LIBAPI/A23"", ""v4.0/LIBAPI/A23"", ""v4.0_usa/LIBAPI/A23"", ""v4.1/LIBAPI/A23"", ""v4.3/LIBAPI/A23"", ""v4.4/LIBAPI/A23"", ""v4.6/LIBAPI/A23"", ""v4.7/LIBAPI/A23""]}]","[""0x80079FEC""]",Exact signature bytes
DUNE.EXE,0x8007A4F0,libapi_ResetEntryInt,libapi,CONFIRMED,"[{""size"": 16, ""mode"": ""full"", ""exact"": true, ""masked_hash"": ""2677dd5b4382d7b0"", ""full_hash"": ""d2bc95f90007b599"", ""sources"": [""v3.3/LIBAPI/A24"", ""v3.5/LIBAPI/A24"", ""v3.5/LIBAPI/SC2B"", ""v3.6/LIBAPI/A24"", ""v3.6/LIBAPI/SC2B"", ""v3.6_dtls2002/LIBAPI/A24"", ""v3.6_dtls2002/LIBAPI/SC2B"", ""v4.0/LIBAPI/A24"", ""v4.0/LIBAPI/SC2B"", ""v4.0_usa/LIBAPI/A24"", ""v4.0_usa/LIBAPI/SC2B"", ""v4.1/LIBAPI/A24"", ""v4.3/LIBAPI/A24"", ""v4.4/LIBAPI/A24"", ""v4.6/LIBAPI/A24"", ""v4.7/LIBAPI/A24""]}]","[""0x8007A304""]",Exact signature bytes
DUNE.EXE,0x8007A500,libapi_HookEntryInt,libapi,CONFIRMED,"[{""size"": 16, ""mode"": ""full"", ""exact"": true, ""masked_hash"": ""2677dd5b4382d7b0"", ""full_hash"": ""71bc7d71dd0d687c"", ""sources"": [""v3.3/LIBAPI/A25"", ""v3.5/LIBAPI/A25"", ""v3.6/LIBAPI/A25"", ""v3.6_dtls2002/LIBAPI/A25"", ""v4.0/LIBAPI/A25"", ""v4.0_usa/LIBAPI/A25"", ""v4.1/LIBAPI/A25"", ""v4.3/LIBAPI/A25"", ""v4.4/LIBAPI/A25"", ""v4.6/LIBAPI/A25"", ""v4.7/LIBAPI/A25""]}]","[""0x80079F7C"", ""0x8007A3A4""]",Exact signature bytes
DUNE.EXE,0x8007A510,libapi_EnterCriticalSection,libapi,CONFIRMED,"[{""size"": 16, ""mode"": ""full"", ""exact"": true, ""masked_hash"": ""a731583e42c149ea"", ""full_hash"": ""505f018057cab576"", ""sources"": [""v3.3/LIBAPI/A36"", ""v3.5/LIBAPI/A36"", ""v3.6/LIBAPI/A36"", ""v3.6_dtls2002/LIBAPI/A36"", ""v4.0/LIBAPI/A36"", ""v4.0_usa/LIBAPI/A36"", ""v4.1/LIBAPI/A36"", ""v4.3/LIBAPI/A36"", ""v4.4/LIBAPI/A36"", ""v4.6/LIBAPI/A36"", ""v4.7/LIBAPI/A36""]}]","[""0x8007A304"", ""0x8007D5B0"", ""0x80081EA0"", ""0x80081EE4"", ""0x80082498"", ""0x80083820"", ""0x800838EC"", ""0x800861E8""]",Exact signature bytes
DUNE.EXE,0x8007A520,libapi_ExitCriticalSection,libapi,CONFIRMED,"[{""size"": 16, ""mode"": ""full"", ""exact"": true, ""masked_hash"": ""a731583e42c149ea"", ""full_hash"": ""6e003f701ca62242"", ""sources"": [""v3.3/LIBAPI/A37"", ""v3.5/LIBAPI/A37"", ""v3.6/LIBAPI/A37"", ""v3.6_dtls2002/LIBAPI/A37"", ""v4.0/LIBAPI/A37"", ""v4.0_usa/LIBAPI/A37"", ""v4.1/LIBAPI/A37"", ""v4.3/LIBAPI/A37"", ""v4.4/LIBAPI/A37"", ""v4.6/LIBAPI/A37"", ""v4.7/LIBAPI/A37""]}]","[""0x80079F7C"", ""0x8007A3A4"", ""0x8007D5B0"", ""0x80081EA0"", ""0x80081EE4"", ""0x80082498"", ""0x80083820"", ""0x800838EC"", ""0x800861E8""]",Exact signature bytes
DUNE.EXE,0x8007A530,libetc_startIntrVSync,libetc,LIKELY,"[{""size"": 88, ""mode"": ""masked"", ""exact"": false, ""masked_hash"": ""cc57f071b758f322"", ""full_hash"": ""ee5c3cb55e466b1a"", ""sources"": [""v4.0/LIBETC/INTR_VB"", ""v4.0_usa/LIBETC/INTR_VB""]}, {""size"": 288, ""mode"": ""masked"", ""exact"": false, ""masked_hash"": ""0753121902063cef"", ""full_hash"": ""100a8ba63a18cb93"", ""sources"": [""v4.1/LIBETC/INTR_VB"", ""v4.3/LIBETC/INTR_VB"", ""v4.4/LIBETC/INTR_VB"", ""v4.6/LIBETC/INTR_VB"", ""v4.7/LIBETC/INTR_VB""]}]","[""0x80079F7C""]",Broad immediate masking; semantic identity/version NOT proven. No HLE replacement enabled.
DUNE.EXE,0x8007A5F4,libetc_setIntrVSync,libetc,LIKELY,"[{""size"": 44, ""mode"": ""masked"", ""exact"": false, ""masked_hash"": ""c31b6d3679028ff2"", ""full_hash"": ""f5ec303c1cacb59c"", ""sources"": [""v3.3/LIBETC/INTR_VB"", ""v3.5/LIBETC/INTR_VB"", ""v3.6/LIBETC/INTR_VB"", ""v3.6_dtls2002/LIBETC/INTR_VB"", ""v4.0/LIBETC/INTR_VB"", ""v4.0_usa/LIBETC/INTR_VB""]}]",[],Broad immediate masking; semantic identity/version NOT proven. No HLE replacement enabled.
DUNE.EXE,0x8007A904,libetc_GetVideoMode,libetc,LIKELY,"[{""size"": 28, ""mode"": ""masked"", ""exact"": false, ""masked_hash"": ""d0bb20f4dc76ea70"", ""full_hash"": ""e081d35bf3cc3545"", ""sources"": [""v4.1/LIBETC/VMODE"", ""v4.3/LIBETC/VMODE"", ""v4.4/LIBETC/VMODE"", ""v4.6/LIBETC/VMODE"", ""v4.7/LIBETC/VMODE""]}]","[""0x8007A994"", ""0x8007E24C""]",Broad immediate masking; semantic identity/version NOT proven. No HLE replacement enabled.
DUNE.EXE,0x8007AD38,libgs_GsSortClear,libgs,LIKELY,"[{""size"": 312, ""mode"": ""masked"", ""exact"": false, ""masked_hash"": ""b9707b182b01375a"", ""full_hash"": ""2483056b7ddb6c1d"", ""sources"": [""v4.1/LIBGS/GS_001"", ""v4.3/LIBGS/GS_001"", ""v4.4/LIBGS/GS_001"", ""v4.6/LIBGS/GS_001"", ""v4.7/LIBGS/GS_001""]}]","[""0x80061028""]",Broad immediate masking; semantic identity/version NOT proven. No HLE replacement enabled.
DUNE.EXE,0x8007AE80,libgs_GsSetDrawBuffOffset,libgs,LIKELY,"[{""size"": 272, ""mode"": ""masked"", ""exact"": false, ""masked_hash"": ""c772c8b1224fb24f"", ""full_hash"": ""5b8e7399bf1f8008"", ""sources"": [""v4.1/LIBGS/GS_002"", ""v4.3/LIBGS/GS_002"", ""v4.4/LIBGS/GS_002"", ""v4.6/LIBGS/GS_0022"", ""v4.7/LIBGS/GS_0022""]}]","[""0x8007A920"", ""0x8007B010"", ""0x8007B480"", ""0x8007B520""]",Broad immediate masking; semantic identity/version NOT proven. No HLE replacement enabled.
DUNE.EXE,0x8007AF90,libgs_GsSetDrawBuffClip,libgs,LIKELY,"[{""size"": 128, ""mode"": ""masked"", ""exact"": false, ""masked_hash"": ""a30d3af377be945e"", ""full_hash"": ""cc66ef77f9d9692a"", ""sources"": [""v4.1/LIBGS/GS_003"", ""v4.3/LIBGS/GS_003"", ""v4.4/LIBGS/GS_003"", ""v4.6/LIBGS/GS_003"", ""v4.7/LIBGS/GS_003""]}]","[""0x8007A920"", ""0x8007B010"", ""0x8007B480""]",Broad immediate masking; semantic identity/version NOT proven. No HLE replacement enabled.
DUNE.EXE,0x8007B010,libgs_GsSwapDispBuff,libgs,LIKELY,"[{""size"": 176, ""mode"": ""masked"", ""exact"": false, ""masked_hash"": ""c12b81354e11a8e6"", ""full_hash"": ""6a8c3f0576c863f7"", ""sources"": [""v4.1/LIBGS/GS_010"", ""v4.3/LIBGS/GS_010"", ""v4.4/LIBGS/GS_010"", ""v4.6/LIBGS/GS_010"", ""v4.7/LIBGS/GS_010""]}]",[],Broad immediate masking; semantic identity/version NOT proven. No HLE replacement enabled.
DUNE.EXE,0x8007B0C0,libgs_GsInitCoordinate2,libgs,LIKELY,"[{""size"": 112, ""mode"": ""masked"", ""exact"": false, ""masked_hash"": ""f01f0068ae335d71"", ""full_hash"": ""737208889d80512f"", ""sources"": [""v4.1/LIBGS/MATRIX"", ""v4.3/LIBGS/MATRIX"", ""v4.4/LIBGS/MATRIX"", ""v4.6/LIBGS/MATRIX2"", ""v4.7/LIBGS/MATRIX2""]}]",[],Broad immediate masking; semantic identity/version NOT proven. No HLE replacement enabled.
DUNE.EXE,0x8007B130,libgs_GsInitCoord2param,libgs,CONFIRMED,"[{""size"": 44, ""mode"": ""masked"", ""exact"": true, ""masked_hash"": ""5ef657fbdc14a02c"", ""full_hash"": ""3980fa7392d682d6"", ""sources"": [""v4.0/LIBGS/MATRIX"", ""v4.0_usa/LIBGS/MATRIX"", ""v4.1/LIBGS/MATRIX"", ""v4.3/LIBGS/MATRIX"", ""v4.4/LIBGS/MATRIX""]}]",[],Exact signature bytes
DUNE.EXE,0x8007B15C,libgs_GsSetLsMatrix,libgs,LIKELY,"[{""size"": 44, ""mode"": ""masked"", ""exact"": false, ""masked_hash"": ""8fcd35ee9cc7627d"", ""full_hash"": ""10dedf96a4718976"", ""sources"": [""v4.1/LIBGS/MATRIX"", ""v4.3/LIBGS/MATRIX"", ""v4.4/LIBGS/MATRIX""]}]","[""0x80055360"", ""0x80060270"", ""0x80060368"", ""0x80060460"", ""0x80060558"", ""0x80060650"", ""0x80060748"", ""0x80060840"", ""0x80061158"", ""0x80061218"", ""0x800612D8"", ""0x80061398"", ""0x80061438"", ""0x800614D8""]",Broad immediate masking; semantic identity/version NOT proven. No HLE replacement enabled.
DUNE.EXE,0x8007B188,libgs_GsSetLightMatrix,libgs,LIKELY,"[{""size"": 148, ""mode"": ""masked"", ""exact"": false, ""masked_hash"": ""49dd288890a37c8b"", ""full_hash"": ""f466eea0b7072027"", ""sources"": [""v4.1/LIBGS/MATRIX"", ""v4.3/LIBGS/MATRIX"", ""v4.4/LIBGS/MATRIX""]}]",[],Broad immediate masking; semantic identity/version NOT proven. No HLE replacement enabled.
DUNE.EXE,0x8007B21C,libgs_GsSetLightMatrix2,libgs,LIKELY,"[{""size"": 48, ""mode"": ""masked"", ""exact"": false, ""masked_hash"": ""bdbaa4530f3e1b09"", ""full_hash"": ""d3e76b80d3309b0c"", ""sources"": [""v4.1/LIBGS/MATRIX"", ""v4.3/LIBGS/MATRIX"", ""v4.4/LIBGS/MATRIX"", ""v4.6/LIBGS/MATRIX6"", ""v4.7/LIBGS/MATRIX6""]}]","[""0x800552C0""]",Broad immediate masking; semantic identity/version NOT proven. No HLE replacement enabled.
DUNE.EXE,0x8007B24C,libgs_GsMulCoord0,libgs,LIKELY,"[{""size"": 144, ""mode"": ""masked"", ""exact"": false, ""masked_hash"": ""a860b5da65ac1215"", ""full_hash"": ""4797c9e12b53784c"", ""sources"": [""v4.1/LIBGS/MATRIX"", ""v4.3/LIBGS/MATRIX"", ""v4.4/LIBGS/MATRIX"", ""v4.6/LIBGS/MATRIX7"", ""v4.7/LIBGS/MATRIX7""]}]",[],Broad immediate masking; semantic identity/version NOT proven. No HLE replacement enabled.
DUNE.EXE,0x8007B2DC,libgs_GsMulCoord2,libgs,LIKELY,"[{""size"": 128, ""mode"": ""masked"", ""exact"": false, ""masked_hash"": ""704f3e375f48626c"", ""full_hash"": ""fd0e999bb19efd9c"", ""sources"": [""v4.1/LIBGS/MATRIX"", ""v4.3/LIBGS/MATRIX"", ""v4.4/LIBGS/MATRIX"", ""v4.6/LIBGS/MATRIX8"", ""v4.7/LIBGS/MATRIX8""]}]","[""0x8001B060"", ""0x8007BF40""]",Broad immediate masking; semantic identity/version NOT proven. No HLE replacement enabled.
DUNE.EXE,0x8007B35C,libgs_GsMulCoord3,libgs,LIKELY,"[{""size"": 128, ""mode"": ""masked"", ""exact"": false, ""masked_hash"": ""8060a29a0bdfa5a7"", ""full_hash"": ""6b50ea8fa5682873"", ""sources"": [""v4.1/LIBGS/MATRIX"", ""v4.3/LIBGS/MATRIX"", ""v4.4/LIBGS/MATRIX"", ""v4.6/LIBGS/MATRIX9"", ""v4.7/LIBGS/MATRIX9""]}]","[""0x8001B060"", ""0x8007C0A0""]",Broad immediate masking; semantic identity/version NOT proven. No HLE replacement enabled.
DUNE.EXE,0x8007B3DC,libgs_print_matrix,libgs,LIKELY,"[{""size"": 112, ""mode"": ""masked"", ""exact"": false, ""masked_hash"": ""413a3ebce265fce1"", ""full_hash"": ""41c9677a8b93e62e"", ""sources"": [""v3.3/LIBGS/MATRIX"", ""v3.5/LIBGS/MATRIX"", ""v3.6/LIBGS/MATRIX"", ""v3.6_dtls2002/LIBGS/MATRIX"", ""v4.0/LIBGS/MATRIX"", ""v4.0_usa/LIBGS/MATRIX"", ""v4.1/LIBGS/MATRIX"", ""v4.3/LIBGS/MATRIX"", ""v4.4/LIBGS/MATRIX"", ""v4.6/LIBGS/MATRIX10"", ""v4.7/LIBGS/MATRIX10""]}]",[],Broad immediate masking; semantic identity/version NOT proven. No HLE replacement enabled.
DUNE.EXE,0x8007B44C,libgs_print_vector,libgs,LIKELY,"[{""size"": 52, ""mode"": ""masked"", ""exact"": false, ""masked_hash"": ""aa9a63ebb92158e0"", ""full_hash"": ""4ea80be81e243775"", ""sources"": [""v4.1/LIBGS/MATRIX"", ""v4.3/LIBGS/MATRIX"", ""v4.4/LIBGS/MATRIX""]}, {""size"": 48, ""mode"": ""masked"", ""exact"": false, ""masked_hash"": ""a4be132d2ab5510d"", ""full_hash"": ""14cf3000e59cf4b7"", ""sources"": [""v4.6/LIBGS/MATRIX11"", ""v4.7/LIBGS/MATRIX11""]}]",[],Broad immediate masking; semantic identity/version NOT proven. No HLE replacement enabled.
DUNE.EXE,0x8007B480,libgs_GsDefDispBuff,libgs,LIKELY,"[{""size"": 160, ""mode"": ""masked"", ""exact"": false, ""masked_hash"": ""e36cc34becd75746"", ""full_hash"": ""4989eb168a77af38"", ""sources"": [""v4.1/LIBGS/GS_103"", ""v4.3/LIBGS/GS_103"", ""v4.4/LIBGS/GS_103"", ""v4.6/LIBGS/GS_103"", ""v4.7/LIBGS/GS_103""]}]","[""0x8004078C""]",Broad immediate masking; semantic identity/version NOT proven. No HLE replacement enabled.
DUNE.EXE,0x8007B520,libgs_GsInit3D,libgs,LIKELY,"[{""size"": 128, ""mode"": ""masked"", ""exact"": false, ""masked_hash"": ""09773cc95c1296f5"", ""full_hash"": ""8e752b2a40bc5699"", ""sources"": [""v4.1/LIBGS/GS_104"", ""v4.3/LIBGS/GS_104"", ""v4.4/LIBGS/GS_104"", ""v4.6/LIBGS/GS_104"", ""v4.7/LIBGS/GS_104""]}]","[""0x8004078C""]",Broad immediate masking; semantic identity/version NOT proven. No HLE replacement enabled.
DUNE.EXE,0x8007BB10,libgs_GsSetLightMode,libgs,LIKELY,"[{""size"": 128, ""mode"": ""masked"", ""exact"": false, ""masked_hash"": ""76c76e0cc123ca2d"", ""full_hash"": ""f05532e2f3bf03a4"", ""sources"": [""v4.1/LIBGS/GS_108"", ""v4.3/LIBGS/GS_108"", ""v4.4/LIBGS/GS_108"", ""v4.6/LIBGS/GS_108"", ""v4.7/LIBGS/GS_108""]}]","[""0x800552C0""]",Broad immediate masking; semantic identity/version NOT proven. No HLE replacement enabled.
DUNE.EXE,0x8007BB90,libgs_GsSetAmbient,libgs,LIKELY,"[{""size"": 40, ""mode"": ""masked"", ""exact"": false, ""masked_hash"": ""ce8b90089ddd6527"", ""full_hash"": ""33fa06ebf1ad1f1f"", ""sources"": [""v3.3/LIBGS/GS_110"", ""v3.5/LIBGS/GS_110"", ""v3.6/LIBGS/GS_110"", ""v3.6_dtls2002/LIBGS/GS_110"", ""v4.0/LIBGS/GS_110"", ""v4.0_usa/LIBGS/GS_110""]}, {""size"": 48, ""mode"": ""masked"", ""exact"": false, ""masked_hash"": ""a53156371a3d7892"", ""full_hash"": ""7cc2742b5ae82bb8"", ""sources"": [""v4.1/LIBGS/GS_110"", ""v4.3/LIBGS/GS_110"", ""v4.4/LIBGS/GS_110"", ""v4.6/LIBGS/GS_110"", ""v4.7/LIBGS/GS_110""]}]","[""0x800552C0""]",Broad immediate masking; semantic identity/version NOT proven. No HLE replacement enabled.
DUNE.EXE,0x8007BBF0,libgs_GsClearOt,libgs,LIKELY,"[{""size"": 88, ""mode"": ""masked"", ""exact"": false, ""masked_hash"": ""aa9fdb1f445dcae7"", ""full_hash"": ""449c9eb449dbce31"", ""sources"": [""v4.0/LIBGS/GS_113"", ""v4.0_usa/LIBGS/GS_113""]}, {""size"": 96, ""mode"": ""masked"", ""exact"": false, ""masked_hash"": ""8de3edc55465ee3a"", ""full_hash"": ""58bcfcd2aaf424cd"", ""sources"": [""v4.1/LIBGS/GS_113"", ""v4.3/LIBGS/GS_113"", ""v4.4/LIBGS/GS_113"", ""v4.6/LIBGS/GS_113"", ""v4.7/LIBGS/GS_113""]}]","[""0x800608FC"", ""0x80060C2C""]",Broad immediate masking; semantic identity/version NOT proven. No HLE replacement enabled.
DUNE.EXE,0x8007BC50,libgs_GsSortOt,libgs,CONFIRMED,"[{""size"": 192, ""mode"": ""masked"", ""exact"": true, ""masked_hash"": ""a25b285ab1b6e43c"", ""full_hash"": ""c533ecc7ef1faa5d"", ""sources"": [""v4.1/LIBGS/GS_114"", ""v4.3/LIBGS/GS_114"", ""v4.4/LIBGS/GS_114"", ""v4.6/LIBGS/GS_114"", ""v4.7/LIBGS/GS_114""]}]","[""0x80061028""]",Exact signature bytes
DUNE.EXE,0x8007BD10,libgs_gte_init,libgs,LIKELY,"[{""size"": 76, ""mode"": ""masked"", ""exact"": false, ""masked_hash"": ""229d025e00fac772"", ""full_hash"": ""bbf1b657365f7ccd"", ""sources"": [""v3.3/LIBGS/GS_121"", ""v3.5/LIBGS/GS_121"", ""v3.6/LIBGS/GS_121"", ""v3.6_dtls2002/LIBGS/GS_121"", ""v4.0/LIBGS/GS_121"", ""v4.0_usa/LIBGS/GS_121""]}, {""size"": 80, ""mode"": ""masked"", ""exact"": false, ""masked_hash"": ""43fd2b988534bda6"", ""full_hash"": ""5dba42c150f9c1a0"", ""sources"": [""v4.1/LIBGS/GS_121"", ""v4.3/LIBGS/GS_121"", ""v4.4/LIBGS/GS_121"", ""v4.6/LIBGS/GS_121"", ""v4.7/LIBGS/GS_121""]}]","[""0x8007A920""]",Broad immediate masking; semantic identity/version NOT proven. No HLE replacement enabled.
DUNE.EXE,0x8007BD60,libgs_GsGetTimInfo,libgs,LIKELY,"[{""size"": 228, ""mode"": ""masked"", ""exact"": false, ""masked_hash"": ""728808861fd05b3a"", ""full_hash"": ""e3446a8afc60e081"", ""sources"": [""v3.3/LIBGS/GS_122"", ""v3.5/LIBGS/GS_122"", ""v3.6/LIBGS/GS_122"", ""v3.6_dtls2002/LIBGS/GS_122""]}, {""size"": 240, ""mode"": ""masked"", ""exact"": false, ""masked_hash"": ""e24bb1d633817103"", ""full_hash"": ""6d7382d6e006413c"", ""sources"": [""v4.1/LIBGS/GS_122"", ""v4.3/LIBGS/GS_122"", ""v4.4/LIBGS/GS_122"", ""v4.6/LIBGS/GS_122"", ""v4.7/LIBGS/GS_122""]}]","[""0x80062354""]",Broad immediate masking; semantic identity/version NOT proven. No HLE replacement enabled.
DUNE.EXE,0x8007BE50,libgs_Gssub_make_matrix,libgs,LIKELY,"[{""size"": 208, ""mode"": ""masked"", ""exact"": false, ""masked_hash"": ""45d792b2ed84ffed"", ""full_hash"": ""f3e9b50b44c9c5f5"", ""sources"": [""v4.1/LIBGS/GS_123"", ""v4.3/LIBGS/GS_123"", ""v4.4/LIBGS/GS_123"", ""v4.6/LIBGS/GS_123"", ""v4.7/LIBGS/GS_123""]}]",[],Broad immediate masking; semantic identity/version NOT proven. No HLE replacement enabled.
DUNE.EXE,0x8007C438,libgte_InitGeom,libgte,LIKELY,"[{""size"": 128, ""mode"": ""masked"", ""exact"": false, ""masked_hash"": ""d7ec2fd94fc5a1bc"", ""full_hash"": ""d2bc33d2bc62bc09"", ""sources"": [""v3.3/LIBGTE/MSC00"", ""v3.5/LIBGTE/MSC00""]}, {""size"": 136, ""mode"": ""masked"", ""exact"": false, ""masked_hash"": ""929c9e6615a25748"", ""full_hash"": ""eb4e442a497d48e3"", ""sources"": [""v3.6/LIBGTE/MSC00"", ""v3.6_dtls2002/LIBGTE/MSC00"", ""v4.0/LIBGTE/MSC00"", ""v4.0_usa/LIBGTE/MSC00"", ""v4.1/LIBGTE/MSC00"", ""v4.3/LIBGTE/MSC00"", ""v4.4/LIBGTE/MSC00"", ""v4.6/LIBGTE/MSC00"", ""v4.7/LIBGTE/MSC00""]}]","[""0x8007BD10""]",Broad immediate masking; semantic identity/version NOT proven. No HLE replacement enabled.
DUNE.EXE,0x8007C4C0,libgte_SquareRoot0,libgte,LIKELY,"[{""size"": 144, ""mode"": ""masked"", ""exact"": false, ""masked_hash"": ""acb029e8ce8cdfbe"", ""full_hash"": ""811ba2ca3a8c0f4a"", ""sources"": [""v4.1/LIBGTE/MSC01"", ""v4.3/LIBGTE/MSC01"", ""v4.4/LIBGTE/MSC01"", ""v4.6/LIBGTE/MSC01"", ""v4.7/LIBGTE/MSC01""]}]","[""0x800201CC"", ""0x800204D4"", ""0x80021DA8"", ""0x800220F4"", ""0x80027170"", ""0x80030E54"", ""0x80031450"", ""0x80060C2C"", ""0x8007B5A0""]",Broad immediate masking; semantic identity/version NOT proven. No HLE replacement enabled.
DUNE.EXE,0x8007C550,libgte_MulMatrix0,libgte,CONFIRMED,"[{""size"": 268, ""mode"": ""masked"", ""exact"": true, ""masked_hash"": ""6686ba53efb87e10"", ""full_hash"": ""2cdd7a947dcf6593"", ""sources"": [""v3.3/LIBGTE/MTX_00"", ""v3.5/LIBGTE/MTX_00""]}, {""size"": 272, ""mode"": ""masked"", ""exact"": true, ""masked_hash"": ""da25052b64db1807"", ""full_hash"": ""7a49e69bb3a862fd"", ""sources"": [""v3.6/LIBGTE/MTX_000"", ""v3.6_dtls2002/LIBGTE/MTX_000"", ""v4.0/LIBGTE/MTX_000"", ""v4.0_usa/LIBGTE/MTX_000"", ""v4.1/LIBGTE/MTX_000"", ""v4.3/LIBGTE/MTX_000"", ""v4.4/LIBGTE/MTX_000"", ""v4.6/LIBGTE/MTX_000"", ""v4.7/LIBGTE/MTX_000""]}]","[""0x8007B24C""]",Exact signature bytes
DUNE.EXE,0x8007C660,libgte_ApplyMatrixLV,libgte,CONFIRMED,"[{""size"": 352, ""mode"": ""masked"", ""exact"": true, ""masked_hash"": ""57390da7c60a4491"", ""full_hash"": ""704b7d8ebd6995ce"", ""sources"": [""v4.1/LIBGTE/MTX_004"", ""v4.3/LIBGTE/MTX_004"", ""v4.4/LIBGTE/MTX_004"", ""v4.6/LIBGTE/MTX_004"", ""v4.7/LIBGTE/MTX_004""]}]","[""0x80060C2C"", ""0x8007B24C"", ""0x8007B2DC"", ""0x8007B35C"", ""0x8007BF40""]",Exact signature bytes
DUNE.EXE,0x8007C7C0,libgte_PushMatrix,libgte,LIKELY,"[{""size"": 164, ""mode"": ""masked"", ""exact"": false, ""masked_hash"": ""268ff7dc9c6479bc"", ""full_hash"": ""b6c5812648534ad1"", ""sources"": [""v4.1/LIBGTE/MTX_006"", ""v4.3/LIBGTE/MTX_006"", ""v4.4/LIBGTE/MTX_006"", ""v4.6/LIBGTE/MTX_006"", ""v4.7/LIBGTE/MTX_006""]}]","[""0x8007B188""]",Broad immediate masking; semantic identity/version NOT proven. No HLE replacement enabled.
DUNE.EXE,0x8007C864,libgte_PopMatrix,libgte,LIKELY,"[{""size"": 172, ""mode"": ""masked"", ""exact"": false, ""masked_hash"": ""1fc60e2de212cde6"", ""full_hash"": ""9e25860444c8d2ce"", ""sources"": [""v4.1/LIBGTE/MTX_006"", ""v4.3/LIBGTE/MTX_006"", ""v4.4/LIBGTE/MTX_006"", ""v4.6/LIBGTE/MTX_006"", ""v4.7/LIBGTE/MTX_006""]}]","[""0x8007B188""]",Broad immediate masking; semantic identity/version NOT proven. No HLE replacement enabled.
DUNE.EXE,0x8007C910,libgte_MulMatrix,libgte,CONFIRMED,"[{""size"": 268, ""mode"": ""masked"", ""exact"": true, ""masked_hash"": ""2be1b712a0b74ed4"", ""full_hash"": ""e03fec4cdb4fe807"", ""sources"": [""v3.3/LIBGTE/MTX""]}, {""size"": 272, ""mode"": ""masked"", ""exact"": true, ""masked_hash"": ""a0d3db82959cf3b2"", ""full_hash"": ""80a67de549bf8dab"", ""sources"": [""v3.5/LIBGTE/MTX_03"", ""v3.6/LIBGTE/MTX_03"", ""v3.6_dtls2002/LIBGTE/MTX_03"", ""v4.0/LIBGTE/MTX_03"", ""v4.0_usa/LIBGTE/MTX_03"", ""v4.1/LIBGTE/MTX_03"", ""v4.3/LIBGTE/MTX_03"", ""v4.4/LIBGTE/MTX_03"", ""v4.6/LIBGTE/MTX_03"", ""v4.7/LIBGTE/MTX_03""]}]","[""0x8007B188"", ""0x8007B35C""]",Exact signature bytes
DUNE.EXE,0x8007CA20,libgte_MulMatrix2,libgte,CONFIRMED,"[{""size"": 268, ""mode"": ""masked"", ""exact"": true, ""masked_hash"": ""78800811dafac692"", ""full_hash"": ""a734ee02e6512418"", ""sources"": [""v3.3/LIBGTE/MTX""]}, {""size"": 272, ""mode"": ""masked"", ""exact"": true, ""masked_hash"": ""9225f4ccc2ca57a0"", ""full_hash"": ""6240b52276cd107a"", ""sources"": [""v3.5/LIBGTE/MTX_04"", ""v3.6/LIBGTE/MTX_04"", ""v3.6_dtls2002/LIBGTE/MTX_04"", ""v4.0/LIBGTE/MTX_04"", ""v4.0_usa/LIBGTE/MTX_04"", ""v4.1/LIBGTE/MTX_04"", ""v4.3/LIBGTE/MTX_04"", ""v4.4/LIBGTE/MTX_04"", ""v4.6/LIBGTE/MTX_04"", ""v4.7/LIBGTE/MTX_04""]}]","[""0x8007B21C"", ""0x8007B2DC""]",Exact signature bytes
DUNE.EXE,0x8007CB30,libgte_SetRotMatrix,libgte,CONFIRMED,"[{""size"": 48, ""mode"": ""masked"", ""exact"": true, ""masked_hash"": ""0642a11585d41a8a"", ""full_hash"": ""095799477a23b46a"", ""sources"": [""v3.3/LIBGTE/MTX"", ""v3.5/LIBGTE/MTX_09"", ""v3.6/LIBGTE/MTX_09"", ""v3.6_dtls2002/LIBGTE/MTX_09"", ""v4.0/LIBGTE/MTX_09"", ""v4.0_usa/LIBGTE/MTX_09"", ""v4.1/LIBGTE/MTX_09"", ""v4.3/LIBGTE/MTX_09"", ""v4.4/LIBGTE/MTX_09"", ""v4.6/LIBGTE/MTX_09"", ""v4.7/LIBGTE/MTX_09""]}]","[""0x80061838"", ""0x8007B15C""]",Exact signature bytes
DUNE.EXE,0x8007CB60,libgte_SetLightMatrix,libgte,CONFIRMED,"[{""size"": 48, ""mode"": ""masked"", ""exact"": true, ""masked_hash"": ""5cd9880aeb46792c"", ""full_hash"": ""b9ce521ecd6caded"", ""sources"": [""v3.3/LIBGTE/MTX"", ""v3.5/LIBGTE/MTX_10"", ""v3.6/LIBGTE/MTX_10"", ""v3.6_dtls2002/LIBGTE/MTX_10"", ""v4.0/LIBGTE/MTX_10"", ""v4.0_usa/LIBGTE/MTX_10"", ""v4.1/LIBGTE/MTX_10"", ""v4.3/LIBGTE/MTX_10"", ""v4.4/LIBGTE/MTX_10"", ""v4.6/LIBGTE/MTX_10"", ""v4.7/LIBGTE/MTX_10""]}]","[""0x8007B188"", ""0x8007B21C""]",Exact signature bytes
DUNE.EXE,0x8007CB90,libgte_SetColorMatrix,libgte,CONFIRMED,"[{""size"": 48, ""mode"": ""masked"", ""exact"": true, ""masked_hash"": ""d65cac91ded891d6"", ""full_hash"": ""32169d0ce375b3a1"", ""sources"": [""v3.3/LIBGTE/MTX"", ""v3.5/LIBGTE/MTX_11"", ""v3.6/LIBGTE/MTX_11"", ""v3.6_dtls2002/LIBGTE/MTX_11"", ""v4.0/LIBGTE/MTX_11"", ""v4.0_usa/LIBGTE/MTX_11"", ""v4.1/LIBGTE/MTX_11"", ""v4.3/LIBGTE/MTX_11"", ""v4.4/LIBGTE/MTX_11"", ""v4.6/LIBGTE/MTX_11"", ""v4.7/LIBGTE/MTX_11""]}]","[""0x8007BA58""]",Exact signature bytes
DUNE.EXE,0x8007CBC0,libgte_SetTransMatrix,libgte,CONFIRMED,"[{""size"": 32, ""mode"": ""masked"", ""exact"": true, ""masked_hash"": ""b4ec3b764e5b0cf2"", ""full_hash"": ""2f228789930df0a6"", ""sources"": [""v3.5/LIBGTE/MTX_12"", ""v3.6/LIBGTE/MTX_12"", ""v3.6_dtls2002/LIBGTE/MTX_12"", ""v4.0/LIBGTE/MTX_12"", ""v4.0_usa/LIBGTE/MTX_12"", ""v4.1/LIBGTE/MTX_12"", ""v4.3/LIBGTE/MTX_12"", ""v4.4/LIBGTE/MTX_12"", ""v4.6/LIBGTE/MTX_12"", ""v4.7/LIBGTE/MTX_12""]}]","[""0x80061838"", ""0x8007B15C""]",Exact signature bytes
DUNE.EXE,0x8007CBE0,libgte_SetBackColor,libgte,CONFIRMED,"[{""size"": 32, ""mode"": ""masked"", ""exact"": true, ""masked_hash"": ""e4dc8b65f4b8d01e"", ""full_hash"": ""e4dc8b65f4b8d01e"", ""sources"": [""v3.3/LIBGTE/REG03"", ""v3.5/LIBGTE/REG10"", ""v3.6/LIBGTE/REG10"", ""v3.6_dtls2002/LIBGTE/REG10"", ""v4.0/LIBGTE/REG10"", ""v4.0_usa/LIBGTE/REG10"", ""v4.1/LIBGTE/REG10"", ""v4.3/LIBGTE/REG10"", ""v4.4/LIBGTE/REG10"", ""v4.6/LIBGTE/REG10"", ""v4.7/LIBGTE/REG10""]}]","[""0x8007BB90""]",Exact signature bytes
DUNE.EXE,0x8007CC00,libgte_SetFarColor,libgte,CONFIRMED,"[{""size"": 32, ""mode"": ""masked"", ""exact"": true, ""masked_hash"": ""7c5febbc8fceb4e4"", ""full_hash"": ""7c5febbc8fceb4e4"", ""sources"": [""v3.3/LIBGTE/REG03"", ""v3.5/LIBGTE/REG11"", ""v3.6/LIBGTE/REG11"", ""v3.6_dtls2002/LIBGTE/REG11"", ""v4.0/LIBGTE/REG11"", ""v4.0_usa/LIBGTE/REG11"", ""v4.1/LIBGTE/REG11"", ""v4.3/LIBGTE/REG11"", ""v4.4/LIBGTE/REG11"", ""v4.6/LIBGTE/REG11"", ""v4.7/LIBGTE/REG11""]}]","[""0x8007BD10""]",Exact signature bytes
DUNE.EXE,0x8007CC20,libgte_SetGeomOffset,libgte,CONFIRMED,"[{""size"": 24, ""mode"": ""full"", ""exact"": true, ""masked_hash"": ""9aa95b09a0c5f31d"", ""full_hash"": ""9aa95b09a0c5f31d"", ""sources"": [""v3.3/LIBGTE/REG03""]}, {""size"": 32, ""mode"": ""masked"", ""exact"": true, ""masked_hash"": ""9dea63b6a2984fc5"", ""full_hash"": ""9dea63b6a2984fc5"", ""sources"": [""v3.5/LIBGTE/REG12"", ""v3.6/LIBGTE/REG12"", ""v3.6_dtls2002/LIBGTE/REG12"", ""v4.0/LIBGTE/REG12"", ""v4.0_usa/LIBGTE/REG12"", ""v4.1/LIBGTE/REG12"", ""v4.3/LIBGTE/REG12"", ""v4.4/LIBGTE/REG12"", ""v4.6/LIBGTE/REG12"", ""v4.7/LIBGTE/REG12""]}]","[""0x80060C2C"", ""0x8007AE80"", ""0x8007BD10""]",Exact signature bytes
DUNE.EXE,0x8007CC40,libgte_SetGeomScreen,libgte,CONFIRMED,"[{""size"": 12, ""mode"": ""full"", ""exact"": true, ""masked_hash"": ""d8c79a8c2661cba5"", ""full_hash"": ""d8c79a8c2661cba5"", ""sources"": [""v3.3/LIBGTE/REG03""]}, {""size"": 16, ""mode"": ""full"", ""exact"": true, ""masked_hash"": ""05167a2e53143880"", ""full_hash"": ""05167a2e53143880"", ""sources"": [""v3.5/LIBGTE/REG13"", ""v3.6/LIBGTE/REG13"", ""v3.6_dtls2002/LIBGTE/REG13"", ""v4.0/LIBGTE/REG13"", ""v4.0_usa/LIBGTE/REG13"", ""v4.1/LIBGTE/REG13"", ""v4.3/LIBGTE/REG13"", ""v4.4/LIBGTE/REG13"", ""v4.6/LIBGTE/REG13"", ""v4.7/LIBGTE/REG13""]}]","[""0x80060C2C""]",Exact signature bytes
DUNE.EXE,0x8007CC50,libgte_RotTrans,libgte,CONFIRMED,"[{""size"": 40, ""mode"": ""masked"", ""exact"": true, ""masked_hash"": ""757fd389edb8503f"", ""full_hash"": ""b821ac83a86822b7"", ""sources"": [""v3.3/LIBGTE/SMP""]}, {""size"": 48, ""mode"": ""masked"", ""exact"": true, ""masked_hash"": ""9f3e1071ab853d58"", ""full_hash"": ""070b39be84985197"", ""sources"": [""v3.5/LIBGTE/SMP_04"", ""v3.6/LIBGTE/SMP_04"", ""v3.6_dtls2002/LIBGTE/SMP_04"", ""v4.0/LIBGTE/SMP_04"", ""v4.0_usa/LIBGTE/SMP_04"", ""v4.1/LIBGTE/SMP_04"", ""v4.3/LIBGTE/SMP_04"", ""v4.4/LIBGTE/SMP_04"", ""v4.6/LIBGTE/SMP_04"", ""v4.7/LIBGTE/SMP_04""]}]","[""0x80061838""]",Exact signature bytes
DUNE.EXE,0x8007CC80,libgte_TransposeMatrix,libgte,CONFIRMED,"[{""size"": 64, ""mode"": ""masked"", ""exact"": true, ""masked_hash"": ""9a698af8a9ac4384"", ""full_hash"": ""9fc271c9be12d611"", ""sources"": [""v4.0/LIBGTE/FGO_00"", ""v4.0_usa/LIBGTE/FGO_00"", ""v4.1/LIBGTE/FGO_00"", ""v4.3/LIBGTE/FGO_00"", ""v4.4/LIBGTE/FGO_00"", ""v4.6/LIBGTE/FGO_00"", ""v4.7/LIBGTE/FGO_00""]}]","[""0x80060B88"", ""0x8007BF40""]",Exact signature bytes
DUNE.EXE,0x8007CCC0,libgte_RotMatrixYXZ,libgte,LIKELY,"[{""size"": 656, ""mode"": ""masked"", ""exact"": false, ""masked_hash"": ""bf0309eb3b7292ed"", ""full_hash"": ""ec96bde0e1a7a3b0"", ""sources"": [""v3.3/LIBGTE/FGO_02"", ""v3.5/LIBGTE/FGO_02"", ""v3.6/LIBGTE/FGO_02"", ""v3.6_dtls2002/LIBGTE/FGO_02"", ""v4.0/LIBGTE/FGO_02"", ""v4.0_usa/LIBGTE/FGO_02"", ""v4.1/LIBGTE/FGO_02"", ""v4.3/LIBGTE/FGO_02"", ""v4.4/LIBGTE/FGO_02"", ""v4.6/LIBGTE/FGO_02"", ""v4.7/LIBGTE/FGO_02""]}]","[""0x80061838""]",Broad immediate masking; semantic identity/version NOT proven. No HLE replacement enabled.
DUNE.EXE,0x8007D0F0,libgte_RotMatrixY,libgte,LIKELY,"[{""size"": 416, ""mode"": ""masked"", ""exact"": false, ""masked_hash"": ""05c5987939bd28eb"", ""full_hash"": ""728133590c6dde61"", ""sources"": [""v3.3/LIBGTE/FGO_05"", ""v3.5/LIBGTE/FGO_05"", ""v3.6/LIBGTE/FGO_05"", ""v3.6_dtls2002/LIBGTE/FGO_05"", ""v4.0/LIBGTE/FGO_05"", ""v4.0_usa/LIBGTE/FGO_05"", ""v4.1/LIBGTE/FGO_05"", ""v4.3/LIBGTE/FGO_05"", ""v4.4/LIBGTE/FGO_05"", ""v4.6/LIBGTE/FGO_05"", ""v4.7/LIBGTE/FGO_05""]}]","[""0x8001D000"", ""0x8001D0FC"", ""0x80060270"", ""0x80060368"", ""0x80060460"", ""0x80060558"", ""0x80060650"", ""0x80060748"", ""0x8006175C""]",Broad immediate masking; semantic identity/version NOT proven. No HLE replacement enabled.
DUNE.EXE,0x8007D5B0,libgte__patch_gte,libgte,LIKELY,"[{""size"": 224, ""mode"": ""masked"", ""exact"": false, ""masked_hash"": ""73e7eef8bea6951b"", ""full_hash"": ""79b24bf75446d7d7"", ""sources"": [""v4.1/LIBGTE/PATCHGTE"", ""v4.3/LIBGTE/PATCHGTE"", ""v4.4/LIBGTE/PATCHGTE"", ""v4.6/LIBGTE/PATCHGTE"", ""v4.7/LIBGTE/PATCHGTE""]}]","[""0x8007C438""]",Broad immediate masking; semantic identity/version NOT proven. No HLE replacement enabled.
DUNE.EXE,0x8007D690,libapi_FlushCache,libapi,CONFIRMED,"[{""size"": 16, ""mode"": ""full"", ""exact"": true, ""masked_hash"": ""2677dd5b4382d7b0"", ""full_hash"": ""bf6f4999a7f56522"", ""sources"": [""v3.3/LIBAPI/C68"", ""v3.5/LIBAPI/C68"", ""v3.6/LIBAPI/C68"", ""v3.6_dtls2002/LIBAPI/C68"", ""v4.0/LIBAPI/C68"", ""v4.0_usa/LIBAPI/C68"", ""v4.1/LIBAPI/C68"", ""v4.3/LIBAPI/C68"", ""v4.4/LIBAPI/C68"", ""v4.6/LIBAPI/C68"", ""v4.7/LIBAPI/C68""]}]","[""0x8007D5B0"", ""0x80081EE4""]",Exact signature bytes
DUNE.EXE,0x8007D6A0,libgpu_ResetGraph,libgpu,LIKELY,"[{""size"": 372, ""mode"": ""masked"", ""exact"": false, ""masked_hash"": ""58f7041cd8cce785"", ""full_hash"": ""01206bef2df5e036"", ""sources"": [""v4.1/LIBGPU/SYS"", ""v4.3/LIBGPU/SYS"", ""v4.4/LIBGPU/SYS"", ""v4.6/LIBGPU/SYS"", ""v4.7/LIBGPU/SYS""]}]","[""0x8003F544"", ""0x8004078C"", ""0x8007A994"", ""0x80082498""]",Broad immediate masking; semantic identity/version NOT proven. No HLE replacement enabled.
DUNE.EXE,0x8007D814,libgpu_SetGraphDebug,libgpu,LIKELY,"[{""size"": 92, ""mode"": ""masked"", ""exact"": false, ""masked_hash"": ""2df988c766c2fba7"", ""full_hash"": ""ab9c5ae5aff91138"", ""sources"": [""v4.1/LIBGPU/SYS"", ""v4.3/LIBGPU/SYS"", ""v4.4/LIBGPU/SYS"", ""v4.6/LIBGPU/SYS"", ""v4.7/LIBGPU/SYS""]}]",[],Broad immediate masking; semantic identity/version NOT proven. No HLE replacement enabled.
DUNE.EXE,0x8007D870,libgpu_SetGraphQueue,libgpu,LIKELY,"[{""size"": 164, ""mode"": ""masked"", ""exact"": false, ""masked_hash"": ""5d7ea96a52e3fbc7"", ""full_hash"": ""115dddc5cb39673b"", ""sources"": [""v4.1/LIBGPU/SYS"", ""v4.3/LIBGPU/SYS"", ""v4.4/LIBGPU/SYS"", ""v4.6/LIBGPU/SYS"", ""v4.7/LIBGPU/SYS""]}]",[],Broad immediate masking; semantic identity/version NOT proven. No HLE replacement enabled.
DUNE.EXE,0x8007D924,libgpu_DrawSyncCallback,libgpu,LIKELY,"[{""size"": 96, ""mode"": ""masked"", ""exact"": false, ""masked_hash"": ""1e7da6c7b0aa0743"", ""full_hash"": ""7197a90ccd5c8838"", ""sources"": [""v4.1/LIBGPU/SYS"", ""v4.3/LIBGPU/SYS"", ""v4.4/LIBGPU/SYS"", ""v4.6/LIBGPU/SYS"", ""v4.7/LIBGPU/SYS""]}]",[],Broad immediate masking; semantic identity/version NOT proven. No HLE replacement enabled.
DUNE.EXE,0x8007D984,libgpu_SetDispMask,libgpu,LIKELY,"[{""size"": 152, ""mode"": ""masked"", ""exact"": false, ""masked_hash"": ""cdb957b3545717df"", ""full_hash"": ""71c6a6de834cd19e"", ""sources"": [""v4.1/LIBGPU/SYS"", ""v4.3/LIBGPU/SYS"", ""v4.4/LIBGPU/SYS"", ""v4.6/LIBGPU/SYS"", ""v4.7/LIBGPU/SYS""]}]","[""0x8006FADC"", ""0x800728DC"", ""0x8007B010""]",Broad immediate masking; semantic identity/version NOT proven. No HLE replacement enabled.
DUNE.EXE,0x8007DBA0,libgpu_ClearImage,libgpu,LIKELY,"[{""size"": 144, ""mode"": ""masked"", ""exact"": false, ""masked_hash"": ""e7052a10a5141b6c"", ""full_hash"": ""17feffa053623a49"", ""sources"": [""v4.1/LIBGPU/SYS"", ""v4.3/LIBGPU/SYS"", ""v4.4/LIBGPU/SYS"", ""v4.6/LIBGPU/SYS"", ""v4.7/LIBGPU/SYS""]}]","[""0x8006FADC"", ""0x8006FC50"", ""0x800728DC""]",Broad immediate masking; semantic identity/version NOT proven. No HLE replacement enabled.
DUNE.EXE,0x8007DC30,libgpu_ClearImage2,libgpu,LIKELY,"[{""size"": 152, ""mode"": ""masked"", ""exact"": false, ""masked_hash"": ""b46d61db63324325"", ""full_hash"": ""0f975e4e55b0ed62"", ""sources"": [""v4.1/LIBGPU/SYS"", ""v4.3/LIBGPU/SYS"", ""v4.4/LIBGPU/SYS"", ""v4.6/LIBGPU/SYS"", ""v4.7/LIBGPU/SYS""]}]",[],Broad immediate masking; semantic identity/version NOT proven. No HLE replacement enabled.
DUNE.EXE,0x8007DD88,libgpu_MoveImage,libgpu,LIKELY,"[{""size"": 184, ""mode"": ""masked"", ""exact"": false, ""masked_hash"": ""7afaabbe8195b378"", ""full_hash"": ""1df3a56ee63c2476"", ""sources"": [""v4.1/LIBGPU/SYS"", ""v4.3/LIBGPU/SYS"", ""v4.4/LIBGPU/SYS"", ""v4.6/LIBGPU/SYS"", ""v4.7/LIBGPU/SYS""]}]",[],Broad immediate masking; semantic identity/version NOT proven. No HLE replacement enabled.
DUNE.EXE,0x8007DE40,libgpu_ClearOTag,libgpu,LIKELY,"[{""size"": 200, ""mode"": ""masked"", ""exact"": false, ""masked_hash"": ""881e3e202813c5cd"", ""full_hash"": ""1db57f5fa035850c"", ""sources"": [""v4.1/LIBGPU/SYS"", ""v4.3/LIBGPU/SYS"", ""v4.4/LIBGPU/SYS"", ""v4.6/LIBGPU/SYS"", ""v4.7/LIBGPU/SYS""]}]","[""0x8006F89C"", ""0x8006F9A8""]",Broad immediate masking; semantic identity/version NOT proven. No HLE replacement enabled.
DUNE.EXE,0x8007DF08,libgpu_ClearOTagR,libgpu,LIKELY,"[{""size"": 172, ""mode"": ""masked"", ""exact"": false, ""masked_hash"": ""9dc3d1ad123101c4"", ""full_hash"": ""f0cd010719c9380e"", ""sources"": [""v4.1/LIBGPU/SYS"", ""v4.3/LIBGPU/SYS"", ""v4.4/LIBGPU/SYS"", ""v4.6/LIBGPU/SYS"", ""v4.7/LIBGPU/SYS""]}]","[""0x8007BBF0""]",Broad immediate masking; semantic identity/version NOT proven. No HLE replacement enabled.
DUNE.EXE,0x8007DFB4,libgpu_DrawPrim,libgpu,LIKELY,"[{""size"": 92, ""mode"": ""masked"", ""exact"": false, ""masked_hash"": ""69aad13d7907a9e5"", ""full_hash"": ""6c2da1a939b42869"", ""sources"": [""v4.1/LIBGPU/SYS"", ""v4.3/LIBGPU/SYS"", ""v4.4/LIBGPU/SYS"", ""v4.6/LIBGPU/SYS"", ""v4.7/LIBGPU/SYS""]}]",[],Broad immediate masking; semantic identity/version NOT proven. No HLE replacement enabled.
DUNE.EXE,0x8007E010,libgpu_DrawOTag,libgpu,LIKELY,"[{""size"": 112, ""mode"": ""masked"", ""exact"": false, ""masked_hash"": ""1efb7370bb29fe55"", ""full_hash"": ""4eabd8c28638aef6"", ""sources"": [""v4.1/LIBGPU/SYS"", ""v4.3/LIBGPU/SYS"", ""v4.4/LIBGPU/SYS"", ""v4.6/LIBGPU/SYS"", ""v4.7/LIBGPU/SYS""]}]","[""0x8006F89C"", ""0x8007BBC0""]",Broad immediate masking; semantic identity/version NOT proven. No HLE replacement enabled.
DUNE.EXE,0x8007E080,libgpu_PutDrawEnv,libgpu,LIKELY,"[{""size"": 192, ""mode"": ""masked"", ""exact"": false, ""masked_hash"": ""a01d1febdc3151d6"", ""full_hash"": ""261eb65dc9d39088"", ""sources"": [""v4.1/LIBGPU/SYS"", ""v4.3/LIBGPU/SYS"", ""v4.4/LIBGPU/SYS"", ""v4.6/LIBGPU/SYS"", ""v4.7/LIBGPU/SYS""]}]","[""0x8006F89C"", ""0x8007A994"", ""0x8007AE80"", ""0x8007AF90""]",Broad immediate masking; semantic identity/version NOT proven. No HLE replacement enabled.
DUNE.EXE,0x8007E140,libgpu_DrawOTagEnv,libgpu,LIKELY,"[{""size"": 216, ""mode"": ""masked"", ""exact"": false, ""masked_hash"": ""4e9e783ad5ee4521"", ""full_hash"": ""28a8bf6f8f919e53"", ""sources"": [""v4.1/LIBGPU/SYS"", ""v4.3/LIBGPU/SYS"", ""v4.4/LIBGPU/SYS"", ""v4.6/LIBGPU/SYS"", ""v4.7/LIBGPU/SYS""]}]",[],Broad immediate masking; semantic identity/version NOT proven. No HLE replacement enabled.
DUNE.EXE,0x8007E24C,libgpu_PutDispEnv,libgpu,LIKELY,"[{""size"": 1272, ""mode"": ""masked"", ""exact"": false, ""masked_hash"": ""c51bbf49cdf3758f"", ""full_hash"": ""33aa4f90778fde64"", ""sources"": [""v4.3/LIBGPU/SYS"", ""v4.4/LIBGPU/SYS"", ""v4.6/LIBGPU/SYS"", ""v4.7/LIBGPU/SYS""]}]","[""0x8006F89C"", ""0x8007A994"", ""0x8007B010""]",Broad immediate masking; semantic identity/version NOT proven. No HLE replacement enabled.
DUNE.EXE,0x8007E778,libgpu_GetODE,libgpu,LIKELY,"[{""size"": 48, ""mode"": ""masked"", ""exact"": false, ""masked_hash"": ""da6a03bbc6d16361"", ""full_hash"": ""4c2268176ea19c46"", ""sources"": [""v4.0/LIBGPU/SYS"", ""v4.0_usa/LIBGPU/SYS"", ""v4.1/LIBGPU/SYS"", ""v4.3/LIBGPU/SYS"", ""v4.4/LIBGPU/SYS"", ""v4.6/LIBGPU/SYS"", ""v4.7/LIBGPU/SYS""]}]",[],Broad immediate masking; semantic identity/version NOT proven. No HLE replacement enabled.
DUNE.EXE,0x8007E7A8,libgpu_SetDrawArea,libgpu,LIKELY,"[{""size"": 128, ""mode"": ""masked"", ""exact"": false, ""masked_hash"": ""55b03ff7130fb1df"", ""full_hash"": ""8e7783949678e9a0"", ""sources"": [""v4.1/LIBGPU/SYS"", ""v4.3/LIBGPU/SYS"", ""v4.4/LIBGPU/SYS"", ""v4.6/LIBGPU/SYS"", ""v4.7/LIBGPU/SYS""]}]",[],Broad immediate masking; semantic identity/version NOT proven. No HLE replacement enabled.
DUNE.EXE,0x8007E828,libgpu_SetDrawOffset,libgpu,LIKELY,"[{""size"": 64, ""mode"": ""masked"", ""exact"": false, ""masked_hash"": ""e6b6d2a80e997e92"", ""full_hash"": ""eb8e7b3e1df08f1e"", ""sources"": [""v4.1/LIBGPU/SYS"", ""v4.3/LIBGPU/SYS"", ""v4.4/LIBGPU/SYS"", ""v4.6/LIBGPU/SYS"", ""v4.7/LIBGPU/SYS""]}]",[],Broad immediate masking; semantic identity/version NOT proven. No HLE replacement enabled.
DUNE.EXE,0x8007F760,libgpu__param,libgpu,LIKELY,"[{""size"": 48, ""mode"": ""masked"", ""exact"": false, ""masked_hash"": ""2dd804925ad943b0"", ""full_hash"": ""20d635d52513cba0"", ""sources"": [""v3.3/LIBGPU/SYS"", ""v3.5/LIBGPU/SYS"", ""v3.6/LIBGPU/SYS"", ""v3.6_dtls2002/LIBGPU/SYS"", ""v4.0/LIBGPU/SYS"", ""v4.0_usa/LIBGPU/SYS""]}]","[""0x8007EFB4""]",Broad immediate masking; semantic identity/version NOT proven. No HLE replacement enabled.
DUNE.EXE,0x8007F790,libgpu__addque,libgpu,LIKELY,"[{""size"": 36, ""mode"": ""masked"", ""exact"": false, ""masked_hash"": ""9f13e3974cafe67e"", ""full_hash"": ""46a78153176314ac"", ""sources"": [""v3.3/LIBGPU/SYS"", ""v3.5/LIBGPU/SYS"", ""v3.6/LIBGPU/SYS"", ""v3.6_dtls2002/LIBGPU/SYS"", ""v4.0/LIBGPU/SYS"", ""v4.0_usa/LIBGPU/SYS""]}]",[],Broad immediate masking; semantic identity/version NOT proven. No HLE replacement enabled.
DUNE.EXE,0x8007FF50,libgpu_set_alarm,libgpu,LIKELY,"[{""size"": 52, ""mode"": ""masked"", ""exact"": false, ""masked_hash"": ""719153d7f355a191"", ""full_hash"": ""312486b850ed0cd6"", ""sources"": [""v3.3/LIBGPU/SYS"", ""v3.5/LIBGPU/SYS"", ""v3.6/LIBGPU/SYS"", ""v3.6_dtls2002/LIBGPU/SYS"", ""v4.0/LIBGPU/SYS"", ""v4.0_usa/LIBGPU/SYS""]}]","[""0x8007EED4"", ""0x8007F1E4"", ""0x8007F420"", ""0x8007F7B4"", ""0x8007FE14""]",Broad immediate masking; semantic identity/version NOT proven. No HLE replacement enabled.
DUNE.EXE,0x80080340,libgpu_MoveImage2,libgpu,LIKELY,"[{""size"": 324, ""mode"": ""masked"", ""exact"": false, ""masked_hash"": ""9bfc08d655647d33"", ""full_hash"": ""18070e4ff37a5ab1"", ""sources"": [""v4.1/LIBGPU/SYS"", ""v4.3/LIBGPU/SYS"", ""v4.4/LIBGPU/SYS"", ""v4.6/LIBGPU/SYS"", ""v4.7/LIBGPU/SYS""]}]",[],Broad immediate masking; semantic identity/version NOT proven. No HLE replacement enabled.
DUNE.EXE,0x80080484,libgpu_DrawOTag2,libgpu,LIKELY,"[{""size"": 252, ""mode"": ""masked"", ""exact"": false, ""masked_hash"": ""14a6ca5e51d84cd1"", ""full_hash"": ""bfc6ca88d336a463"", ""sources"": [""v4.4/LIBGPU/SYS"", ""v4.6/LIBGPU/SYS"", ""v4.7/LIBGPU/SYS""]}]",[],Broad immediate masking; semantic identity/version NOT proven. No HLE replacement enabled.
DUNE.EXE,0x800805D0,libapi_GPU_cw,libapi,CONFIRMED,"[{""size"": 16, ""mode"": ""full"", ""exact"": true, ""masked_hash"": ""2677dd5b4382d7b0"", ""full_hash"": ""7c2333e325be8e69"", ""sources"": [""v3.3/LIBAPI/C73"", ""v3.5/LIBAPI/C73"", ""v3.6/LIBAPI/C73"", ""v3.6_dtls2002/LIBAPI/C73"", ""v4.0/LIBAPI/C73"", ""v4.0_usa/LIBAPI/C73"", ""v4.1/LIBAPI/C73"", ""v4.3/LIBAPI/C73"", ""v4.4/LIBAPI/C73"", ""v4.6/LIBAPI/C73"", ""v4.7/LIBAPI/C73""]}]","[""0x8007D6A0""]",Exact signature bytes
DUNE.EXE,0x800805F0,libgpu_ReadTIM,libgpu,LIKELY,"[{""size"": 100, ""mode"": ""masked"", ""exact"": false, ""masked_hash"": ""c58c61d061e633f3"", ""full_hash"": ""a0fb8e20bc689be1"", ""sources"": [""v4.1/LIBGPU/TMD"", ""v4.3/LIBGPU/TMD"", ""v4.4/LIBGPU/TMD""]}]","[""0x800643D0""]",Broad immediate masking; semantic identity/version NOT proven. No HLE replacement enabled.
DUNE.EXE,0x80080654,libgpu_OpenTMD,libgpu,LIKELY,"[{""size"": 64, ""mode"": ""masked"", ""exact"": false, ""masked_hash"": ""99b39fd955576db3"", ""full_hash"": ""ef0cea9b30dd8682"", ""sources"": [""v3.3/LIBGPU/TMD"", ""v3.5/LIBGPU/TMD"", ""v3.6/LIBGPU/TMD"", ""v3.6_dtls2002/LIBGPU/TMD"", ""v4.0/LIBGPU/TMD"", ""v4.0_usa/LIBGPU/TMD"", ""v4.1/LIBGPU/TMD"", ""v4.3/LIBGPU/TMD"", ""v4.4/LIBGPU/TMD"", ""v4.6/LIBGPU/T01"", ""v4.7/LIBGPU/T01""]}]",[],Broad immediate masking; semantic identity/version NOT proven. No HLE replacement enabled.
DUNE.EXE,0x80081E60,libgpu_AddPrim,libgpu,CONFIRMED,"[{""size"": 60, ""mode"": ""masked"", ""exact"": true, ""masked_hash"": ""aad3c867694f74be"", ""full_hash"": ""1c2e33c9e0ddfcd5"", ""sources"": [""v3.3/LIBGPU/PRIM"", ""v3.5/LIBGPU/PRIM"", ""v3.6/LIBGPU/PRIM"", ""v3.6_dtls2002/LIBGPU/PRIM"", ""v4.0/LIBGPU/PRIM"", ""v4.0_usa/LIBGPU/PRIM"", ""v4.1/LIBGPU/PRIM""]}, {""size"": 64, ""mode"": ""masked"", ""exact"": true, ""masked_hash"": ""f93f2d13f3342781"", ""full_hash"": ""b50e8398dbadd05d"", ""sources"": [""v4.3/LIBGPU/P06"", ""v4.4/LIBGPU/P06"", ""v4.6/LIBGPU/P06"", ""v4.7/LIBGPU/P06""]}]","[""0x8007AD38""]",Exact signature bytes
DUNE.EXE,0x80082FD0,libapi_AddDrv,libapi,CONFIRMED,"[{""size"": 16, ""mode"": ""full"", ""exact"": true, ""masked_hash"": ""2677dd5b4382d7b0"", ""full_hash"": ""2a3cfb5e7595241c"", ""sources"": [""v3.3/LIBAPI/A71"", ""v3.5/LIBAPI/A71"", ""v3.6/LIBAPI/A71"", ""v3.6_dtls2002/LIBAPI/A71"", ""v4.0/LIBAPI/A71"", ""v4.0_usa/LIBAPI/A71"", ""v4.1/LIBAPI/A71"", ""v4.3/LIBAPI/A71"", ""v4.4/LIBAPI/A71"", ""v4.6/LIBAPI/A71"", ""v4.7/LIBAPI/A71""]}]","[""0x80081EA0""]",Exact signature bytes
DUNE.EXE,0x80082FE0,libapi_DelDrv,libapi,CONFIRMED,"[{""size"": 16, ""mode"": ""full"", ""exact"": true, ""masked_hash"": ""2677dd5b4382d7b0"", ""full_hash"": ""4e836153b29f6e39"", ""sources"": [""v3.3/LIBAPI/A72"", ""v3.5/LIBAPI/A72"", ""v3.6/LIBAPI/A72"", ""v3.6_dtls2002/LIBAPI/A72"", ""v4.0/LIBAPI/A72"", ""v4.0_usa/LIBAPI/A72"", ""v4.1/LIBAPI/A72"", ""v4.3/LIBAPI/A72"", ""v4.4/LIBAPI/A72"", ""v4.6/LIBAPI/A72"", ""v4.7/LIBAPI/A72""]}]","[""0x80081EE4""]",Exact signature bytes
DUNE.EXE,0x80082FF0,libapi_SysEnqIntRP,libapi,CONFIRMED,"[{""size"": 16, ""mode"": ""full"", ""exact"": true, ""masked_hash"": ""2677dd5b4382d7b0"", ""full_hash"": ""0793f55754cc3198"", ""sources"": [""v3.3/LIBAPI/L02"", ""v3.5/LIBAPI/L02"", ""v3.6/LIBAPI/L02"", ""v3.6_dtls2002/LIBAPI/L02"", ""v4.0/LIBAPI/L02"", ""v4.0_usa/LIBAPI/L02"", ""v4.1/LIBAPI/L02"", ""v4.3/LIBAPI/L02"", ""v4.4/LIBAPI/L02"", ""v4.6/LIBAPI/L02"", ""v4.7/LIBAPI/L02""]}]","[""0x80082D44"", ""0x80083820""]",Exact signature bytes
DUNE.EXE,0x80083000,libapi_SysDeqIntRP,libapi,CONFIRMED,"[{""size"": 16, ""mode"": ""full"", ""exact"": true, ""masked_hash"": ""2677dd5b4382d7b0"", ""full_hash"": ""fef767267a3f3723"", ""sources"": [""v3.3/LIBAPI/L03"", ""v3.5/LIBAPI/L03"", ""v3.6/LIBAPI/L03"", ""v3.6_dtls2002/LIBAPI/L03"", ""v4.0/LIBAPI/L03"", ""v4.0_usa/LIBAPI/L03"", ""v4.1/LIBAPI/L03"", ""v4.3/LIBAPI/L03"", ""v4.4/LIBAPI/L03"", ""v4.6/LIBAPI/L03"", ""v4.7/LIBAPI/L03""]}]","[""0x80082D44"", ""0x80082E48"", ""0x80083820"", ""0x800838EC""]",Exact signature bytes
DUNE.EXE,0x80086260,libapi_OpenEvent,libapi,CONFIRMED,"[{""size"": 16, ""mode"": ""full"", ""exact"": true, ""masked_hash"": ""2677dd5b4382d7b0"", ""full_hash"": ""aa2854c7ca749898"", ""sources"": [""v3.3/LIBAPI/A08"", ""v3.5/LIBAPI/A08"", ""v3.6/LIBAPI/A08"", ""v3.6_dtls2002/LIBAPI/A08"", ""v4.0/LIBAPI/A08"", ""v4.0_usa/LIBAPI/A08"", ""v4.1/LIBAPI/A08"", ""v4.3/LIBAPI/A08"", ""v4.4/LIBAPI/A08"", ""v4.6/LIBAPI/A08"", ""v4.7/LIBAPI/A08""]}]","[""0x800861E8""]",Exact signature bytes
DUNE.EXE,0x80086270,libapi_EnableEvent,libapi,CONFIRMED,"[{""size"": 16, ""mode"": ""full"", ""exact"": true, ""masked_hash"": ""2677dd5b4382d7b0"", ""full_hash"": ""9aa900f79f4f3f07"", ""sources"": [""v3.3/LIBAPI/A12"", ""v3.5/LIBAPI/A12"", ""v3.6/LIBAPI/A12"", ""v3.6_dtls2002/LIBAPI/A12"", ""v4.0/LIBAPI/A12"", ""v4.0_usa/LIBAPI/A12"", ""v4.1/LIBAPI/A12"", ""v4.3/LIBAPI/A12"", ""v4.4/LIBAPI/A12"", ""v4.6/LIBAPI/A12"", ""v4.7/LIBAPI/A12""]}]","[""0x800861E8""]",Exact signature bytes
DUNE.EXE,0x80086DC0,libcd_CdDataCallback,libcd,LIKELY,"[{""size"": 36, ""mode"": ""masked"", ""exact"": false, ""masked_hash"": ""988f7deefdfa4efa"", ""full_hash"": ""0e16250339b24362"", ""sources"": [""v4.0/LIBCD/SYS"", ""v4.0_usa/LIBCD/SYS"", ""v4.1/LIBCD/SYS"", ""v4.3/LIBCD/SYS"", ""v4.4/LIBCD/SYS""]}, {""size"": 48, ""mode"": ""masked"", ""exact"": false, ""masked_hash"": ""c810c25b17c6f067"", ""full_hash"": ""b403413dac49a1bc"", ""sources"": [""v4.6/LIBCD/S_023""]}]","[""0x800861E8""]",Broad immediate masking; semantic identity/version NOT proven. No HLE replacement enabled.
DUNE.EXE,0x800878C0,libapi_TestEvent,libapi,CONFIRMED,"[{""size"": 16, ""mode"": ""full"", ""exact"": true, ""masked_hash"": ""2677dd5b4382d7b0"", ""full_hash"": ""310222cdbb94b7d9"", ""sources"": [""v3.3/LIBAPI/A11"", ""v3.5/LIBAPI/A11"", ""v3.6/LIBAPI/A11"", ""v3.6_dtls2002/LIBAPI/A11"", ""v4.0/LIBAPI/A11"", ""v4.0_usa/LIBAPI/A11"", ""v4.1/LIBAPI/A11"", ""v4.3/LIBAPI/A11"", ""v4.4/LIBAPI/A11"", ""v4.6/LIBAPI/A11"", ""v4.7/LIBAPI/A11""]}]","[""0x80087810""]",Exact signature bytes
